# Blender 5.1.1
# www.blender.org
mtllib archuzi.mtl
o 103214193865559
v 0.685898 -0.047097 0.138328
v 0.642012 0.026324 0.115768
v 0.693653 -0.047985 0.120353
v 0.649767 0.025435 0.097793
v 0.627131 0.089892 0.106206
v 0.634886 0.089003 0.088231
v 0.851873 -0.117570 0.213415
v 0.780174 -0.104408 0.181833
v 0.859628 -0.118459 0.195440
v 0.787929 -0.105297 0.163858
v 0.730225 -0.089777 0.159561
v 0.737980 -0.090666 0.141585
v 0.711221 -0.079096 0.150834
v 0.718975 -0.079984 0.132859
v 0.685898 -0.047097 0.138328
v 0.693653 -0.047985 0.120353
v 1.120809 0.381150 0.311657
v 1.264480 0.409164 0.337169
v 1.133546 0.379692 0.282138
v 1.251745 0.410622 0.366689
v 1.373046 0.439372 0.382513
v 1.360310 0.440830 0.412034
v 0.870010 0.341175 0.205434
v 0.882746 0.339716 0.175914
v 0.800599 0.296192 0.177711
v 0.813334 0.294733 0.148191
v 0.974866 -0.024071 0.238846
v 1.073272 0.005815 0.279823
v 0.965916 -0.023046 0.259591
v 1.064322 0.006840 0.300569
v 0.894379 -0.037042 0.229421
v 0.903329 -0.038067 0.208675
v 0.864368 -0.035980 0.216421
v 0.873318 -0.037005 0.195675
v 0.814680 -0.012374 0.193818
v 0.823630 -0.013399 0.173072
v 0.814680 -0.012374 0.193818
v 0.718756 0.050975 0.149304
v 0.727706 0.049950 0.128559
v 0.665112 0.120757 0.122713
v 0.674062 0.119732 0.101968
v 0.730269 0.177970 0.147995
v 0.739219 0.176945 0.127251
v 0.665112 0.120757 0.122713
v 0.674062 0.119732 0.101968
v 0.785811 0.222996 0.171577
v 0.753168 0.166177 0.131957
v 0.742879 0.167355 0.155805
v 0.796100 0.221818 0.147729
v 0.813334 0.294733 0.148191
v 0.794887 0.219238 0.143963
v 0.800599 0.296192 0.177711
v 0.782152 0.220697 0.173483
v 0.584567 0.135419 0.074912
v 0.513308 0.078746 0.009023
v 0.523158 0.123327 0.049016
v 0.611083 0.086422 0.050825
v 0.627896 0.150016 0.092883
v 0.664710 0.106050 0.072991
v 0.741724 0.169503 0.107334
v 0.699610 0.200073 0.121348
v 0.751028 0.274815 0.139837
v 0.699610 0.200073 0.121348
v 0.800191 0.256001 0.128284
v 0.806152 0.345445 0.160129
v 0.835951 0.304676 0.141305
v 0.915731 0.373762 0.206004
v 0.930847 0.353424 0.196641
v 1.012536 0.369988 0.247954
v 0.627896 0.150016 0.092883
v 0.583536 0.089577 0.114678
v 0.637163 0.109205 0.136843
v 0.717264 0.172304 0.164030
v 0.699610 0.200073 0.121348
v 0.584567 0.135419 0.074912
v 0.485761 0.081901 0.072874
v 0.523158 0.123327 0.049016
v 0.751028 0.274815 0.139837
v 0.699610 0.200073 0.121348
v 0.775731 0.258802 0.184980
v 0.806152 0.345445 0.160129
v 0.811491 0.307478 0.198003
v 0.915731 0.373762 0.206004
v 0.918586 0.354829 0.225061
v 1.012536 0.369988 0.247954
v 1.036557 0.194219 0.281175
v 1.244812 0.161917 0.344272
v 1.046846 0.193040 0.257328
v 1.234524 0.163095 0.368120
v 0.785811 0.222996 0.171577
v 0.796100 0.221818 0.147729
v 1.234524 0.163095 0.368120
v 1.147629 0.103843 0.333559
v 1.244812 0.161917 0.344272
v 1.157918 0.102664 0.309712
v 1.082416 0.068126 0.307190
v 1.092705 0.066948 0.283343
v 1.053225 0.059745 0.295010
v 1.063513 0.058567 0.271163
v 0.999113 0.066669 0.271324
v 1.009402 0.065490 0.247476
v 0.889948 0.096962 0.222731
v 0.900236 0.095784 0.198883
v 0.742879 0.167355 0.155805
v 0.753168 0.166177 0.131957
v 0.794887 0.219238 0.143963
v 0.882746 0.339716 0.175914
v 0.973567 0.209660 0.221522
v 0.813334 0.294733 0.148191
v 1.133546 0.379692 0.282138
v 1.076067 0.212884 0.265582
v 1.186097 0.253728 0.311033
v 1.264480 0.409164 0.337169
v 1.233156 0.288368 0.329623
v 1.302552 0.354100 0.356314
v 1.373046 0.439372 0.382513
v 0.960831 0.211119 0.251041
v 0.870010 0.341175 0.205434
v 0.782152 0.220697 0.173483
v 0.800599 0.296192 0.177711
v 1.120809 0.381150 0.311657
v 1.063332 0.214343 0.295102
v 1.173361 0.255187 0.340553
v 1.251745 0.410622 0.366689
v 1.220421 0.289827 0.359144
v 1.289816 0.355558 0.385835
v 1.360310 0.440830 0.412034
v 1.046846 0.193040 0.257328
v 1.063513 0.058567 0.271163
v 1.009402 0.065490 0.247476
v 1.092705 0.066948 0.283343
v 1.157918 0.102664 0.309712
v 1.244812 0.161917 0.344272
v 0.900236 0.095784 0.198883
v 0.796100 0.221818 0.147729
v 0.753168 0.166177 0.131957
v 1.036557 0.194219 0.281175
v 1.147629 0.103843 0.333559
v 1.234524 0.163095 0.368120
v 1.082416 0.068126 0.307190
v 1.053225 0.059745 0.295010
v 0.999113 0.066669 0.271324
v 0.889948 0.096962 0.222731
v 0.785811 0.222996 0.171577
v 0.742879 0.167355 0.155805
v 0.727706 0.049950 0.128559
v 0.739219 0.176945 0.127251
v 0.893019 0.097757 0.197516
v 0.674062 0.119732 0.101968
v 0.823630 -0.013399 0.173072
v 0.873318 -0.037005 0.195675
v 0.903329 -0.038067 0.208675
v 0.974866 -0.024071 0.238846
v 1.073272 0.005815 0.279823
v 0.884069 0.098782 0.218261
v 0.718756 0.050975 0.149304
v 0.814680 -0.012374 0.193818
v 0.864368 -0.035980 0.216421
v 0.894379 -0.037042 0.229421
v 0.965916 -0.023046 0.259591
v 1.064322 0.006840 0.300569
v 0.730269 0.177970 0.147995
v 0.665112 0.120757 0.122713
v 0.769542 0.001754 0.150636
v 0.737980 -0.090666 0.141585
v 0.718975 -0.079984 0.132859
v 0.787929 -0.105297 0.163858
v 0.859628 -0.118459 0.195440
v 0.693653 -0.047985 0.120353
v 0.649767 0.025435 0.097793
v 0.692883 0.104808 0.112471
v 0.634886 0.089003 0.088231
v 0.780174 -0.104408 0.181833
v 0.761788 0.002642 0.168611
v 0.730225 -0.089777 0.159561
v 0.851873 -0.117570 0.213415
v 0.711221 -0.079096 0.150834
v 0.685898 -0.047097 0.138328
v 0.642012 0.026324 0.115768
v 0.685129 0.105696 0.130446
v 0.627131 0.089892 0.106206
v 0.627131 0.089892 0.106206
v 0.685129 0.105696 0.130446
v 0.692883 0.104808 0.112471
v 0.634886 0.089003 0.088231
v 1.360310 0.440830 0.412034
v 1.302552 0.354100 0.356314
v 1.373046 0.439372 0.382513
v 1.289816 0.355558 0.385835
v 1.220421 0.289827 0.359144
v 1.233156 0.288368 0.329623
v 1.173361 0.255187 0.340553
v 1.186097 0.253728 0.311033
v 1.063332 0.214343 0.295102
v 1.076067 0.212884 0.265582
v 0.960831 0.211119 0.251041
v 0.973567 0.209660 0.221522
v 0.782152 0.220697 0.173483
v 0.794887 0.219238 0.143963
v 0.884069 0.098782 0.218261
v 1.073272 0.005815 0.279823
v 0.893019 0.097757 0.197516
v 1.064322 0.006840 0.300569
v 0.730269 0.177970 0.147995
v 0.739219 0.176945 0.127251
v 0.583536 0.089577 0.114678
v 0.475910 0.037322 0.032882
v 0.610052 0.040581 0.090591
v 0.485761 0.081901 0.072874
v 0.673976 0.065240 0.116952
v 0.637163 0.109205 0.136843
v 0.717264 0.172304 0.164030
v 0.759377 0.141734 0.150016
v 0.775731 0.258802 0.184980
v 0.824895 0.239990 0.173426
v 0.811491 0.307478 0.198003
v 0.841291 0.266708 0.179179
v 0.918586 0.354829 0.225061
v 0.933702 0.334491 0.215698
v 1.012536 0.369988 0.247954
v 0.611083 0.086422 0.050825
v 0.475910 0.037322 0.032882
v 0.513308 0.078746 0.009023
v 0.610052 0.040581 0.090591
v 0.673976 0.065240 0.116952
v 0.664710 0.106050 0.072991
v 0.741724 0.169503 0.107334
v 0.759377 0.141734 0.150016
v 0.800191 0.256001 0.128284
v 0.824895 0.239990 0.173426
v 0.835951 0.304676 0.141305
v 0.841291 0.266708 0.179179
v 0.930847 0.353424 0.196641
v 0.933702 0.334491 0.215698
v 1.012536 0.369988 0.247954
v 0.761788 0.002642 0.168611
v 0.859628 -0.118459 0.195440
v 0.769542 0.001754 0.150636
v 0.851873 -0.117570 0.213415
v 0.685129 0.105696 0.130446
v 0.692883 0.104808 0.112471
vn -0.7391 -0.6087 -0.2883
vn -0.8452 -0.4092 -0.3439
vn -0.7392 -0.6087 -0.2883
vn -0.8902 -0.2642 -0.3710
vn -0.1698 -0.9852 -0.0249
vn -0.2113 -0.9765 -0.0434
vn -0.1700 -0.9851 -0.0246
vn -0.2112 -0.9765 -0.0434
vn -0.3432 -0.9337 -0.1024
vn -0.3431 -0.9337 -0.1024
vn -0.5754 -0.7905 -0.2097
vn -0.5755 -0.7905 -0.2098
vn -0.7391 -0.6088 -0.2883
vn -0.1425 0.9837 -0.1101
vn -0.1902 0.9731 -0.1301
vn -0.1428 0.9836 -0.1099
vn -0.2112 0.9675 -0.1389
vn -0.2111 0.9676 -0.1384
vn -0.3175 0.9305 -0.1824
vn -0.4586 0.8556 -0.2401
vn 0.1898 -0.9732 0.1295
vn 0.2311 -0.9618 0.1469
vn 0.1898 -0.9733 0.1295
vn 0.2313 -0.9617 0.1468
vn 0.0558 -0.9958 0.0727
vn -0.2049 -0.9779 -0.0406
vn -0.4346 -0.8890 -0.1442
vn -0.4347 -0.8889 -0.1442
vn -0.6053 -0.7638 -0.2239
vn -0.4348 -0.8889 -0.1442
vn -0.6053 -0.7639 -0.2239
vn -0.7092 -0.6496 -0.2739
vn -0.7095 -0.6494 -0.2737
vn -0.5683 0.7725 -0.2834
vn -0.6987 0.6334 -0.3327
vn -0.8874 0.2390 -0.3941
vn -0.8874 0.2390 -0.3943
vn -0.8873 0.2389 -0.3946
vn 0.2202 0.5507 -0.8051
vn 0.2577 0.5765 -0.7754
vn 0.2577 0.5766 -0.7753
vn 0.1994 0.5356 -0.8206
vn 0.1099 0.4843 -0.8680
vn 0.0898 0.4741 -0.8759
vn -0.0306 0.3779 -0.9253
vn -0.0319 0.3774 -0.9255
vn -0.1027 0.3209 -0.9415
vn -0.0307 0.3778 -0.9254
vn -0.0319 0.3773 -0.9255
vn -0.1031 0.3201 -0.9417
vn 0.0255 0.4265 -0.9041
vn 0.0260 0.4272 -0.9038
vn 0.2476 0.5501 -0.7976
vn 0.2700 0.5607 -0.7828
vn 0.3407 0.5898 -0.7322
vn -0.5374 0.5584 0.6320
vn -0.4396 0.6087 0.6604
vn -0.5571 0.5482 0.6238
vn -0.6792 0.4523 0.5780
vn -0.6802 0.4517 0.5773
vn -0.4134 0.6233 0.6638
vn -0.3652 0.6479 0.6685
vn -0.6793 0.4521 0.5781
vn -0.7425 0.3942 0.5416
vn -0.6803 0.4516 0.5773
vn -0.7430 0.3934 0.5414
vn -0.6235 0.5008 0.6004
vn -0.6229 0.5015 0.6004
vn -0.3893 0.6230 0.6784
vn -0.3628 0.6332 0.6837
vn -0.2766 0.6607 0.6978
vn 0.1309 0.9914 0.0079
vn 0.1487 0.9888 0.0153
vn 0.1309 0.9914 0.0078
vn 0.1486 0.9888 0.0159
vn 0.1140 0.9935 0.0001
vn 0.1140 0.9935 0.0004
vn 0.4768 -0.8435 0.2474
vn 0.4402 -0.8673 0.2323
vn 0.4401 -0.8674 0.2322
vn 0.3181 -0.9303 0.1827
vn 0.0687 -0.9946 0.0783
vn -0.1827 -0.9827 -0.0308
vn -0.3125 -0.9458 -0.0886
vn -0.3126 -0.9457 -0.0886
vn -0.3836 -0.9157 -0.1202
vn -0.3836 -0.9157 -0.1203
vn 0.3957 -0.0453 -0.9173
vn -0.3957 0.0453 0.9173
vn -0.3957 0.0453 0.9172
vn -0.2074 0.9687 -0.1367
vn -0.2072 0.9687 -0.1368
vn -0.2067 0.9688 -0.1370
vn -0.2071 0.9687 -0.1369
vn 0.6775 -0.6599 0.3249
vn 0.6376 -0.7055 0.3095
vn 0.6376 -0.7056 0.3092
vn 0.5516 -0.7869 0.2765
vn 0.5518 -0.7868 0.2764
vn 0.4066 -0.8871 0.2187
vn 0.4066 -0.8870 0.2188
vn 0.1612 -0.9799 0.1174
vn -0.0266 -0.9990 0.0371
vn -0.0273 -0.9989 0.0376
vn -0.0632 -0.9978 0.0218
vn -0.0631 -0.9978 0.0221
vn 0.4046 0.9052 0.1298
vn 0.4029 0.9060 0.1296
vn 0.4031 0.9060 0.1292
vn 0.4061 0.9045 0.1305
vn -0.2389 -0.5482 0.8015
vn -0.2996 -0.5749 0.7614
vn -0.2055 -0.5319 0.8215
vn -0.2997 -0.5749 0.7614
vn -0.0569 -0.4482 0.8921
vn -0.0838 -0.4652 0.8812
vn 0.0553 -0.3548 0.9333
vn 0.0558 -0.3540 0.9336
vn 0.1132 -0.3085 0.9445
vn 0.1126 -0.3071 0.9450
vn 0.0551 -0.3716 0.9268
vn 0.0488 -0.3767 0.9250
vn -0.0577 -0.4529 0.8897
vn -0.0865 -0.4689 0.8790
vn -0.1301 -0.4920 0.8608
vn 0.3981 -0.6212 -0.6750
vn 0.3262 -0.6467 -0.6895
vn 0.3263 -0.6466 -0.6895
vn 0.4361 -0.6054 -0.6658
vn 0.5925 -0.5226 -0.6131
vn 0.5654 -0.5396 -0.6238
vn 0.7028 -0.4289 -0.5676
vn 0.7033 -0.4281 -0.5675
vn 0.7523 -0.3817 -0.5370
vn 0.7523 -0.3804 -0.5379
vn 0.6973 -0.4451 -0.5618
vn 0.6915 -0.4503 -0.5648
vn 0.5900 -0.5271 -0.6116
vn 0.5618 -0.5432 -0.6239
vn 0.5175 -0.5670 -0.6408
vn 0.7174 0.6389 0.2779
vn 0.7164 0.6402 0.2774
vn 0.7184 0.6375 0.2784
vn 0.7188 0.6372 0.2781
vt 1.000000 0.000000
vt 1.000000 1.000000
vt 0.500000 0.000000
vt 0.500000 1.000000
vt 0.625000 0.500000
vt 0.375000 0.250000
vt 0.625000 0.250000
vt 0.375000 0.500000
vt 0.625000 0.750000
vt 0.875000 0.750000
vt 0.875000 0.500000
vt 0.375000 1.000000
vt 0.375000 0.750000
vt 0.625000 1.000000
vt 0.125000 0.750000
vt 0.125000 0.500000
s 1
f 1/1/1 2/1/2 3/2/3
f 4/2/2 3/2/3 2/1/2
f 4/2/2 2/1/2 5/1/4
f 6/2/4 4/2/2 5/1/4
f 7/1/5 8/1/6 9/2/7
f 10/2/8 9/2/7 8/1/6
f 10/2/8 8/1/6 11/1/9
f 12/2/10 10/2/8 11/1/9
f 12/2/10 11/1/9 13/1/11
f 14/2/12 12/2/10 13/1/11
f 14/2/12 13/1/11 15/1/13
f 16/2/13 14/2/12 15/1/13
f 17/1/14 18/2/15 19/2/16
f 18/2/15 17/1/14 20/1/15
f 20/1/15 21/2/17 18/2/15
f 21/2/17 20/1/15 22/1/18
f 23/3/19 17/1/14 19/2/16
f 23/3/19 19/2/16 24/4/19
f 24/4/19 25/3/20 23/3/19
f 25/3/20 24/4/19 26/4/20
f 27/2/21 28/2/22 29/1/23
f 28/2/22 30/1/24 29/1/23
f 27/2/21 29/1/23 31/1/25
f 32/2/25 27/2/21 31/1/25
f 32/2/25 31/1/25 33/1/26
f 34/2/26 32/2/25 33/1/26
f 34/2/26 33/1/26 35/1/27
f 36/2/27 34/2/26 35/1/27
f 37/1/28 38/1/29 36/2/30
f 39/2/31 36/2/30 38/1/29
f 38/1/29 40/1/32 39/2/31
f 41/2/33 39/2/31 40/1/32
f 42/1/34 43/2/34 44/1/34
f 43/2/34 45/2/34 44/1/34
f 46/1/35 47/2/35 48/1/35
f 47/2/35 46/1/35 49/2/35
f 50/4/36 51/2/36 52/3/37
f 51/2/36 53/1/38 52/3/37
f 54/5/39 55/6/40 56/7/41
f 55/6/40 54/5/39 57/8/42
f 57/8/42 54/5/39 58/5/43
f 57/8/42 58/5/43 59/8/44
f 58/5/43 60/8/45 59/8/44
f 60/8/45 58/5/43 61/5/46
f 62/5/47 60/8/48 63/5/49
f 62/5/47 64/8/50 60/8/48
f 65/5/51 64/8/50 62/5/47
f 65/5/51 66/8/52 64/8/50
f 65/5/51 67/5/53 66/8/52
f 66/8/52 67/5/53 68/8/54
f 68/8/54 67/5/53 69/8/55
f 70/5/56 71/9/57 72/9/58
f 73/9/59 70/5/56 72/9/58
f 73/9/59 74/5/60 70/5/56
f 71/9/57 70/5/56 75/5/61
f 71/9/57 75/5/61 76/10/62
f 75/5/61 77/11/62 76/10/62
f 73/9/63 78/5/64 79/5/65
f 78/5/64 73/9/63 80/9/66
f 80/9/66 81/5/67 78/5/64
f 81/5/67 80/9/66 82/9/68
f 82/9/68 83/5/69 81/5/67
f 83/5/69 82/9/68 84/9/70
f 83/5/69 84/9/70 85/5/71
f 86/1/72 87/2/73 88/2/74
f 87/2/73 86/1/72 89/1/75
f 88/2/74 90/1/76 86/1/72
f 90/1/76 88/2/74 91/2/77
f 92/1/78 93/1/79 94/2/78
f 94/2/78 93/1/79 95/2/80
f 93/1/79 96/1/81 95/2/80
f 95/2/80 96/1/81 97/2/81
f 97/2/81 96/1/81 98/1/82
f 98/1/82 99/2/82 97/2/81
f 99/2/82 98/1/82 100/1/83
f 101/2/83 99/2/82 100/1/83
f 100/1/83 102/1/84 101/2/83
f 103/2/85 101/2/83 102/1/84
f 102/1/84 104/1/86 103/2/85
f 105/2/87 103/2/85 104/1/86
f 106/2/88 107/4/88 108/2/88
f 107/4/88 106/2/88 109/4/88
f 108/2/88 107/4/88 110/2/88
f 108/2/88 110/2/88 111/2/88
f 110/2/88 112/2/88 111/2/88
f 112/2/88 110/2/88 113/2/88
f 112/2/88 113/2/88 114/2/88
f 114/2/88 113/2/88 115/2/88
f 115/2/88 113/2/88 116/2/88
f 117/1/89 118/3/89 119/1/89
f 119/1/89 118/3/89 120/3/90
f 118/3/89 117/1/89 121/1/89
f 122/1/89 121/1/89 117/1/89
f 121/1/89 122/1/89 123/1/89
f 123/1/89 124/1/90 121/1/89
f 124/1/90 123/1/89 125/1/89
f 124/1/90 125/1/89 126/1/90
f 126/1/90 127/1/90 124/1/90
f 128/2/88 129/2/88 130/2/88
f 129/2/88 128/2/88 131/2/88
f 131/2/88 128/2/88 132/2/88
f 132/2/88 128/2/88 133/2/88
f 128/2/88 130/2/88 134/2/88
f 134/2/88 135/2/88 128/2/88
f 135/2/88 134/2/88 136/2/88
f 137/1/89 138/1/89 139/1/89
f 137/1/89 140/1/90 138/1/89
f 137/1/89 141/1/89 140/1/90
f 141/1/89 137/1/89 142/1/89
f 142/1/89 137/1/89 143/1/89
f 143/1/89 137/1/89 144/1/89
f 143/1/89 144/1/89 145/1/89
f 146/2/88 147/2/88 148/2/88
f 147/2/88 146/2/88 149/2/88
f 148/2/88 150/2/88 146/2/88
f 148/2/88 151/2/88 150/2/88
f 151/2/88 148/2/88 152/2/88
f 152/2/88 148/2/88 153/2/88
f 153/2/88 148/2/88 154/2/88
f 155/1/89 156/1/89 157/1/89
f 158/1/89 155/1/89 157/1/89
f 155/1/89 158/1/89 159/1/89
f 155/1/89 159/1/89 160/1/89
f 160/1/89 161/1/89 155/1/89
f 156/1/89 155/1/89 162/1/89
f 156/1/89 162/1/89 163/1/89
f 164/2/88 165/2/88 166/2/88
f 165/2/88 164/2/88 167/2/88
f 167/2/88 164/2/88 168/2/88
f 169/2/88 164/2/88 166/2/88
f 170/2/88 164/2/88 169/2/88
f 164/2/88 170/2/88 171/2/88
f 171/2/88 170/2/88 172/2/88
f 173/1/89 174/1/89 175/1/90
f 176/1/89 174/1/89 173/1/89
f 174/1/89 177/1/90 175/1/90
f 174/1/89 178/1/89 177/1/90
f 178/1/89 174/1/89 179/1/89
f 179/1/89 174/1/89 180/1/89
f 179/1/89 180/1/89 181/1/89
f 182/1/91 183/1/92 184/2/93
f 182/1/91 184/2/93 185/2/94
f 186/1/95 187/2/96 188/2/95
f 187/2/96 186/1/95 189/1/97
f 189/1/97 190/1/98 187/2/96
f 187/2/96 190/1/98 191/2/99
f 191/2/99 190/1/98 192/1/100
f 191/2/99 192/1/100 193/2/101
f 192/1/100 194/1/102 193/2/101
f 193/2/101 194/1/102 195/2/102
f 195/2/102 194/1/102 196/1/103
f 197/2/104 195/2/102 196/1/103
f 196/1/103 198/1/105 197/2/104
f 199/2/106 197/2/104 198/1/105
f 200/1/107 201/2/108 202/2/107
f 201/2/108 200/1/107 203/1/109
f 202/2/107 204/1/110 200/1/107
f 204/1/110 202/2/107 205/2/110
f 206/9/111 207/12/112 208/13/113
f 207/12/112 206/9/111 209/14/114
f 210/13/115 206/9/111 208/13/113
f 210/13/115 211/9/116 206/9/111
f 210/13/115 212/9/117 211/9/116
f 212/9/117 210/13/115 213/13/118
f 213/13/118 214/9/119 212/9/117
f 214/9/119 213/13/118 215/13/120
f 215/13/120 216/9/121 214/9/119
f 216/9/121 215/13/120 217/13/122
f 217/13/122 218/9/123 216/9/121
f 218/9/123 217/13/122 219/13/124
f 218/9/123 219/13/124 220/9/125
f 221/8/126 222/15/127 223/16/128
f 222/15/127 221/8/126 224/13/129
f 221/8/126 225/13/130 224/13/129
f 225/13/130 221/8/126 226/8/131
f 227/8/132 225/13/130 226/8/131
f 227/8/132 228/13/133 225/13/130
f 229/8/134 228/13/133 227/8/132
f 229/8/134 230/13/135 228/13/133
f 231/8/136 230/13/135 229/8/134
f 231/8/136 232/13/137 230/13/135
f 232/13/137 231/8/136 233/8/138
f 234/13/139 232/13/137 233/8/138
f 234/13/139 233/8/138 235/13/140
f 236/1/141 237/2/142 238/2/141
f 237/2/142 236/1/141 239/1/142
f 238/2/141 240/1/143 236/1/141
f 240/1/143 238/2/141 241/2/144
o 103214193865559.001
v 0.654178 -0.048435 -0.111174
v 0.609598 0.024999 -0.090231
v 0.645850 -0.048435 -0.128902
v 0.601270 0.024999 -0.107960
v 0.593775 0.088593 -0.082798
v 0.585447 0.088593 -0.100527
v 0.818998 -0.118840 -0.188601
v 0.748113 -0.105717 -0.155302
v 0.810669 -0.118840 -0.206329
v 0.739785 -0.105717 -0.173030
v 0.698632 -0.091110 -0.132057
v 0.690303 -0.091110 -0.149785
v 0.679711 -0.080435 -0.123168
v 0.671383 -0.080435 -0.140898
v 0.654178 -0.048435 -0.111174
v 0.645850 -0.048435 -0.128902
v 1.080011 0.380050 -0.304267
v 1.194805 0.409623 -0.393736
v 1.066334 0.380050 -0.333383
v 1.208484 0.409623 -0.364619
v 1.301223 0.439918 -0.443727
v 1.314901 0.439918 -0.414611
v 0.833631 0.339890 -0.188524
v 0.819953 0.339890 -0.217641
v 0.766061 0.294836 -0.156782
v 0.752383 0.294836 -0.185899
v 0.921258 -0.024257 -0.259948
v 1.017670 0.005709 -0.305240
v 0.930870 -0.024257 -0.239487
v 1.027283 0.005709 -0.284779
v 0.860640 -0.038308 -0.206495
v 0.851028 -0.038308 -0.226957
v 0.831052 -0.037264 -0.192595
v 0.821439 -0.037264 -0.213057
v 0.781663 -0.013677 -0.169395
v 0.772051 -0.013677 -0.189856
v 0.781663 -0.013677 -0.169395
v 0.685994 0.049645 -0.124452
v 0.676382 0.049645 -0.144914
v 0.631866 0.119432 -0.099025
v 0.622254 0.119432 -0.119486
v 0.695020 0.176719 -0.128693
v 0.685408 0.176719 -0.149153
v 0.631866 0.119432 -0.099025
v 0.622254 0.119432 -0.119486
v 0.750304 0.221730 -0.152796
v 0.697970 0.166030 -0.156922
v 0.709019 0.166030 -0.133401
v 0.739254 0.221730 -0.176316
v 0.752383 0.294836 -0.185899
v 0.735585 0.219288 -0.178007
v 0.766061 0.294836 -0.156782
v 0.749263 0.219288 -0.148891
v 0.543014 0.134559 -0.069773
v 0.445445 0.079379 -0.062376
v 0.482729 0.122421 -0.041453
v 0.541642 0.087122 -0.107566
v 0.585440 0.149192 -0.089703
v 0.594122 0.106796 -0.132219
v 0.672027 0.170158 -0.164510
v 0.655185 0.199324 -0.122468
v 0.704483 0.274141 -0.145627
v 0.655185 0.199324 -0.122468
v 0.728056 0.256742 -0.190831
v 0.757507 0.344847 -0.170535
v 0.762401 0.305468 -0.206965
v 0.864958 0.373250 -0.221011
v 0.867586 0.353610 -0.239354
v 0.960408 0.369537 -0.265852
v 0.585440 0.149192 -0.089703
v 0.571227 0.087122 -0.044589
v 0.623706 0.106796 -0.069242
v 0.698296 0.170158 -0.108589
v 0.655185 0.199324 -0.122468
v 0.543014 0.134559 -0.069773
v 0.475030 0.079379 0.000601
v 0.482729 0.122421 -0.041453
v 0.704483 0.274141 -0.145627
v 0.655185 0.199324 -0.122468
v 0.754326 0.256742 -0.134910
v 0.757507 0.344847 -0.170535
v 0.788671 0.305468 -0.151045
v 0.864958 0.373250 -0.221011
v 0.880754 0.353610 -0.211324
v 0.960408 0.369537 -0.265852
v 0.997887 0.193098 -0.269102
v 1.182460 0.162085 -0.384521
v 0.986837 0.193098 -0.292623
v 1.193510 0.162085 -0.361000
v 0.750304 0.221730 -0.152796
v 0.739254 0.221730 -0.176316
v 1.193510 0.162085 -0.361000
v 1.108974 0.102744 -0.321288
v 1.182460 0.162085 -0.384521
v 1.097925 0.102744 -0.344808
v 1.045373 0.066965 -0.291410
v 1.034323 0.066965 -0.314931
v 1.016763 0.058560 -0.277970
v 1.005713 0.058560 -0.301490
v 0.963321 0.065453 -0.252864
v 0.952272 0.065453 -0.276386
v 0.855209 0.095692 -0.202077
v 0.844159 0.095692 -0.225597
v 0.709019 0.166030 -0.133401
v 0.697970 0.166030 -0.156922
v 0.735585 0.219288 -0.178007
v 0.819953 0.339890 -0.217641
v 0.911811 0.209819 -0.260793
v 0.752383 0.294836 -0.185899
v 1.066334 0.380050 -0.333383
v 1.012745 0.213112 -0.308209
v 1.120410 0.254050 -0.358787
v 1.194805 0.409623 -0.393736
v 1.166146 0.288739 -0.380272
v 1.233321 0.354553 -0.411829
v 1.301223 0.439918 -0.443727
v 0.925489 0.209819 -0.231677
v 0.833631 0.339890 -0.188524
v 0.749263 0.219288 -0.148891
v 0.766061 0.294836 -0.156782
v 1.080011 0.380050 -0.304267
v 1.026423 0.213112 -0.279093
v 1.134089 0.254050 -0.329671
v 1.208484 0.409623 -0.364619
v 1.179824 0.288739 -0.351156
v 1.246999 0.354553 -0.382713
v 1.314901 0.439918 -0.414611
v 0.986837 0.193098 -0.292623
v 1.005713 0.058560 -0.301490
v 0.952272 0.065453 -0.276386
v 1.034323 0.066965 -0.314931
v 1.097925 0.102744 -0.344808
v 1.182460 0.162085 -0.384521
v 0.844159 0.095692 -0.225597
v 0.739254 0.221730 -0.176316
v 0.697970 0.166030 -0.156922
v 0.997887 0.193098 -0.269102
v 1.108974 0.102744 -0.321288
v 1.193510 0.162085 -0.361000
v 1.045373 0.066965 -0.291410
v 1.016763 0.058560 -0.277970
v 0.963321 0.065453 -0.252864
v 0.855209 0.095692 -0.202077
v 0.750304 0.221730 -0.152796
v 0.709019 0.166030 -0.133401
v 0.676382 0.049645 -0.144914
v 0.685408 0.176719 -0.149153
v 0.838392 0.097587 -0.221020
v 0.622254 0.119432 -0.119486
v 0.772051 -0.013677 -0.189856
v 0.821439 -0.037264 -0.213057
v 0.851028 -0.038308 -0.226957
v 0.921258 -0.024257 -0.259948
v 1.017670 0.005709 -0.305240
v 0.848004 0.097587 -0.200559
v 0.685994 0.049645 -0.124452
v 0.781663 -0.013677 -0.169395
v 0.831052 -0.037264 -0.192595
v 0.860640 -0.038308 -0.206495
v 0.930870 -0.024257 -0.239487
v 1.027283 0.005709 -0.284779
v 0.695020 0.176719 -0.128693
v 0.631866 0.119432 -0.099025
v 0.719714 0.001381 -0.163602
v 0.690303 -0.091110 -0.149785
v 0.671383 -0.080435 -0.140898
v 0.739785 -0.105717 -0.173030
v 0.810669 -0.118840 -0.206329
v 0.645850 -0.048435 -0.128902
v 0.601270 0.024999 -0.107960
v 0.642303 0.104444 -0.127236
v 0.585447 0.088593 -0.100527
v 0.748113 -0.105717 -0.155302
v 0.728043 0.001381 -0.145873
v 0.698632 -0.091110 -0.132057
v 0.818998 -0.118840 -0.188601
v 0.679711 -0.080435 -0.123168
v 0.654178 -0.048435 -0.111174
v 0.609598 0.024999 -0.090231
v 0.650632 0.104444 -0.109508
v 0.593775 0.088593 -0.082798
v 0.593775 0.088593 -0.082798
v 0.650632 0.104444 -0.109508
v 0.642303 0.104444 -0.127236
v 0.585447 0.088593 -0.100527
v 1.314901 0.439918 -0.414611
v 1.233321 0.354553 -0.411829
v 1.301223 0.439918 -0.443727
v 1.246999 0.354553 -0.382713
v 1.179824 0.288739 -0.351156
v 1.166146 0.288739 -0.380272
v 1.134089 0.254050 -0.329671
v 1.120410 0.254050 -0.358787
v 1.026423 0.213112 -0.279093
v 1.012745 0.213112 -0.308209
v 0.925489 0.209819 -0.231677
v 0.911811 0.209819 -0.260793
v 0.749263 0.219288 -0.148891
v 0.735585 0.219288 -0.178007
v 0.848004 0.097587 -0.200559
v 1.017670 0.005709 -0.305240
v 0.838392 0.097587 -0.221020
v 1.027283 0.005709 -0.284779
v 0.695020 0.176719 -0.128693
v 0.685408 0.176719 -0.149153
v 0.571227 0.087122 -0.044589
v 0.437745 0.036337 -0.020321
v 0.569854 0.039685 -0.082381
v 0.475030 0.079379 0.000601
v 0.632388 0.064399 -0.111758
v 0.623706 0.106796 -0.069242
v 0.698296 0.170158 -0.108589
v 0.715137 0.140992 -0.150631
v 0.754326 0.256742 -0.134910
v 0.777899 0.239344 -0.180114
v 0.788671 0.305468 -0.151045
v 0.793567 0.266089 -0.187475
v 0.880754 0.353610 -0.211324
v 0.883381 0.333969 -0.229667
v 0.960408 0.369537 -0.265852
v 0.541642 0.087122 -0.107566
v 0.437745 0.036337 -0.020321
v 0.445445 0.079379 -0.062376
v 0.569854 0.039685 -0.082381
v 0.632388 0.064399 -0.111758
v 0.594122 0.106796 -0.132219
v 0.672027 0.170158 -0.164510
v 0.715137 0.140992 -0.150631
v 0.728056 0.256742 -0.190831
v 0.777899 0.239344 -0.180114
v 0.762401 0.305468 -0.206965
v 0.793567 0.266089 -0.187475
v 0.867586 0.353610 -0.239354
v 0.883381 0.333969 -0.229667
v 0.960408 0.369537 -0.265852
v 0.728043 0.001381 -0.145873
v 0.810669 -0.118840 -0.206329
v 0.719714 0.001381 -0.163602
v 0.818998 -0.118840 -0.188601
v 0.650632 0.104444 -0.109508
v 0.642303 0.104444 -0.127236
vn -0.7171 -0.6098 0.3374
vn -0.8252 -0.4102 0.3883
vn -0.7172 -0.6098 0.3374
vn -0.8252 -0.4102 0.3882
vn -0.8726 -0.2648 0.4104
vn -0.1496 -0.9863 0.0699
vn -0.1908 -0.9776 0.0891
vn -0.1496 -0.9863 0.0698
vn -0.1910 -0.9775 0.0893
vn -0.3216 -0.9348 0.1505
vn -0.5532 -0.7917 0.2593
vn -0.5532 -0.7916 0.2594
vn -0.7170 -0.6100 0.3374
vn -0.1584 0.9846 0.0744
vn -0.2053 0.9739 0.0964
vn -0.1586 0.9845 0.0752
vn -0.2258 0.9684 0.1061
vn -0.3295 0.9313 0.1553
vn -0.4677 0.8562 0.2197
vn 0.2045 -0.9741 -0.0966
vn 0.2451 -0.9626 -0.1152
vn 0.2043 -0.9741 -0.0964
vn 0.0728 -0.9967 -0.0347
vn -0.1845 -0.9791 0.0861
vn -0.4126 -0.8902 0.1933
vn -0.4127 -0.8901 0.1933
vn -0.5830 -0.7651 0.2734
vn -0.5831 -0.7650 0.2734
vn -0.6873 -0.6507 0.3229
vn -0.6873 -0.6506 0.3232
vn -0.5743 0.7729 0.2698
vn -0.7003 0.6336 0.3290
vn -0.7004 0.6337 0.3285
vn -0.8790 0.2386 0.4129
vn -0.8787 0.2387 0.4133
vn -0.8786 0.2388 0.4136
vn -0.8787 0.2387 0.4135
vn -0.4464 0.5875 -0.6749
vn -0.3988 0.6128 -0.6822
vn -0.4721 0.5727 -0.6702
vn -0.5678 0.5217 -0.6367
vn -0.5872 0.5115 -0.6274
vn -0.7059 0.4152 -0.5738
vn -0.7069 0.4147 -0.5730
vn -0.7668 0.3577 -0.5330
vn -0.7673 0.3570 -0.5328
vn -0.6519 0.4639 -0.5998
vn -0.6513 0.4647 -0.5999
vn -0.4226 0.5871 -0.6904
vn -0.3965 0.5976 -0.6969
vn -0.3115 0.6260 -0.7149
vn 0.1275 0.5217 0.8435
vn 0.2144 0.5727 0.7912
vn 0.1079 0.5115 0.8525
vn -0.0090 0.4152 0.9097
vn -0.0102 0.4147 0.9099
vn 0.2345 0.5875 0.7745
vn 0.2705 0.6128 0.7425
vn -0.0091 0.4152 0.9097
vn -0.0794 0.3577 0.9305
vn -0.0798 0.3570 0.9307
vn 0.0455 0.4639 0.8847
vn 0.0459 0.4647 0.8843
vn 0.2615 0.5871 0.7661
vn 0.2833 0.5975 0.7501
vn 0.3514 0.6260 0.6962
vn 0.1114 0.9924 -0.0523
vn 0.1286 0.9899 -0.0604
vn 0.1291 0.9898 -0.0600
vn 0.0945 0.9945 -0.0441
vn 0.0946 0.9945 -0.0440
vn 0.4854 -0.8441 -0.2280
vn 0.4494 -0.8679 -0.2116
vn 0.4849 -0.8442 -0.2284
vn 0.3302 -0.9310 -0.1556
vn 0.0856 -0.9955 -0.0407
vn 0.0855 -0.9955 -0.0407
vn -0.1625 -0.9838 0.0759
vn -0.1625 -0.9838 0.0758
vn -0.2913 -0.9469 0.1362
vn -0.3613 -0.9170 0.1693
vn -0.3614 -0.9168 0.1698
vn -0.4252 -0.0000 -0.9051
vn 0.4252 -0.0000 0.9051
vn -0.2217 0.9695 0.1045
vn -0.2216 0.9695 0.1045
vn -0.2216 0.9695 0.1046
vn -0.2215 0.9696 0.1040
vn 0.6796 -0.6603 -0.3195
vn 0.6414 -0.7055 -0.3013
vn 0.6799 -0.6601 -0.3194
vn 0.6411 -0.7057 -0.3016
vn 0.5579 -0.7873 -0.2625
vn 0.4166 -0.8876 -0.1963
vn 0.4167 -0.8876 -0.1963
vn 0.1764 -0.9808 -0.0834
vn -0.0086 -1.0000 0.0041
vn -0.0444 -0.9988 0.0204
vn -0.0440 -0.9988 0.0207
vn 0.3823 0.9064 -0.1796
vn 0.3810 0.9072 -0.1786
vn 0.3811 0.9072 -0.1784
vn 0.3840 0.9056 -0.1801
vn 0.4314 -0.5852 0.6866
vn 0.3605 -0.6114 0.7045
vn 0.4688 -0.5691 0.6755
vn 0.3605 -0.6114 0.7044
vn 0.6217 -0.4857 0.6145
vn 0.5954 -0.5028 0.6267
vn 0.7286 -0.3920 0.5616
vn 0.7293 -0.3911 0.5614
vn 0.7762 -0.3452 0.5275
vn 0.7762 -0.3438 0.5285
vn 0.7234 -0.4085 0.5566
vn 0.7177 -0.4137 0.5601
vn 0.6192 -0.4904 0.6132
vn 0.5919 -0.5064 0.6271
vn 0.5488 -0.5299 0.6466
vn -0.2531 -0.5852 -0.7704
vn -0.3121 -0.6114 -0.7272
vn -0.3120 -0.6114 -0.7272
vn -0.2207 -0.5691 -0.7921
vn -0.0760 -0.4857 -0.8708
vn -0.1022 -0.5028 -0.8583
vn 0.0328 -0.3920 -0.9194
vn 0.0334 -0.3912 -0.9197
vn 0.0896 -0.3452 -0.9342
vn 0.0888 -0.3438 -0.9348
vn 0.0333 -0.4085 -0.9121
vn 0.0271 -0.4137 -0.9100
vn -0.0767 -0.4904 -0.8681
vn -0.1048 -0.5064 -0.8559
vn -0.1474 -0.5303 -0.8349
vn 0.6955 0.6400 -0.3267
vn 0.6944 0.6413 -0.3263
vn 0.6965 0.6386 -0.3272
vt 1.000000 0.000000
vt 1.000000 1.000000
vt 0.500000 0.000000
vt 0.500000 1.000000
vt 0.625000 0.500000
vt 0.375000 0.250000
vt 0.625000 0.250000
vt 0.375000 0.500000
vt 0.625000 0.750000
vt 0.875000 0.750000
vt 0.875000 0.500000
vt 0.375000 1.000000
vt 0.375000 0.750000
vt 0.625000 1.000000
vt 0.125000 0.750000
vt 0.125000 0.500000
s 1
f 242/17/145 243/17/146 244/18/147
f 245/18/148 244/18/147 243/17/146
f 245/18/148 243/17/146 246/17/149
f 247/18/149 245/18/148 246/17/149
f 248/17/150 249/17/151 250/18/152
f 251/18/153 250/18/152 249/17/151
f 251/18/153 249/17/151 252/17/154
f 253/18/154 251/18/153 252/17/154
f 253/18/154 252/17/154 254/17/155
f 255/18/156 253/18/154 254/17/155
f 255/18/156 254/17/155 256/17/157
f 257/18/157 255/18/156 256/17/157
f 258/17/158 259/18/159 260/18/160
f 259/18/159 258/17/158 261/17/159
f 261/17/159 262/18/161 259/18/159
f 262/18/161 261/17/159 263/17/161
f 264/19/162 258/17/158 260/18/160
f 264/19/162 260/18/160 265/20/162
f 265/20/162 266/19/163 264/19/162
f 266/19/163 265/20/162 267/20/163
f 268/18/164 269/18/165 270/17/166
f 269/18/165 271/17/165 270/17/166
f 268/18/164 270/17/166 272/17/167
f 273/18/167 268/18/164 272/17/167
f 273/18/167 272/17/167 274/17/168
f 275/18/168 273/18/167 274/17/168
f 275/18/168 274/17/168 276/17/169
f 277/18/169 275/18/168 276/17/169
f 278/17/170 279/17/171 277/18/170
f 280/18/172 277/18/170 279/17/171
f 279/17/171 281/17/173 280/18/172
f 282/18/174 280/18/172 281/17/173
f 283/17/175 284/18/175 285/17/175
f 284/18/175 286/18/175 285/17/175
f 287/17/176 288/18/176 289/17/176
f 288/18/176 287/17/176 290/18/177
f 291/20/178 292/18/179 293/19/180
f 292/18/179 294/17/181 293/19/180
f 295/21/182 296/22/183 297/23/183
f 296/22/183 295/21/182 298/24/184
f 298/24/184 295/21/182 299/21/185
f 298/24/184 299/21/185 300/24/186
f 299/21/185 301/24/187 300/24/186
f 301/24/187 299/21/185 302/21/188
f 303/21/189 301/24/187 304/21/188
f 303/21/189 305/24/190 301/24/187
f 306/21/191 305/24/190 303/21/189
f 306/21/191 307/24/192 305/24/190
f 306/21/191 308/21/193 307/24/192
f 307/24/192 308/21/193 309/24/194
f 309/24/194 308/21/193 310/24/195
f 311/21/196 312/25/197 313/25/198
f 314/25/199 311/21/196 313/25/198
f 314/25/199 315/21/200 311/21/196
f 312/25/197 311/21/196 316/21/201
f 312/25/197 316/21/201 317/26/202
f 316/21/201 318/27/202 317/26/202
f 314/25/203 319/21/204 320/21/200
f 319/21/204 314/25/203 321/25/205
f 321/25/205 322/21/206 319/21/204
f 322/21/206 321/25/205 323/25/207
f 323/25/207 324/21/208 322/21/206
f 324/21/208 323/25/207 325/25/209
f 324/21/208 325/25/209 326/21/210
f 327/17/211 328/18/212 329/18/211
f 328/18/212 327/17/211 330/17/213
f 329/18/211 331/17/214 327/17/211
f 331/17/214 329/18/211 332/18/215
f 333/17/216 334/17/217 335/18/218
f 335/18/218 334/17/217 336/18/217
f 334/17/217 337/17/219 336/18/217
f 336/18/217 337/17/219 338/18/219
f 338/18/219 337/17/219 339/17/220
f 339/17/220 340/18/221 338/18/219
f 340/18/221 339/17/220 341/17/222
f 342/18/223 340/18/221 341/17/222
f 341/17/222 343/17/224 342/18/223
f 344/18/224 342/18/223 343/17/224
f 343/17/224 345/17/225 344/18/224
f 346/18/226 344/18/224 345/17/225
f 347/18/227 348/20/227 349/18/227
f 348/20/227 347/18/227 350/20/227
f 349/18/227 348/20/227 351/18/227
f 349/18/227 351/18/227 352/18/227
f 351/18/227 353/18/227 352/18/227
f 353/18/227 351/18/227 354/18/227
f 353/18/227 354/18/227 355/18/227
f 355/18/227 354/18/227 356/18/227
f 356/18/227 354/18/227 357/18/227
f 358/17/228 359/19/228 360/17/228
f 360/17/228 359/19/228 361/19/228
f 359/19/228 358/17/228 362/17/228
f 363/17/228 362/17/228 358/17/228
f 362/17/228 363/17/228 364/17/228
f 364/17/228 365/17/228 362/17/228
f 365/17/228 364/17/228 366/17/228
f 365/17/228 366/17/228 367/17/228
f 367/17/228 368/17/228 365/17/228
f 369/18/227 370/18/227 371/18/227
f 370/18/227 369/18/227 372/18/227
f 372/18/227 369/18/227 373/18/227
f 373/18/227 369/18/227 374/18/227
f 369/18/227 371/18/227 375/18/227
f 375/18/227 376/18/227 369/18/227
f 376/18/227 375/18/227 377/18/227
f 378/17/228 379/17/228 380/17/228
f 378/17/228 381/17/228 379/17/228
f 378/17/228 382/17/228 381/17/228
f 382/17/228 378/17/228 383/17/228
f 383/17/228 378/17/228 384/17/228
f 384/17/228 378/17/228 385/17/228
f 384/17/228 385/17/228 386/17/228
f 387/18/227 388/18/227 389/18/227
f 388/18/227 387/18/227 390/18/227
f 389/18/227 391/18/227 387/18/227
f 389/18/227 392/18/227 391/18/227
f 392/18/227 389/18/227 393/18/227
f 393/18/227 389/18/227 394/18/227
f 394/18/227 389/18/227 395/18/227
f 396/17/228 397/17/228 398/17/228
f 399/17/228 396/17/228 398/17/228
f 396/17/228 399/17/228 400/17/228
f 396/17/228 400/17/228 401/17/228
f 401/17/228 402/17/228 396/17/228
f 397/17/228 396/17/228 403/17/228
f 397/17/228 403/17/228 404/17/228
f 405/18/227 406/18/227 407/18/227
f 406/18/227 405/18/227 408/18/227
f 408/18/227 405/18/227 409/18/227
f 410/18/227 405/18/227 407/18/227
f 411/18/227 405/18/227 410/18/227
f 405/18/227 411/18/227 412/18/227
f 412/18/227 411/18/227 413/18/227
f 414/17/228 415/17/228 416/17/228
f 417/17/228 415/17/228 414/17/228
f 415/17/228 418/17/228 416/17/228
f 415/17/228 419/17/228 418/17/228
f 419/17/228 415/17/228 420/17/228
f 420/17/228 415/17/228 421/17/228
f 420/17/228 421/17/228 422/17/228
f 423/17/229 424/17/230 425/18/231
f 423/17/229 425/18/231 426/18/232
f 427/17/233 428/18/234 429/18/235
f 428/18/234 427/17/233 430/17/236
f 430/17/236 431/17/237 428/18/234
f 428/18/234 431/17/237 432/18/237
f 432/18/237 431/17/237 433/17/238
f 432/18/237 433/17/238 434/18/239
f 433/17/238 435/17/240 434/18/239
f 434/18/239 435/17/240 436/18/240
f 436/18/240 435/17/240 437/17/241
f 438/18/241 436/18/240 437/17/241
f 437/17/241 439/17/242 438/18/241
f 440/18/243 438/18/241 439/17/242
f 441/17/244 442/18/245 443/18/244
f 442/18/245 441/17/244 444/17/246
f 443/18/244 445/17/247 441/17/244
f 445/17/247 443/18/244 446/18/247
f 447/25/248 448/28/249 449/29/250
f 448/28/249 447/25/248 450/30/251
f 451/29/252 447/25/248 449/29/250
f 451/29/252 452/25/253 447/25/248
f 451/29/252 453/25/254 452/25/253
f 453/25/254 451/29/252 454/29/255
f 454/29/255 455/25/256 453/25/254
f 455/25/256 454/29/255 456/29/257
f 456/29/257 457/25/258 455/25/256
f 457/25/258 456/29/257 458/29/259
f 458/29/259 459/25/260 457/25/258
f 459/25/260 458/29/259 460/29/261
f 459/25/260 460/29/261 461/25/262
f 462/24/263 463/31/264 464/32/265
f 463/31/264 462/24/263 465/29/266
f 462/24/263 466/29/267 465/29/266
f 466/29/267 462/24/263 467/24/268
f 468/24/269 466/29/267 467/24/268
f 468/24/269 469/29/270 466/29/267
f 470/24/271 469/29/270 468/24/269
f 470/24/271 471/29/272 469/29/270
f 472/24/273 471/29/272 470/24/271
f 472/24/273 473/29/274 471/29/272
f 473/29/274 472/24/273 474/24/275
f 475/29/276 473/29/274 474/24/275
f 475/29/276 474/24/275 476/29/277
f 477/17/278 478/18/279 479/18/278
f 478/18/279 477/17/278 480/17/279
f 479/18/278 481/17/280 477/17/278
f 481/17/280 479/18/278 482/18/280
o 96829255115804
v -0.788800 0.110371 0.021304
v -0.788854 0.102473 0.002240
v -0.788854 0.092094 0.002240
v -0.788929 0.103031 -0.024165
v -0.788779 0.103031 0.028644
v -0.788908 0.110371 -0.016826
v -0.788748 0.129436 0.039581
v -0.788961 0.129436 -0.035103
v -0.788777 0.129436 0.029202
v -0.788930 0.129436 -0.024723
v -0.788779 0.155841 0.028644
v -0.788929 0.155841 -0.024165
v -0.788800 0.148502 0.021305
v -0.788908 0.148502 -0.016826
v -0.788854 0.166779 0.002240
v -0.788854 0.156399 0.002240
v -0.788908 0.110371 -0.016826
v -0.706605 0.110371 -0.017060
v -0.788930 0.129436 -0.024723
v -0.706628 0.129436 -0.024958
v -0.788908 0.148502 -0.016826
v -0.706605 0.148502 -0.017060
v -0.706551 0.156399 0.002005
v -0.788854 0.156399 0.002240
v -0.706497 0.148502 0.021071
v -0.788800 0.148502 0.021305
v -0.788777 0.129436 0.029202
v -0.706475 0.129436 0.028968
v -0.788800 0.110371 0.021304
v -0.706605 0.148502 -0.017060
v -0.706497 0.148502 0.021071
v -0.706497 0.110371 0.021071
v -0.788854 0.102473 0.002240
v -0.706551 0.102473 0.002005
v -0.638654 0.065151 0.001812
v -0.638654 0.193722 0.001812
v -0.638783 0.083979 -0.043644
v -0.638837 0.129436 -0.062473
v -0.638783 0.174893 -0.043645
v -0.638525 0.083980 0.047269
v -0.638472 0.129436 0.066098
v -0.638525 0.174893 0.047269
v -0.539504 0.189996 -0.068143
v -0.539108 0.059996 0.071205
v -0.539108 0.189996 0.071205
v -0.539504 0.059996 -0.068143
v -0.554000 0.189996 0.090565
v -0.554505 0.189996 -0.087418
v -0.544036 0.169996 0.077748
v -0.544469 0.169996 -0.074658
v 0.591422 -0.357709 -0.001679
v 0.472928 -0.424683 -0.115941
v 0.538155 -0.364446 -0.116126
v 0.486775 -0.475710 -0.001382
v 0.154932 -0.415248 -0.115037
v 0.126549 -0.463521 -0.000359
v 0.155583 -0.415248 0.114157
v 0.473578 -0.424683 0.113253
v 0.538806 -0.364446 0.113068
v 0.435417 -0.412572 0.073282
v 0.173956 -0.412572 0.074024
v 0.173533 -0.412572 -0.075011
v 0.434994 -0.412572 -0.075753
v 0.192579 -0.404022 0.091328
v 0.192057 -0.404022 -0.092419
v 0.225236 -0.376273 0.074608
v 0.224808 -0.376273 -0.075886
v 0.156253 -0.376273 -0.075691
v 0.156680 -0.376273 0.074802
v 0.725940 0.249996 0.067613
v 0.725544 0.159996 -0.071734
v 0.725544 0.249996 -0.071734
v 0.725940 0.159996 0.067613
v 0.735489 0.249996 -0.091080
v 0.725958 0.269996 0.074142
v 0.735995 0.249996 0.086903
v 0.725526 0.269996 -0.078263
v 0.719015 0.348349 0.055791
v 0.718954 0.300450 0.034114
v 0.718954 0.348349 0.034114
v 0.719015 0.300450 0.055791
v 0.718748 0.348349 -0.038202
v 0.718748 0.300450 -0.038202
v 0.718687 0.348349 -0.059878
v 0.718687 0.300450 -0.059878
v -0.316678 0.365989 -0.046292
v -0.316678 0.308993 -0.046292
v -0.316619 0.365989 -0.025786
v -0.316619 0.308993 -0.025786
v -0.316619 0.308993 -0.025786
v -0.316678 0.308993 -0.046292
v -0.316619 0.282926 -0.025786
v -0.316678 0.282926 -0.046292
v -0.316544 0.308993 0.000897
v -0.316544 0.282926 0.000897
v -0.316468 0.282926 0.027580
v -0.316468 0.308993 0.027580
v -0.316410 0.308993 0.048087
v -0.316410 0.282926 0.048087
v -0.316468 0.365989 0.027580
v -0.316410 0.365989 0.048087
v -0.294669 0.307956 -0.007449
v -0.287547 0.346974 0.002003
v -0.287554 0.346974 -0.000375
v -0.294622 0.307956 0.009118
v 0.736563 0.145835 -0.093938
v 0.752727 0.139164 -0.002137
v 0.688443 0.024635 -0.093802
v 0.597561 -0.032572 -0.001696
v 0.598444 -0.015365 -0.093546
v 0.700740 0.012284 -0.001989
v 0.688965 0.024635 0.089891
v 0.598965 -0.015365 0.090147
v 0.737085 0.145835 0.089755
v 0.764348 0.165519 -0.002170
v 0.748203 0.172235 -0.093972
v 0.748725 0.172235 0.089722
v 0.771105 0.182203 -0.002189
v 0.754843 0.188635 -0.093990
v 0.755365 0.188635 0.089703
v 0.788855 0.231440 -0.002240
v 0.771443 0.229635 -0.094037
v 0.771965 0.229635 0.089656
v 0.728164 0.295323 -0.093915
v 0.728686 0.295323 0.089779
v 0.736626 0.310494 -0.002091
v 0.654188 0.345338 0.029616
v 0.654162 0.323082 0.020397
v 0.665255 0.345338 0.029584
v 0.665228 0.323082 0.020366
v 0.654098 0.313864 -0.001858
v 0.665166 0.313864 -0.001889
v 0.665102 0.323082 -0.024145
v 0.654035 0.323082 -0.024114
v 0.654009 0.345338 -0.033332
v 0.665076 0.345338 -0.033363
v 0.654035 0.367593 -0.024114
v 0.654009 0.345338 -0.033332
v 0.665102 0.367593 -0.024145
v 0.654035 0.367593 -0.024114
v 0.654098 0.376812 -0.001858
v 0.665166 0.376812 -0.001889
v 0.665228 0.367593 0.020366
v 0.654162 0.367593 0.020397
v 0.654188 0.345338 0.029616
v 0.665255 0.345338 0.029584
v 0.654162 0.367593 0.020397
v 0.707507 0.312904 0.047858
v 0.718988 0.301314 -0.051911
v 0.707224 0.312904 -0.051878
v 0.719271 0.301314 0.047824
v 0.665165 0.317290 -0.001930
v 0.665122 0.302606 -0.017435
v 0.665122 0.320348 -0.017435
v 0.665209 0.302606 0.013574
v 0.665209 0.320348 0.013574
v 0.665212 0.361735 0.014508
v 0.665166 0.376812 -0.001889
v 0.665228 0.367593 0.020366
v 0.665166 0.368527 -0.001889
v 0.665120 0.361735 -0.018287
v 0.665102 0.367593 -0.024145
v 0.665099 0.345338 -0.025079
v 0.665120 0.361735 -0.018287
v 0.665076 0.345338 -0.033363
v 0.665120 0.328940 -0.018287
v 0.665102 0.323082 -0.024145
v 0.665166 0.322148 -0.001889
v 0.665166 0.313864 -0.001889
v 0.665228 0.323082 0.020366
v 0.665212 0.328940 0.014508
v 0.665255 0.345338 0.029584
v 0.665231 0.345338 0.021300
v 0.665212 0.361735 0.014508
v -0.554505 0.189996 -0.087418
v -0.554000 0.189996 0.090565
v -0.524469 0.209996 -0.074714
v -0.524036 0.209996 0.077691
v -0.193319 -0.058226 0.075796
v -0.221649 -0.025309 -0.091245
v -0.193746 -0.058226 -0.074697
v -0.221127 -0.025309 0.092501
v -0.221649 -0.025309 -0.091245
v -0.193319 -0.058226 0.075796
v -0.353067 0.132151 -0.076820
v -0.286818 0.217804 0.078637
v -0.287260 0.217803 -0.077007
v -0.352626 0.132152 0.078823
v -0.178071 0.301149 -0.074079
v -0.177648 0.301149 0.075089
v -0.160735 0.316141 -0.064717
v -0.160365 0.316141 0.065629
v -0.180053 0.284439 0.065684
v -0.180423 0.284439 -0.064661
v 0.694672 0.377054 -0.038133
v 0.718748 0.348349 -0.038202
v 0.694610 0.377054 -0.059809
v 0.718687 0.348349 -0.059878
v 0.625088 0.377054 -0.037936
v 0.625026 0.377054 -0.059612
v 0.156253 -0.092873 -0.075691
v 0.132033 -0.058226 0.074872
v 0.131606 -0.058226 -0.075621
v -0.193319 -0.058226 0.075796
v -0.193746 -0.058226 -0.074697
v 0.156680 -0.092873 0.074802
v 0.156253 -0.376273 -0.075691
v 0.156680 -0.376273 0.074802
v 0.369137 0.301149 -0.075632
v 0.369560 0.301149 0.073535
v 0.371543 0.284439 -0.066228
v 0.371913 0.284439 0.064117
v 0.352225 0.316141 0.064173
v 0.351855 0.316141 -0.066172
v 0.694877 0.377054 0.034182
v 0.719015 0.348349 0.055791
v 0.718954 0.348349 0.034114
v 0.694938 0.377054 0.055859
v 0.625355 0.377054 0.056057
v 0.694938 0.377054 0.055859
v 0.625293 0.377054 0.034380
v 0.601216 0.348349 0.034448
v 0.625355 0.377054 0.056057
v 0.601278 0.348349 0.056125
v -0.316619 0.365989 -0.025786
v -0.280910 0.365989 -0.046394
v -0.316678 0.365989 -0.046292
v -0.280852 0.365989 -0.025888
v -0.280700 0.365989 0.027478
v -0.316468 0.365989 0.027580
v -0.316410 0.365989 0.048087
v -0.280641 0.365989 0.047985
v 0.045956 -0.050004 0.074388
v -0.194043 -0.050004 0.075069
v 0.045533 -0.050004 -0.074648
v -0.194466 -0.050004 -0.073966
v -0.287554 0.346974 -0.000375
v -0.285169 0.346974 0.001997
v -0.285176 0.346974 -0.000381
v -0.287547 0.346974 0.002003
v 0.435696 0.269996 0.074966
v 0.395996 0.269996 0.087868
v 0.435732 0.249996 0.087755
v 0.132033 -0.058226 0.074872
v 0.192579 -0.079506 0.091327
v 0.145725 -0.025309 0.091460
v -0.193319 -0.058226 0.075796
v -0.221127 -0.025309 0.092501
v 0.156680 -0.376273 0.074802
v 0.192579 -0.404022 0.091328
v 0.156680 -0.092873 0.074802
v 0.156253 -0.376273 -0.075691
v 0.192057 -0.079506 -0.092420
v 0.192057 -0.404022 -0.092419
v 0.156253 -0.092873 -0.075691
v 0.131606 -0.058226 -0.075621
v 0.145204 -0.025309 -0.092287
v -0.193746 -0.058226 -0.074697
v -0.221649 -0.025309 -0.091245
v -0.160365 0.316141 0.065629
v 0.352225 0.316141 0.064173
v -0.160735 0.316141 -0.064717
v 0.351855 0.316141 -0.066172
v 0.654054 0.320348 -0.017404
v 0.665165 0.317290 -0.001930
v 0.665122 0.320348 -0.017435
v 0.654098 0.317290 -0.001899
v 0.665165 0.317290 -0.001930
v 0.654098 0.317290 -0.001899
v 0.654142 0.320348 0.013605
v 0.665209 0.320348 0.013574
v 0.707224 0.312904 -0.051878
v 0.616441 0.312904 0.048116
v 0.707507 0.312904 0.047858
v 0.616157 0.312904 -0.051618
v 0.654164 0.345338 0.021331
v 0.665231 0.345338 0.021300
v 0.665212 0.328940 0.014508
v 0.654145 0.328940 0.014539
v 0.654098 0.322148 -0.001858
v 0.654145 0.328940 0.014539
v 0.665166 0.322148 -0.001889
v 0.665120 0.328940 -0.018287
v 0.654052 0.328940 -0.018256
v -0.316544 0.308993 0.000897
v -0.255778 0.308993 0.000724
v -0.316619 0.308993 -0.025786
v -0.255854 0.308993 -0.025959
v -0.255702 0.308993 0.027407
v -0.316468 0.308993 0.027580
v 0.728164 0.295323 -0.093915
v 0.535923 0.311128 -0.001521
v 0.736626 0.310494 -0.002091
v 0.542562 0.295323 -0.093388
v 0.728686 0.295323 0.089779
v 0.543084 0.295323 0.090306
v 0.395960 0.289996 0.075079
v -0.324001 0.269996 0.089912
v 0.395996 0.269996 0.087868
v 0.435696 0.269996 0.074966
v -0.334037 0.289996 0.077152
v -0.404037 0.209996 0.077350
v -0.394001 0.189996 0.090111
v -0.524036 0.209996 0.077691
v -0.554000 0.189996 0.090565
v 0.192579 -0.079506 0.091327
v 0.132033 -0.058226 0.074872
v 0.156680 -0.092873 0.074802
v 0.131606 -0.058226 -0.075621
v 0.192057 -0.079506 -0.092420
v 0.156253 -0.092873 -0.075691
v 0.045956 -0.050004 0.074388
v 0.045533 -0.050004 -0.074648
v 0.085956 -0.010004 0.074274
v 0.085533 -0.010004 -0.074761
v 0.173956 -0.010004 0.074024
v 0.173533 -0.010004 -0.075011
v 0.173956 -0.412572 0.074024
v 0.173533 -0.412572 -0.075011
v -0.334470 0.289996 -0.075254
v 0.395527 0.289996 -0.077326
v -0.324506 0.269996 -0.088071
v -0.404470 0.209996 -0.075055
v 0.395491 0.269996 -0.090115
v -0.394506 0.189996 -0.087872
v -0.524469 0.209996 -0.074714
v -0.554505 0.189996 -0.087418
v 0.435263 0.269996 -0.077439
v 0.435227 0.249996 -0.090228
v 0.725526 0.269996 -0.078263
v 0.735489 0.249996 -0.091080
v -0.334037 0.289996 0.077152
v -0.334470 0.289996 -0.075254
v -0.404470 0.209996 -0.075055
v 0.395527 0.289996 -0.077326
v -0.404037 0.209996 0.077350
v -0.524469 0.209996 -0.074714
v -0.524036 0.209996 0.077691
v 0.395960 0.289996 0.075079
v 0.435696 0.269996 0.074966
v 0.435263 0.269996 -0.077439
v 0.725958 0.269996 0.074142
v 0.725526 0.269996 -0.078263
v 0.435732 0.249996 0.087755
v 0.725958 0.269996 0.074142
v 0.435696 0.269996 0.074966
v 0.735995 0.249996 0.086903
v 0.308407 -0.352595 -0.115474
v 0.490128 -0.309225 -0.115990
v 0.472928 -0.424683 -0.115941
v 0.538155 -0.364446 -0.116126
v 0.154932 -0.415248 -0.115037
v 0.154916 -0.387559 -0.115037
v 0.490778 -0.309225 0.113204
v 0.473578 -0.424683 0.113253
v 0.538806 -0.364446 0.113068
v 0.309058 -0.352595 0.113720
v 0.155583 -0.415248 0.114157
v 0.155567 -0.387559 0.114157
v -0.221649 -0.025309 -0.091245
v -0.221127 -0.025309 0.092501
v -0.189458 -0.000726 -0.074709
v -0.189031 -0.000726 0.075784
v -0.334056 0.249996 0.070623
v -0.334451 0.249996 -0.068725
v -0.384451 0.189996 -0.068583
v -0.384056 0.189996 0.070765
v 0.345546 0.249996 -0.070655
v 0.345941 0.249996 0.068692
v 0.725544 0.249996 -0.071734
v 0.725940 0.249996 0.067613
v 0.543084 0.295323 0.090306
v 0.713686 0.273995 0.089821
v 0.728686 0.295323 0.089779
v 0.523084 0.273995 0.090362
v 0.698686 0.252668 0.089864
v 0.533084 0.252668 0.090334
v 0.713164 0.273995 -0.093872
v 0.743943 0.227308 -0.093959
v 0.716443 0.224981 -0.093881
v 0.698164 0.252668 -0.093829
v 0.728164 0.295323 -0.093915
v 0.771443 0.229635 -0.094037
v 0.754843 0.188635 -0.093990
v 0.728643 0.189808 -0.093916
v 0.702443 0.190981 -0.093842
v 0.748203 0.172235 -0.093972
v 0.722523 0.174808 -0.093899
v 0.736563 0.145835 -0.093938
v 0.696843 0.177381 -0.093826
v 0.507257 0.191399 -0.093287
v 0.711403 0.149808 -0.093867
v 0.667444 0.039808 -0.093742
v 0.688443 0.024635 -0.093802
v 0.598444 -0.015365 -0.093546
v 0.567444 0.000618 -0.093458
v 0.576444 0.024981 -0.093484
v 0.646444 0.054981 -0.093683
v 0.686243 0.153781 -0.093796
v 0.511710 0.177381 -0.093300
v 0.516162 0.153363 -0.093313
v 0.407258 0.101399 -0.093004
v 0.411710 0.087381 -0.093016
v 0.416163 0.063363 -0.093029
v 0.197258 0.101399 -0.092407
v 0.206163 0.063363 -0.092433
v 0.191710 0.087381 -0.092392
v 0.542562 0.295323 -0.093388
v 0.728164 0.295323 -0.093915
v 0.713164 0.273995 -0.093872
v 0.522562 0.273995 -0.093331
v 0.698164 0.252668 -0.093829
v 0.532562 0.252668 -0.093359
v 0.744465 0.227308 0.089734
v 0.728686 0.295323 0.089779
v 0.713686 0.273995 0.089821
v 0.771965 0.229635 0.089656
v 0.755365 0.188635 0.089703
v 0.716965 0.224981 0.089812
v 0.698686 0.252668 0.089864
v 0.729165 0.189808 0.089777
v 0.702965 0.190981 0.089852
v 0.723045 0.174808 0.089795
v 0.697365 0.177381 0.089868
v 0.507779 0.191399 0.090406
v 0.737085 0.145835 0.089755
v 0.748725 0.172235 0.089722
v 0.711925 0.149808 0.089826
v 0.667965 0.039808 0.089951
v 0.686765 0.153781 0.089898
v 0.646965 0.054981 0.090011
v 0.576965 0.024981 0.090209
v 0.567965 0.000618 0.090235
v 0.598965 -0.015365 0.090147
v 0.688965 0.024635 0.089891
v 0.512232 0.177381 0.090393
v 0.516684 0.153363 0.090381
v 0.407779 0.101399 0.090690
v 0.412231 0.087381 0.090677
v 0.416684 0.063363 0.090664
v 0.197780 0.101399 0.091286
v 0.206685 0.063363 0.091261
v 0.192232 0.087381 0.091302
v 0.737085 0.145835 0.089755
v 0.667965 0.039808 0.089951
v 0.688965 0.024635 0.089891
v 0.744465 0.227308 0.089734
v 0.729165 0.189808 0.089777
v 0.755365 0.188635 0.089703
v 0.748725 0.172235 0.089722
v 0.723045 0.174808 0.089795
v 0.321719 0.217804 0.076909
v 0.275190 0.132151 -0.078604
v 0.321277 0.217804 -0.078734
v 0.275632 0.132151 0.077040
v 0.225236 -0.376273 0.074608
v 0.225236 -0.064994 0.074608
v 0.192579 -0.079506 0.091327
v 0.395941 0.029996 0.068550
v -0.344056 0.029996 0.070651
v -0.344451 0.029996 -0.068696
v -0.374056 0.059996 0.070736
v 0.395546 0.029996 -0.070797
v -0.374451 0.059996 -0.068611
v -0.539108 0.059996 0.071205
v -0.539504 0.059996 -0.068143
v 0.525545 0.159996 -0.071166
v 0.525941 0.159996 0.068181
v 0.725544 0.159996 -0.071734
v 0.725940 0.159996 0.067613
v 0.275190 0.132151 -0.078604
v -0.293010 0.153302 -0.076990
v 0.251443 0.153302 -0.078536
v 0.271714 0.195031 -0.078594
v -0.353067 0.132151 -0.076820
v 0.321277 0.217804 -0.078734
v -0.287260 0.217803 -0.077007
v -0.265827 0.195031 -0.077068
v -0.286818 0.217804 0.078637
v -0.292568 0.153302 0.078653
v -0.265385 0.195031 0.078576
v 0.272156 0.195031 0.077050
v -0.352626 0.132152 0.078823
v 0.321719 0.217804 0.076909
v 0.275632 0.132151 0.077040
v 0.251885 0.153302 0.077107
v 0.493932 -0.300122 -0.075921
v 0.173533 -0.010004 -0.075011
v 0.437532 -0.010004 -0.075760
v 0.173533 -0.412572 -0.075011
v 0.434994 -0.412572 -0.075753
v 0.415532 0.089996 -0.075698
v 0.525531 -0.010004 -0.076010
v 0.175533 0.089996 -0.075017
v 0.515531 0.169996 -0.075982
v 0.655531 0.049996 -0.076379
v 0.705531 0.169996 -0.076521
v 0.135533 0.059996 -0.074903
v 0.085533 -0.010004 -0.074761
v -0.226361 -0.010004 -0.073876
v 0.045533 -0.050004 -0.074648
v -0.194466 -0.050004 -0.073966
v -0.350415 0.059996 -0.073523
v -0.314465 -0.010004 -0.073626
v -0.358839 0.037574 -0.073500
v 0.515954 0.169996 0.073054
v 0.655954 0.049996 0.072656
v 0.705954 0.169996 0.072514
v 0.525954 -0.010004 0.073025
v 0.415955 0.089996 0.073337
v 0.437955 -0.010004 0.073275
v 0.173956 -0.010004 0.074024
v 0.175956 0.089996 0.074019
v 0.494356 -0.300122 0.073115
v 0.135956 0.059996 0.074132
v 0.173956 -0.412572 0.074024
v 0.435417 -0.412572 0.073282
v 0.085956 -0.010004 0.074274
v -0.225938 -0.010004 0.075160
v 0.045956 -0.050004 0.074388
v -0.194043 -0.050004 0.075069
v -0.349992 0.059996 0.075512
v -0.314042 -0.010004 0.075410
v -0.358416 0.037574 0.075536
v -0.334451 0.249996 -0.068725
v 0.345546 0.249996 -0.070655
v -0.275528 0.201073 -0.068892
v 0.286623 0.201073 -0.070488
v -0.315528 0.148920 -0.068778
v 0.260362 0.148920 -0.070413
v -0.344451 0.029996 -0.068696
v 0.395546 0.029996 -0.070797
v 0.286623 0.201073 -0.070488
v 0.345546 0.249996 -0.070655
v 0.525545 0.159996 -0.071166
v 0.725544 0.249996 -0.071734
v 0.725544 0.159996 -0.071734
v -0.374451 0.059996 -0.068611
v -0.384451 0.189996 -0.068583
v -0.539504 0.059996 -0.068143
v -0.539504 0.189996 -0.068143
v 0.345941 0.249996 0.068692
v 0.525941 0.159996 0.068181
v 0.725940 0.249996 0.067613
v 0.725940 0.159996 0.067613
v 0.395941 0.029996 0.068550
v 0.287019 0.201073 0.068859
v -0.275132 0.201073 0.070455
v -0.334056 0.249996 0.070623
v 0.260758 0.148920 0.068934
v -0.344056 0.029996 0.070651
v -0.315132 0.148920 0.070569
v -0.275132 0.201073 0.070455
v -0.374056 0.059996 0.070736
v -0.384056 0.189996 0.070765
v -0.539108 0.059996 0.071205
v -0.539108 0.189996 0.071205
v -0.315528 0.148920 -0.068778
v -0.344451 0.029996 -0.068696
v -0.374451 0.059996 -0.068611
v -0.334451 0.249996 -0.068725
v -0.384451 0.189996 -0.068583
v -0.178071 0.301149 -0.074079
v 0.351855 0.316141 -0.066172
v 0.369137 0.301149 -0.075632
v -0.160735 0.316141 -0.064717
v -0.180423 0.284439 -0.064661
v 0.371543 0.284439 -0.066228
v 0.369560 0.301149 0.073535
v -0.180053 0.284439 0.065684
v 0.371913 0.284439 0.064117
v -0.177648 0.301149 0.075089
v 0.352225 0.316141 0.064173
v -0.160365 0.316141 0.065629
v 0.321277 0.217804 -0.078734
v -0.287260 0.217803 -0.077007
v -0.286818 0.217804 0.078637
v 0.321719 0.217804 0.076909
v 0.601278 0.300450 0.056125
v 0.694938 0.377054 0.055859
v 0.625355 0.377054 0.056057
v 0.601278 0.348349 0.056125
v 0.719015 0.300450 0.055791
v 0.719015 0.348349 0.055791
v 0.600949 0.300450 -0.059543
v 0.694610 0.377054 -0.059809
v 0.718687 0.300450 -0.059878
v 0.718687 0.348349 -0.059878
v 0.625026 0.377054 -0.059612
v 0.600949 0.348349 -0.059543
v -0.280910 0.365989 -0.046394
v -0.316678 0.308993 -0.046292
v -0.316678 0.365989 -0.046292
v -0.255912 0.334409 -0.046465
v -0.255912 0.308993 -0.046465
v -0.255912 0.282926 -0.046465
v -0.316678 0.282926 -0.046292
v -0.255912 0.308993 -0.046465
v -0.316678 0.308993 -0.046292
v -0.255643 0.334409 0.047913
v -0.316410 0.308993 0.048087
v -0.255643 0.308993 0.047913
v -0.280641 0.365989 0.047985
v -0.316410 0.365989 0.048087
v -0.316410 0.282926 0.048087
v -0.255643 0.282926 0.047913
v -0.539504 0.189996 -0.068143
v -0.384056 0.189996 0.070765
v -0.384451 0.189996 -0.068583
v -0.539108 0.189996 0.071205
v -0.278054 0.307956 0.009071
v -0.287547 0.346974 0.002003
v -0.294622 0.307956 0.009118
v -0.285169 0.346974 0.001997
v -0.294669 0.307956 -0.007449
v -0.285176 0.346974 -0.000381
v -0.278101 0.307956 -0.007496
v -0.287554 0.346974 -0.000375
v 0.275632 0.132151 0.077040
v -0.353067 0.132151 -0.076820
v 0.275190 0.132151 -0.078604
v -0.352626 0.132152 0.078823
v 0.715526 0.229996 -0.078235
v 0.435227 0.249996 -0.090228
v 0.735489 0.249996 -0.091080
v 0.435527 0.229996 -0.077440
v 0.395527 0.249996 -0.077326
v 0.395491 0.269996 -0.090115
v -0.314470 0.249996 -0.075311
v -0.324506 0.269996 -0.088071
v -0.394506 0.189996 -0.087872
v -0.384470 0.169996 -0.075112
v -0.544469 0.169996 -0.074658
v -0.554505 0.189996 -0.087418
v 0.154916 -0.387559 -0.115037
v 0.126549 -0.463521 -0.000359
v 0.136829 -0.333259 -0.000388
v 0.154932 -0.415248 -0.115037
v 0.155567 -0.387559 0.114157
v 0.155583 -0.415248 0.114157
v 0.654142 0.320348 0.013605
v 0.665209 0.302606 0.013574
v 0.665209 0.320348 0.013574
v 0.654142 0.302606 0.013605
v 0.665122 0.320348 -0.017435
v 0.654054 0.302606 -0.017404
v 0.654054 0.320348 -0.017404
v 0.665122 0.302606 -0.017435
v 0.435732 0.249996 0.087755
v 0.395960 0.249996 0.075079
v 0.435960 0.229996 0.074966
v 0.715958 0.229996 0.074171
v 0.735995 0.249996 0.086903
v -0.544036 0.169996 0.077748
v -0.394001 0.189996 0.090111
v -0.554000 0.189996 0.090565
v -0.384037 0.169996 0.077294
v -0.314037 0.249996 0.077095
v -0.324001 0.269996 0.089912
v 0.395996 0.269996 0.087868
v 0.395960 0.249996 0.075079
v 0.435732 0.249996 0.087755
v -0.524537 0.129436 0.065774
v -0.638472 0.129436 0.066098
v -0.638525 0.083980 0.047269
v -0.524591 0.083980 0.046946
v -0.524720 0.065151 0.001489
v -0.638654 0.065151 0.001812
v -0.524849 0.083979 -0.043968
v -0.638783 0.083979 -0.043644
v -0.638837 0.129436 -0.062473
v -0.524902 0.129436 -0.062797
v -0.524849 0.174893 -0.043968
v -0.638783 0.174893 -0.043645
v -0.638654 0.193722 0.001812
v -0.524720 0.193722 0.001489
v -0.638525 0.174893 0.047269
v -0.524591 0.174893 0.046946
v -0.638472 0.129436 0.066098
v -0.524537 0.129436 0.065774
v -0.293010 0.153302 -0.076990
v 0.251885 0.153302 0.077107
v 0.251443 0.153302 -0.078536
v -0.292568 0.153302 0.078653
v -0.315528 0.148920 -0.068778
v 0.260758 0.148920 0.068934
v 0.260362 0.148920 -0.070413
v -0.315132 0.148920 0.070569
v 0.145204 -0.025309 -0.092287
v -0.221649 -0.025309 -0.091245
v -0.189458 -0.000726 -0.074709
v 0.170541 -0.000726 -0.075731
v 0.192057 -0.079506 -0.092420
v 0.224808 -0.064994 -0.075886
v 0.224808 -0.376273 -0.075886
v 0.192057 -0.404022 -0.092419
v -0.316619 0.308993 -0.025786
v -0.255854 0.334409 -0.025959
v -0.280852 0.365989 -0.025888
v -0.255854 0.308993 -0.025959
v -0.316619 0.365989 -0.025786
v -0.280700 0.365989 0.027478
v -0.316468 0.308993 0.027580
v -0.316468 0.365989 0.027580
v -0.255702 0.334409 0.027407
v -0.255702 0.308993 0.027407
v 0.490778 -0.309225 0.113204
v 0.591422 -0.357709 -0.001679
v 0.503457 -0.248058 -0.001429
v 0.538806 -0.364446 0.113068
v 0.490128 -0.309225 -0.115990
v 0.538155 -0.364446 -0.116126
v 0.718954 0.300450 0.034114
v 0.694877 0.377054 0.034182
v 0.718954 0.348349 0.034114
v 0.601216 0.300450 0.034448
v 0.625293 0.377054 0.034380
v 0.601216 0.348349 0.034448
v 0.694672 0.377054 -0.038133
v 0.601011 0.300450 -0.037867
v 0.718748 0.300450 -0.038202
v 0.718748 0.348349 -0.038202
v 0.625088 0.377054 -0.037936
v 0.601011 0.348349 -0.037867
v 0.170968 -0.000726 0.074762
v 0.192579 -0.079506 0.091327
v 0.225236 -0.064994 0.074608
v 0.192579 -0.404022 0.091328
v 0.225236 -0.376273 0.074608
v 0.145725 -0.025309 0.091460
v -0.189031 -0.000726 0.075784
v -0.221127 -0.025309 0.092501
v -0.265827 0.195031 -0.077068
v 0.271714 0.195031 -0.078594
v -0.265385 0.195031 0.078576
v 0.272156 0.195031 0.077050
v 0.287019 0.201073 0.068859
v -0.275132 0.201073 0.070455
v -0.275528 0.201073 -0.068892
v 0.286623 0.201073 -0.070488
v 0.251443 0.153302 -0.078536
v 0.251885 0.153302 0.077107
v 0.271714 0.195031 -0.078594
v 0.272156 0.195031 0.077050
v 0.287019 0.201073 0.068859
v 0.286623 0.201073 -0.070488
v 0.260362 0.148920 -0.070413
v 0.260758 0.148920 0.068934
v -0.314042 -0.010004 0.075410
v -0.314465 -0.010004 -0.073626
v -0.225938 -0.010004 0.075160
v -0.226361 -0.010004 -0.073876
v -0.194043 -0.050004 0.075069
v -0.194466 -0.050004 -0.073966
v -0.358839 0.037574 -0.073500
v -0.358416 0.037574 0.075536
v -0.350415 0.059996 -0.073523
v -0.349992 0.059996 0.075512
v 0.135533 0.059996 -0.074903
v -0.350415 0.059996 -0.073523
v 0.135956 0.059996 0.074132
v 0.175533 0.089996 -0.075017
v 0.175956 0.089996 0.074019
v 0.415532 0.089996 -0.075698
v 0.415955 0.089996 0.073337
v 0.515531 0.169996 -0.075982
v 0.515954 0.169996 0.073054
v 0.705531 0.169996 -0.076521
v 0.705954 0.169996 0.072514
v 0.655531 0.049996 -0.076379
v 0.655954 0.049996 0.072656
v 0.525531 -0.010004 -0.076010
v 0.525954 -0.010004 0.073025
v 0.437532 -0.010004 -0.075760
v 0.437955 -0.010004 0.073275
v 0.493932 -0.300122 -0.075921
v 0.494356 -0.300122 0.073115
v 0.435417 -0.412572 0.073282
v 0.434994 -0.412572 -0.075753
v 0.395960 0.249996 0.075079
v -0.314037 0.249996 0.077095
v -0.314470 0.249996 -0.075311
v -0.384037 0.169996 0.077294
v 0.395527 0.249996 -0.077326
v -0.384470 0.169996 -0.075112
v -0.544036 0.169996 0.077748
v -0.544469 0.169996 -0.074658
v 0.435527 0.229996 -0.077440
v 0.435960 0.229996 0.074966
v 0.715526 0.229996 -0.078235
v 0.435960 0.229996 0.074966
v 0.715958 0.229996 0.074171
v 0.735489 0.249996 -0.091080
v 0.735995 0.249996 0.086903
v 0.532562 0.252668 -0.093359
v 0.690272 0.237471 -0.001960
v 0.523529 0.238141 -0.001486
v 0.698164 0.252668 -0.093829
v 0.533084 0.252668 0.090334
v 0.698686 0.252668 0.089864
v 0.170541 -0.000726 -0.075731
v -0.189031 -0.000726 0.075784
v 0.170968 -0.000726 0.074762
v 0.604393 0.301314 -0.051585
v 0.604676 0.301314 0.048150
v 0.616157 0.312904 -0.051618
v 0.616441 0.312904 0.048116
v 0.625088 0.377054 -0.037936
v 0.625026 0.377054 -0.059612
v 0.600949 0.348349 -0.059543
v 0.601011 0.348349 -0.037867
v 0.665099 0.345338 -0.025079
v 0.654052 0.328940 -0.018256
v 0.654033 0.345338 -0.025048
v 0.654052 0.361735 -0.018256
v 0.654033 0.345338 -0.025048
v 0.665120 0.361735 -0.018287
v 0.665120 0.361735 -0.018287
v 0.654098 0.368527 -0.001858
v 0.665166 0.368527 -0.001889
v 0.665212 0.361735 0.014508
v 0.654145 0.361735 0.014539
v 0.665231 0.345338 0.021300
v 0.654164 0.345338 0.021331
v 0.665212 0.361735 0.014508
v 0.170968 -0.000726 0.074762
v 0.224808 -0.064994 -0.075886
v 0.170541 -0.000726 -0.075731
v -0.189031 -0.000726 0.075784
v -0.189458 -0.000726 -0.074709
v 0.225236 -0.064994 0.074608
v 0.225236 -0.376273 0.074608
v 0.224808 -0.376273 -0.075886
v -0.280910 0.365989 -0.046394
v -0.280852 0.365989 -0.025888
v -0.255854 0.334409 -0.025959
v -0.255912 0.334409 -0.046465
v -0.280700 0.365989 0.027478
v -0.255643 0.334409 0.047913
v -0.255702 0.334409 0.027407
v -0.280641 0.365989 0.047985
v 0.699538 0.223315 -0.001986
v 0.716965 0.224981 0.089812
v 0.690272 0.237471 -0.001960
v 0.698686 0.252668 0.089864
v 0.716443 0.224981 -0.093881
v 0.698164 0.252668 -0.093829
v 0.693054 0.205274 -0.001968
v 0.702965 0.190981 0.089852
v 0.702443 0.190981 -0.093842
v 0.507779 0.191399 0.090406
v 0.507257 0.191399 -0.093287
v 0.501415 0.207528 -0.001424
v 0.407779 0.101399 0.090690
v 0.407258 0.101399 -0.093004
v 0.401375 0.117513 -0.001139
v 0.197780 0.101399 0.091286
v 0.197258 0.101399 -0.092407
v 0.187801 0.115646 -0.000533
v 0.174780 0.086010 -0.000496
v 0.192232 0.087381 0.091302
v 0.191710 0.087381 -0.092392
v 0.206685 0.063363 0.091261
v 0.206163 0.063363 -0.092433
v 0.197912 0.048364 -0.000562
v 0.422566 0.047248 -0.001200
v 0.416684 0.063363 0.090664
v 0.416163 0.063363 -0.093029
v 0.516684 0.153363 0.090381
v 0.516162 0.153363 -0.093313
v 0.522476 0.137216 -0.001483
v 0.672166 0.144198 -0.001908
v 0.686765 0.153781 0.089898
v 0.686243 0.153781 -0.093796
v 0.634652 0.067316 -0.001802
v 0.646965 0.054981 0.090011
v 0.646444 0.054981 -0.093683
v 0.576965 0.024981 0.090209
v 0.576444 0.024981 -0.093484
v 0.564476 0.037140 -0.001603
v 0.597561 -0.032572 -0.001696
v 0.567444 0.000618 -0.093458
v 0.598444 -0.015365 -0.093546
v 0.551625 -0.005617 -0.001566
v 0.576444 0.024981 -0.093484
v 0.564476 0.037140 -0.001603
v 0.576965 0.024981 0.090209
v 0.567965 0.000618 0.090235
v 0.598965 -0.015365 0.090147
v 0.543084 0.295323 0.090306
v 0.535923 0.311128 -0.001521
v 0.505779 0.276626 -0.001436
v 0.542562 0.295323 -0.093388
v 0.523084 0.273995 0.090362
v 0.522562 0.273995 -0.093331
v 0.533084 0.252668 0.090334
v 0.532562 0.252668 -0.093359
v 0.523529 0.238141 -0.001486
v -0.315132 0.148920 0.070569
v -0.315528 0.148920 -0.068778
v -0.275132 0.201073 0.070455
v -0.275528 0.201073 -0.068892
v -0.265827 0.195031 -0.077068
v -0.265385 0.195031 0.078576
v -0.292568 0.153302 0.078653
v -0.293010 0.153302 -0.076990
v 0.601216 0.348349 0.034448
v 0.601278 0.300450 0.056125
v 0.601278 0.348349 0.056125
v 0.601216 0.300450 0.034448
v 0.600949 0.348349 -0.059543
v 0.600949 0.300450 -0.059543
v 0.601011 0.348349 -0.037867
v 0.601011 0.300450 -0.037867
v -0.278054 0.307956 0.009071
v -0.285176 0.346974 -0.000381
v -0.285169 0.346974 0.001997
v -0.278101 0.307956 -0.007496
v -0.255912 0.334409 -0.046465
v -0.255854 0.334409 -0.025959
v -0.255854 0.308993 -0.025959
v -0.255912 0.308993 -0.046465
v -0.255912 0.308993 -0.046465
v -0.255854 0.308993 -0.025959
v -0.255912 0.282926 -0.046465
v -0.255854 0.282926 -0.025959
v -0.255778 0.282926 0.000724
v -0.255778 0.308993 0.000724
v -0.255702 0.308993 0.027407
v -0.255702 0.282926 0.027407
v -0.255643 0.282926 0.047913
v -0.255643 0.308993 0.047913
v -0.255643 0.334409 0.047913
v -0.255702 0.334409 0.027407
v 0.654098 0.317290 -0.001899
v 0.654142 0.302606 0.013605
v 0.654142 0.320348 0.013605
v 0.654054 0.302606 -0.017404
v 0.654054 0.320348 -0.017404
v 0.654188 0.345338 0.029616
v 0.654145 0.328940 0.014539
v 0.654162 0.323082 0.020397
v 0.654164 0.345338 0.021331
v 0.654162 0.367593 0.020397
v 0.654145 0.361735 0.014539
v 0.654098 0.376812 -0.001858
v 0.654098 0.368527 -0.001858
v 0.654052 0.361735 -0.018256
v 0.654035 0.367593 -0.024114
v 0.654033 0.345338 -0.025048
v 0.654009 0.345338 -0.033332
v 0.654052 0.328940 -0.018256
v 0.654035 0.323082 -0.024114
v 0.654098 0.322148 -0.001858
v 0.654098 0.313864 -0.001858
v 0.654145 0.328940 0.014539
v 0.154916 -0.387559 -0.115037
v 0.304720 -0.289148 -0.000865
v 0.308407 -0.352595 -0.115474
v 0.490128 -0.309225 -0.115990
v 0.136829 -0.333259 -0.000388
v 0.503457 -0.248058 -0.001429
v 0.155567 -0.387559 0.114157
v 0.490778 -0.309225 0.113204
v 0.309058 -0.352595 0.113720
v -0.788929 0.155841 -0.024165
v -0.616157 0.166778 0.001748
v -0.616232 0.155841 -0.024657
v -0.616263 0.129436 -0.035594
v -0.788854 0.166779 0.002240
v -0.788961 0.129436 -0.035103
v -0.616082 0.155841 0.028153
v -0.788929 0.103031 -0.024165
v -0.788779 0.155841 0.028644
v -0.616232 0.103031 -0.024657
v -0.788748 0.129436 0.039581
v -0.616157 0.092094 0.001748
v -0.616049 0.129436 0.039090
v -0.788854 0.092094 0.002240
v -0.616082 0.103031 0.028153
v -0.788779 0.103031 0.028644
vn -1.0000 -0.0000 0.0028
vn -1.0000 0.0002 0.0031
vn -1.0000 0.0004 0.0032
vn -1.0000 -0.0003 0.0031
vn -1.0000 -0.0000 0.0029
vn -1.0000 0.0002 0.0030
vn -1.0000 0.0005 0.0033
vn -1.0000 -0.0000 0.0030
vn -1.0000 0.0003 0.0031
vn 0.0020 0.7071 0.7071
vn -0.6290 0.5488 0.5506
vn 0.0029 -0.0000 1.0000
vn -0.6284 -0.0005 0.7779
vn 0.0020 -0.7071 0.7071
vn -0.6292 -0.5487 0.5505
vn -0.6306 -0.7761 0.0023
vn -0.0005 -1.0000 0.0005
vn -0.6324 -0.5486 -0.5469
vn -0.0025 -0.7071 -0.7071
vn -0.0031 -0.0002 -1.0000
vn -0.6326 -0.0003 -0.7745
vn -0.0020 0.7071 -0.7071
vn -0.6290 -0.5489 0.5505
vn -0.6323 -0.5487 -0.5470
vn -0.6305 -0.7762 0.0023
vn -0.6318 0.5490 -0.5472
vn -0.0005 1.0000 0.0005
vn -0.6303 0.7764 0.0018
vn -1.0000 0.0006 0.0023
vn -1.0000 0.0004 0.0025
vn -0.8944 -0.4472 0.0025
vn -0.5983 -0.8013 0.0022
vn -0.5982 -0.8013 0.0022
vn 0.7235 -0.6903 -0.0016
vn 0.3620 -0.8460 -0.3915
vn 0.6837 -0.6525 -0.3269
vn 0.3688 -0.9295 -0.0005
vn -0.0299 -0.9166 -0.3988
vn -0.0319 -0.9995 0.0006
vn -0.0277 -0.9165 0.3990
vn 0.3642 -0.8460 0.3894
vn 0.6855 -0.6525 0.3230
vn 0.0163 -0.9999 -0.0000
vn 0.6470 -0.7625 -0.0018
vn 0.6472 -0.7623 -0.0013
vn -0.6121 -0.7908 0.0017
vn -0.6120 -0.7908 0.0022
vn 1.0000 0.0005 -0.0033
vn 1.0000 0.0004 -0.0033
vn 0.8945 0.4470 -0.0031
vn 0.5982 0.8013 -0.0022
vn 0.8945 0.4470 -0.0030
vn 0.9398 0.3416 -0.0032
vn 1.0000 0.0002 -0.0030
vn 0.9398 0.3416 -0.0031
vn 1.0000 -0.0000 -0.0028
vn -0.9839 0.1789 0.0028
vn -0.9838 0.1794 0.0023
vn -0.9838 0.1792 0.0025
vn -0.9838 0.1793 0.0024
vn 0.9055 -0.3824 -0.1838
vn 0.9211 -0.3894 -0.0021
vn 0.7052 -0.6837 -0.1876
vn -0.0483 -0.9988 0.0006
vn -0.0459 -0.9826 -0.1802
vn 0.7168 -0.6972 -0.0015
vn 0.7063 -0.6836 0.1839
vn -0.0449 -0.9826 0.1804
vn 0.9066 -0.3824 0.1787
vn 0.9210 -0.3895 -0.0026
vn 0.9047 -0.3827 -0.1871
vn 0.9058 -0.3827 0.1820
vn 0.9306 -0.3659 -0.0021
vn 0.9151 -0.3599 -0.1818
vn 0.9161 -0.3599 0.1766
vn 0.9940 0.1090 -0.0033
vn 0.9753 0.1080 -0.1929
vn 0.9764 0.1080 0.1873
vn 0.4658 0.8646 -0.1883
vn 0.4668 0.8647 0.1856
vn 0.4746 0.8802 -0.0017
vn 0.0034 0.0005 1.0000
vn 0.0033 0.0005 1.0000
vn -0.0020 -0.7071 -0.7071
vn -0.0033 -0.0005 -1.0000
vn -0.0034 -0.0005 -1.0000
vn -0.0015 0.7071 -0.7071
vn 0.0005 1.0000 -0.0005
vn 0.0025 0.7071 0.7071
vn 0.0034 0.0007 1.0000
vn 0.7017 0.7125 -0.0024
vn 0.7018 0.7124 -0.0020
vn 0.7017 0.7125 -0.0025
vn 1.0000 0.0004 -0.0024
vn 1.0000 0.0005 -0.0023
vn 1.0000 0.0006 -0.0024
vn 1.0000 0.0003 -0.0025
vn 1.0000 0.0005 -0.0024
vn 1.0000 0.0003 -0.0032
vn 1.0000 0.0001 -0.0028
vn 1.0000 0.0001 -0.0029
vn 1.0000 0.0003 -0.0031
vn 1.0000 -0.0000 -0.0031
vn 1.0000 -0.0002 -0.0030
vn 1.0000 -0.0001 -0.0029
vn 1.0000 -0.0003 -0.0031
vn 1.0000 -0.0005 -0.0033
vn 1.0000 -0.0000 -0.0029
vn -0.5547 0.8320 0.0016
vn -0.5547 0.8321 0.0016
vn -0.7633 -0.6461 0.0026
vn -0.7634 -0.6460 0.0022
vn -0.7930 0.6093 0.0022
vn -0.8683 0.4960 0.0025
vn -0.6548 0.7558 0.0016
vn -0.6549 0.7557 0.0015
vn -0.9900 0.1409 0.0028
vn 0.4227 0.9063 -0.0015
vn 0.4227 0.9063 -0.0012
vn -0.4226 0.9063 0.0017
vn -0.9525 -0.3044 0.0030
vn -0.4584 -0.8887 0.0013
vn -0.4587 -0.8886 0.0018
vn -0.9526 -0.3043 0.0027
vn -1.0000 -0.0004 0.0025
vn -1.0000 -0.0005 0.0024
vn 0.8683 0.4960 -0.0025
vn 0.8683 0.4960 -0.0028
vn 0.9900 0.1410 -0.0028
vn 0.6550 0.7556 -0.0023
vn 0.6550 0.7556 -0.0022
vn 0.4227 0.9063 -0.0017
vn 0.4227 0.9063 -0.0016
vn 0.4226 0.9063 -0.0017
vn -0.9398 0.3416 0.0032
vn -0.4227 0.9063 0.0017
vn -0.4227 0.9063 0.0016
vn -0.0005 1.0000 -0.0005
vn 0.4352 0.9003 -0.0017
vn 0.4352 0.9003 -0.0018
vn 0.3825 -0.9240 -0.0006
vn -0.4341 -0.9009 0.0017
vn -0.4341 -0.9009 0.0018
vn 0.1485 0.5332 0.8329
vn 0.1163 0.5351 0.8368
vn -0.2225 -0.2469 0.9432
vn -0.2227 -0.2468 0.9431
vn -0.2225 -0.2468 0.9432
vn -0.2227 -0.2466 0.9432
vn -0.2226 -0.2466 0.9432
vn -0.2226 -0.2467 0.9432
vn -0.2279 -0.2467 -0.9419
vn -0.2280 -0.2466 -0.9419
vn -0.2280 -0.2467 -0.9419
vn -0.2279 -0.2468 -0.9419
vn -0.2279 -0.2469 -0.9419
vn -0.2278 -0.2468 -0.9419
vn -0.2277 -0.2468 -0.9419
vn 0.0002 0.9810 0.1938
vn -0.0001 0.9810 0.1940
vn -0.0000 0.9810 0.1940
vn -0.0003 0.9811 -0.1937
vn -0.0001 0.9810 -0.1938
vn -0.0005 0.9811 -0.1935
vn -0.0028 -0.0005 -1.0000
vn 0.0015 0.7071 0.7071
vn 0.4657 0.8647 -0.1883
vn -0.4059 0.9139 0.0007
vn 0.4745 0.8803 -0.0019
vn -0.4007 0.8987 -0.1782
vn 0.4667 0.8647 0.1857
vn -0.3997 0.8987 0.1805
vn 0.1157 0.5353 0.8367
vn -0.1973 0.4548 0.8685
vn -0.2057 0.4509 0.8685
vn -0.1970 0.4552 0.8683
vn -0.2057 0.4510 0.8685
vn 0.0024 0.5387 0.8425
vn 0.3826 -0.9239 -0.0006
vn 0.3827 -0.9239 -0.0011
vn -0.7071 -0.7071 0.0020
vn -0.7071 -0.7071 0.0023
vn -1.0000 0.0005 0.0023
vn -0.2106 0.4509 -0.8674
vn 0.1115 0.5351 -0.8374
vn -0.2019 0.4552 -0.8672
vn -0.2021 0.4549 -0.8673
vn 0.1442 0.5329 -0.8338
vn -0.0024 0.5387 -0.8425
vn 0.1437 0.5332 -0.8337
vn -0.4126 0.9109 0.0006
vn -0.4130 0.9108 0.0010
vn -0.4132 0.9106 0.0012
vn 0.2312 0.9729 -0.0011
vn 0.2310 0.9729 -0.0007
vn 0.2311 0.9729 -0.0011
vn 0.1161 0.5352 0.8367
vn 0.0027 0.5387 0.8425
vn 0.1482 0.5332 0.8329
vn -0.0032 -0.0004 -1.0000
vn -0.0031 -0.0003 -1.0000
vn -0.0028 -0.0000 -1.0000
vn 0.0024 0.0005 1.0000
vn 0.0025 0.0004 1.0000
vn 0.0028 -0.0000 1.0000
vn 0.0031 0.0003 1.0000
vn -0.6076 0.7943 0.0013
vn -0.6075 0.7943 0.0017
vn -0.6075 0.7943 0.0014
vn -0.4242 0.9056 0.0012
vn -0.4246 0.9054 0.0007
vn -0.4246 0.9054 0.0012
vn 0.0025 0.0003 1.0000
vn 0.0026 0.0002 1.0000
vn 0.0024 -0.0005 1.0000
vn -0.0033 0.0005 -1.0000
vn -0.0032 0.0004 -1.0000
vn -0.0032 0.0003 -1.0000
vn 0.0023 -0.0006 1.0000
vn 0.0024 -0.0004 1.0000
vn 0.0023 0.0006 1.0000
vn 0.0026 -0.0002 1.0000
vn 0.0025 -0.0004 1.0000
vn 0.8806 -0.4738 -0.0025
vn 0.8808 -0.4735 -0.0022
vn 0.2650 0.2878 0.9203
vn 0.2650 0.2876 0.9204
vn 0.3826 -0.9239 -0.0005
vn -0.3827 -0.9239 0.0011
vn -0.3826 -0.9239 0.0014
vn 0.3826 -0.9239 -0.0007
vn -0.0032 -0.0003 -1.0000
vn 0.0032 0.0004 1.0000
vn 0.0031 0.0002 1.0000
vn 0.0032 0.0003 1.0000
vn 0.0026 0.0003 1.0000
vn -0.0033 -0.1862 -0.9825
vn -0.0026 0.5319 -0.8468
vn -0.0028 -0.1863 -0.9825
vn -0.0024 0.5317 -0.8469
vn -0.0025 -0.4907 -0.8713
vn -0.0031 -0.4912 -0.8710
vn 0.0028 -0.1863 0.9825
vn 0.0020 -0.4911 0.8711
vn 0.0021 -0.4909 0.8712
vn 0.0021 0.5320 0.8467
vn 0.0022 0.5319 0.8468
vn 0.0032 0.1792 0.9838
vn 0.0031 0.1793 0.9838
vn 0.0032 0.1793 0.9838
vn 0.0033 0.1794 0.9838
vn -0.0033 0.1793 -0.9838
vn -0.0032 0.1794 -0.9838
vn -0.0032 0.1793 -0.9838
vn -0.0033 0.1794 -0.9838
vn -0.0032 -0.5387 -0.8425
vn -0.1495 -0.5338 -0.8323
vn -0.0024 -0.5387 -0.8425
vn -0.1143 -0.5360 -0.8364
vn -0.1487 -0.5333 -0.8327
vn -0.1157 -0.5353 -0.8367
vn 0.1974 -0.4548 -0.8685
vn 0.2061 -0.4508 -0.8685
vn 0.1970 -0.4552 -0.8683
vn 0.2057 -0.4509 -0.8685
vn -0.0027 -0.5387 -0.8425
vn -0.9778 0.0630 -0.1999
vn -0.9979 0.0652 0.0033
vn -0.9979 0.0650 0.0033
vn -0.9766 0.0630 0.2055
vn 0.0030 0.0002 1.0000
vn -0.1447 -0.5338 0.8331
vn -0.1438 -0.5332 0.8337
vn -0.1096 -0.5360 0.8371
vn 0.0024 -0.5387 0.8425
vn 0.0021 -0.5387 0.8425
vn 0.2021 -0.4549 0.8673
vn 0.2112 -0.4508 0.8673
vn 0.2019 -0.4552 0.8672
vn -0.1110 -0.5353 0.8374
vn -0.1437 -0.5332 0.8337
vn 0.0033 -0.0005 1.0000
vn 0.0025 -0.7071 0.7071
vn -0.0027 -0.7071 -0.7071
vn -0.0025 0.7071 -0.7071
vn 0.0034 -0.0003 1.0000
vn 0.2597 0.2878 -0.9218
vn 0.2598 0.2878 -0.9218
vn 0.2598 0.2879 -0.9217
vn 0.2598 0.2877 -0.9218
vn 0.2598 0.2876 -0.9218
vn 0.7148 0.5887 0.3775
vn 0.7713 0.6365 -0.0028
vn 0.7713 0.6365 -0.0027
vn 0.7126 0.5887 -0.3816
vn 0.2651 0.2878 0.9203
vn 0.2650 0.2877 0.9203
vn -0.8993 0.4373 0.0031
vn -0.8994 0.4372 0.0030
vn -0.8994 0.4371 0.0030
vn -0.8993 0.4374 0.0032
vn -0.8931 0.4498 0.0020
vn -0.8932 0.4497 0.0025
vn -0.3990 -0.9169 0.0015
vn -0.3987 -0.9171 0.0011
vn -0.4339 -0.9010 0.0012
vn -0.9809 -0.1943 0.0028
vn -0.9809 -0.1944 0.0028
vn -0.5691 0.8223 0.0013
vn -0.5691 0.8223 0.0011
vn -0.3162 0.9487 0.0002
vn -0.5692 0.8222 0.0012
vn -0.5692 0.8222 0.0013
vn -0.3162 0.9487 0.0009
vn -0.3162 0.9487 0.0004
vn -0.3310 0.9436 0.0009
vn 0.8320 0.5547 -0.0024
vn 0.8321 0.5547 -0.0024
vn 0.7203 -0.6937 -0.0020
vn 0.7205 -0.6934 -0.0017
vn 0.2145 -0.9767 -0.0002
vn 0.2145 -0.9767 -0.0006
vn 0.7713 -0.6365 -0.0017
vn 0.7716 -0.6361 -0.0022
vn 0.9894 -0.1451 -0.0034
vn 0.9894 -0.1451 -0.0033
vn 0.8856 -0.4644 -0.0021
vn -0.2299 -0.9732 0.0010
vn 0.4126 -0.9109 -0.0006
vn 0.4130 -0.9107 -0.0010
vn 0.4132 -0.9106 -0.0012
vn -0.2298 -0.9732 0.0007
vn -0.2300 -0.9732 0.0012
vn -0.2298 -0.9732 0.0012
vn 0.4274 -0.9041 -0.0008
vn -0.2298 -0.9732 0.0011
vn 0.4274 -0.9040 -0.0009
vn 0.7071 -0.7071 -0.0020
vn -0.5303 -0.8275 -0.1845
vn -0.4753 -0.8798 0.0019
vn -0.5387 -0.8425 0.0020
vn -0.4679 -0.8649 -0.1818
vn -0.5292 -0.8275 0.1875
vn -0.4669 -0.8649 0.1844
vn 0.4214 0.9069 -0.0007
vn -0.7018 0.7124 0.0020
vn 0.0019 0.7071 0.7071
vn 0.0028 0.0006 1.0000
vn 0.0023 0.0004 1.0000
vn 0.0028 0.0004 1.0000
vn 0.0005 -1.0000 -0.0005
vn 0.0005 -1.0000 0.0005
vn 0.4215 0.9068 -0.0007
vn 0.9392 0.3435 -0.0027
vn 0.4353 0.9003 -0.0017
vn 0.4353 0.9003 -0.0018
vn 0.9444 0.3288 -0.0032
vn 0.4353 0.9003 -0.0016
vn -0.9946 -0.1041 0.0023
vn -0.9777 -0.1011 0.1840
vn -0.4753 -0.8798 0.0017
vn -0.4669 -0.8649 0.1845
vn -0.9788 -0.1011 -0.1784
vn -0.4679 -0.8649 -0.1817
vn -0.5612 0.8277 0.0021
vn -0.5492 0.8125 0.1956
vn -0.5502 0.8126 -0.1924
vn -0.3487 0.9197 0.1804
vn -0.3497 0.9197 -0.1784
vn -0.3552 0.9348 0.0015
vn -0.3536 0.9178 0.1803
vn -0.3546 0.9179 -0.1783
vn -0.3600 0.9329 0.0014
vn -0.5422 0.8174 0.1945
vn -0.5433 0.8174 -0.1915
vn -0.5546 0.8321 0.0021
vn -0.9973 -0.0728 0.0033
vn -0.9803 -0.0709 0.1841
vn -0.9814 -0.0709 -0.1785
vn -0.4817 -0.8554 0.1904
vn -0.4828 -0.8554 -0.1876
vn -0.4910 -0.8712 0.0009
vn 0.3576 -0.9339 -0.0010
vn 0.3516 -0.9186 0.1802
vn 0.3506 -0.9186 -0.1822
vn 0.3635 -0.9171 0.1637
vn 0.3625 -0.9171 -0.1657
vn -0.8317 -0.5552 0.0029
vn -0.8046 -0.5377 0.2519
vn -0.8060 -0.5377 -0.2473
vn -0.7041 0.7101 0.0020
vn -0.6939 0.7003 0.1677
vn -0.6948 0.7003 -0.1637
vn -0.7271 0.6622 0.1813
vn -0.7281 0.6621 -0.1773
vn -0.7372 0.6757 0.0016
vn -0.0484 -0.9988 0.0007
vn -0.9131 -0.3573 -0.1963
vn -0.0460 -0.9826 -0.1802
vn -0.9311 -0.3647 0.0031
vn -0.7282 0.6621 -0.1772
vn -0.7372 0.6756 0.0016
vn -0.7272 0.6620 0.1814
vn -0.9120 -0.3573 0.2015
vn -0.0450 -0.9826 0.1804
vn -0.3998 0.8986 0.1805
vn -0.4059 0.9139 0.0006
vn -0.9890 0.1480 0.0023
vn -0.4008 0.8987 -0.1781
vn -0.9706 0.1452 0.1918
vn -0.9717 0.1452 -0.1863
vn -0.5302 -0.8276 -0.1845
vn -0.5387 -0.8425 0.0021
vn 0.7935 -0.6086 -0.0023
vn 0.7939 -0.6081 -0.0016
vn 0.8379 -0.5458 -0.0024
vn 0.8379 -0.5458 -0.0018
vn 0.8379 -0.5458 -0.0019
vn -0.9398 0.3416 0.0031
vn 0.9838 0.1795 -0.0035
vn 0.9838 0.1794 -0.0033
vn 0.9838 0.1794 -0.0034
vn 0.9838 0.1791 -0.0030
vn 1.0000 0.0002 -0.0031
vn 1.0000 0.0004 -0.0032
vn -1.0000 0.0005 0.0024
vn -1.0000 -0.0005 0.0033
vn -1.0000 0.0003 0.0026
vn -1.0000 0.0002 0.0026
vn -1.0000 0.0002 0.0027
vn -1.0000 0.0001 0.0029
vn -1.0000 -0.0002 0.0031
vn -1.0000 -0.0004 0.0032
vn -1.0000 -0.0004 0.0033
vn -1.0000 -0.0005 0.0034
vn -0.2130 0.8608 -0.4623
vn -0.2272 0.9738 0.0011
vn -0.2040 0.8631 -0.4620
vn -0.1933 0.8654 -0.4622
vn -0.2389 0.9710 0.0012
vn -0.2164 0.9763 0.0011
vn -0.2104 0.8608 0.4634
vn -0.1907 0.8654 0.4633
vn -0.2014 0.8631 0.4632
vn 0.0005 1.0000 0.0005
vn -0.0029 -0.7071 -0.7071
vn 0.0023 0.7071 0.7071
vn 0.0031 -0.0002 1.0000
vn 0.0023 -0.7071 0.7071
vt 0.000000 0.000000
vt 0.750000 1.000000
vt 0.250000 1.000000
vt 0.625000 1.000000
vt 0.500000 1.000000
vt 0.375000 1.000000
vt 0.875000 1.000000
vt 0.000000 1.000000
vt 0.125000 1.000000
vt 0.625000 0.250000
vt 0.375000 0.000000
vt 0.625000 0.000000
vt 0.375000 0.250000
vt 0.500000 0.000000
vt 0.500000 0.250000
vt 0.375000 0.500000
vt 0.375000 0.750000
vt 0.625000 0.375000
vt 0.625000 0.750000
vt 0.625000 0.500000
vt 0.500000 0.750000
vt 0.500000 0.500000
vt 0.625000 0.625000
vt 1.000000 1.000000
vt 1.000000 0.500000
vt 0.875000 0.500000
vt 0.750000 0.500000
vt 0.250000 0.500000
vt 0.125000 0.500000
vt 0.000000 0.500000
vt 0.625000 0.125000
vt 0.609668 0.390332
vt 0.510000 0.250000
vt 0.580294 0.419706
vt 0.551540 0.250000
vt 0.609668 0.109668
vt 0.580294 0.080294
vt 0.750000 0.051540
vt 0.750000 0.010000
vt 0.890332 0.109668
vt 0.919706 0.080294
vt 0.948459 0.250000
vt 0.990000 0.250000
vt 0.919706 0.419706
vt 0.890332 0.390332
vt 0.750000 0.490000
vt 0.750000 0.448460
vt 0.685478 0.344761
vt 0.685478 0.405239
vt 1.000000 0.000000
vt 0.125000 0.750000
vt 0.791667 0.750000
vt 0.875000 0.750000
vt 0.791667 0.500000
vt 0.708333 0.750000
vt 0.708333 0.500000
vt 0.649191 0.387096
vt 0.661287 0.393143
vt 0.673382 0.399191
vt 0.649191 0.362904
vt 0.637096 0.368952
vt 0.661287 0.356857
vt 0.875000 0.625000
vt 1.000000 0.768581
vt 1.000000 0.567789
vt 0.875000 0.567789
vt 0.875000 0.768581
vt 0.750000 0.768581
vt 0.750000 0.567789
vt 0.625000 0.567789
vt 0.625000 0.768581
vt 0.745956 0.439522
vt 0.745956 0.810478
vt 0.294921 0.750000
vt 0.294921 0.500000
vt 0.537851 0.277471
vt 0.563846 0.461217
vt 0.498654 0.266885
vt 0.498654 0.444876
vt 0.563846 0.788783
vt 0.563846 0.965352
vt 0.498654 0.805124
vt 0.498654 0.983115
vt 0.524649 0.976123
vt 0.625000 0.333333
vt 0.625000 0.416667
vt 0.125000 0.599685
vt 0.375000 0.650315
vt 0.375000 0.599685
vt 0.125000 0.650315
vt 0.673382 0.350809
vt 0.625000 0.916667
vt 0.625000 0.833333
vt 0.637096 0.381048
vt 0.625000 0.650315
vt 0.875000 0.650315
vt 0.875000 0.599685
vt 0.625000 0.599685
vt 0.375000 0.625000
vt 0.125000 0.625000
vt 0.500000 0.567789
vt 0.500000 0.768581
vt 0.375000 0.768581
vt 0.375000 0.567789
vt 0.250000 0.768581
vt 0.250000 0.567789
vt 0.125000 0.567789
vt 0.125000 0.768581
vt 0.000000 0.567789
vt 0.000000 0.768581
vt 0.500000 0.625000
vt 0.500000 0.125000
vt 0.375000 0.125000
vt 0.375000 0.099685
vt 0.375000 0.150315
vt 0.474685 0.099685
vt 0.625000 0.150315
vt 0.250000 0.490000
vt 0.390332 0.390332
vt 0.419706 0.419706
vt 0.250000 0.448460
vt 0.080294 0.419706
vt 0.109668 0.390332
vt 0.010000 0.250000
vt 0.051540 0.250000
vt 0.109668 0.109668
vt 0.080294 0.080294
vt 0.250000 0.051540
vt 0.250000 0.010000
vt 0.390332 0.109668
vt 0.419706 0.080294
vt 0.448459 0.250000
vt 0.490000 0.250000
s 1
f 483/33/281 484/33/281 485/33/282
f 484/33/281 486/33/283 485/33/282
f 485/33/282 487/33/284 483/33/281
f 486/33/283 484/33/281 488/33/285
f 489/33/286 483/33/281 487/33/284
f 490/33/287 486/33/283 488/33/285
f 483/33/281 489/33/286 491/33/286
f 490/33/287 488/33/285 492/33/288
f 493/33/281 491/33/286 489/33/286
f 494/33/285 490/33/287 492/33/288
f 491/33/286 493/33/281 495/33/285
f 494/33/285 492/33/288 496/33/284
f 497/33/289 495/33/285 493/33/281
f 498/33/281 494/33/285 496/33/284
f 495/33/285 497/33/289 498/33/281
f 494/33/285 498/33/281 497/33/289
f 499/33/290 500/33/291 501/33/292
f 502/33/293 501/33/292 500/33/291
f 501/33/292 502/33/293 503/33/294
f 504/33/295 503/33/294 502/33/293
f 505/33/296 503/33/294 504/33/295
f 503/33/294 505/33/296 506/33/297
f 507/33/298 506/33/297 505/33/296
f 506/33/297 507/33/298 508/33/299
f 507/33/298 509/33/300 508/33/299
f 509/33/300 507/33/298 510/33/301
f 510/33/301 511/33/302 509/33/300
f 500/33/291 512/33/303 502/33/293
f 512/33/303 513/33/304 505/33/305
f 500/33/291 513/33/304 512/33/303
f 500/33/291 510/33/301 513/33/304
f 511/33/302 510/33/301 514/33/306
f 510/33/301 500/33/291 514/33/306
f 511/33/302 514/33/306 515/33/307
f 514/33/306 500/33/291 516/33/308
f 516/33/308 515/33/307 514/33/306
f 500/33/291 499/33/290 516/33/308
f 515/33/307 516/33/308 499/33/290
f 517/34/283 518/35/281 519/36/282
f 519/36/282 518/35/281 520/37/289
f 520/37/289 518/35/281 521/38/289
f 518/35/281 517/34/283 522/39/281
f 523/40/281 518/35/281 522/39/281
f 518/35/281 523/40/281 524/41/283
f 525/42/309 526/43/309 527/44/310
f 526/43/309 525/42/309 528/45/310
f 529/46/311 530/47/311 531/43/312
f 531/43/312 530/47/311 532/45/313
f 533/33/314 534/33/315 535/33/316
f 534/33/315 533/33/314 536/33/317
f 536/33/317 537/33/318 534/33/315
f 536/33/317 538/33/319 537/33/318
f 536/33/317 539/33/320 538/33/319
f 539/33/320 536/33/317 540/33/321
f 533/33/314 540/33/321 536/33/317
f 540/33/321 533/33/314 541/33/322
f 542/48/297 543/48/297 544/49/297
f 542/48/297 544/49/297 545/49/297
f 546/50/323 547/50/323 548/51/324
f 548/51/324 547/50/323 549/52/325
f 546/50/323 550/42/326 547/50/323
f 551/44/327 550/42/326 546/50/323
f 552/51/328 553/48/328 554/52/329
f 553/48/328 552/51/328 555/49/329
f 556/48/330 557/53/331 558/49/332
f 557/53/331 556/48/330 559/54/331
f 560/42/333 561/43/334 562/44/335
f 561/43/334 560/42/333 563/45/336
f 564/44/333 565/43/334 566/42/335
f 566/42/335 565/43/334 567/45/336
f 568/52/283 569/48/283 570/51/283
f 570/51/283 569/48/283 571/49/289
f 572/49/287 573/48/283 574/49/283
f 573/48/283 575/48/289 574/49/283
f 576/49/310 572/49/287 574/49/283
f 576/49/310 574/49/283 577/49/310
f 578/49/282 576/49/310 577/49/310
f 576/49/310 578/49/282 579/49/282
f 578/49/282 580/48/282 579/49/282
f 580/48/282 578/49/282 581/48/281
f 580/48/282 582/51/282 579/49/282
f 582/51/282 580/48/282 583/52/281
f 584/49/337 585/52/338 586/51/339
f 585/52/338 584/49/337 587/48/340
f 588/51/341 589/55/342 590/51/343
f 590/51/343 591/55/344 592/51/345
f 591/55/344 590/51/343 593/55/346
f 589/55/342 593/55/346 590/51/343
f 594/52/347 591/55/344 593/55/346
f 589/55/342 594/52/347 593/55/346
f 595/52/348 591/55/344 594/52/347
f 594/52/347 589/55/342 596/52/349
f 589/55/342 588/51/341 597/55/350
f 597/55/350 596/52/349 589/55/342
f 598/51/351 597/55/350 588/51/341
f 596/52/349 597/55/350 599/52/352
f 597/55/350 598/51/351 600/55/353
f 600/55/353 599/52/352 597/55/350
f 601/51/354 600/55/353 598/51/351
f 599/52/352 600/55/353 602/52/355
f 600/55/353 601/51/354 603/55/356
f 603/55/356 602/52/355 600/55/353
f 604/51/357 603/55/356 601/51/354
f 602/52/355 603/55/356 605/52/358
f 606/51/359 603/55/356 604/51/357
f 607/52/360 605/52/358 603/55/356
f 603/55/356 606/51/359 608/55/361
f 608/55/361 607/52/360 603/55/356
f 609/56/362 610/39/294 611/57/363
f 611/57/363 610/39/294 612/58/294
f 610/39/294 613/34/297 612/58/294
f 612/58/294 613/34/297 614/59/297
f 613/34/297 615/52/364 614/59/297
f 615/52/364 613/34/297 616/36/364
f 617/37/365 615/52/364 616/36/364
f 618/54/366 615/52/364 617/37/365
f 619/38/367 618/54/366 620/37/365
f 621/48/367 618/54/366 619/38/367
f 622/38/367 623/35/368 621/48/367
f 621/48/367 623/35/368 624/60/368
f 623/35/368 625/61/369 624/60/368
f 625/61/369 623/35/368 626/41/369
f 625/61/369 627/40/370 628/62/362
f 629/41/369 627/40/370 625/61/369
f 630/52/371 631/45/372 632/42/372
f 631/45/372 630/52/371 633/48/373
f 634/63/374 635/43/375 636/44/376
f 634/63/374 637/45/377 635/43/375
f 637/45/377 634/63/374 638/42/378
f 639/64/379 640/65/378 641/66/380
f 640/65/378 639/64/379 642/67/377
f 643/68/381 640/65/378 642/67/377
f 640/65/378 643/68/381 644/69/381
f 645/70/380 644/69/382 646/68/383
f 644/69/382 645/70/380 647/71/384
f 648/72/385 647/71/384 645/70/380
f 647/71/384 648/72/385 649/73/385
f 650/74/386 649/73/385 648/72/385
f 649/73/385 650/74/386 651/75/336
f 652/76/387 651/75/336 650/74/386
f 652/76/387 650/74/386 653/77/386
f 654/78/388 652/76/387 653/77/386
f 654/78/388 653/77/386 655/79/388
f 641/66/382 654/78/388 655/79/388
f 641/66/382 655/79/388 656/64/334
f 657/47/389 658/46/390 659/42/389
f 659/42/389 658/46/390 660/44/390
f 661/44/391 662/80/391 663/42/391
f 664/81/392 665/80/392 666/44/392
f 667/56/393 668/33/393 669/40/393
f 668/33/393 667/56/393 670/82/393
f 671/61/394 672/83/394 673/61/395
f 673/61/395 672/83/394 674/83/396
f 672/83/394 671/61/394 675/83/397
f 675/83/397 671/61/394 676/61/397
f 677/84/398 678/85/333 679/86/399
f 679/86/399 678/85/333 680/58/333
f 679/86/399 681/87/400 677/84/398
f 681/87/400 679/86/399 682/88/400
f 683/42/401 684/44/402 685/42/403
f 686/44/297 685/42/403 684/44/402
f 685/42/403 686/44/297 687/42/297
f 684/44/402 683/42/401 688/44/404
f 683/42/401 689/42/405 688/44/404
f 688/44/404 689/42/405 690/44/406
f 691/48/407 692/49/408 693/48/409
f 693/48/409 692/49/408 694/49/409
f 692/49/408 691/48/407 695/49/410
f 695/49/410 691/48/407 696/48/411
f 697/84/412 698/58/333 699/85/333
f 698/58/333 697/84/412 700/86/413
f 697/84/414 701/88/400 702/86/414
f 697/84/414 703/87/400 701/88/400
f 704/51/415 705/88/416 703/87/417
f 705/88/416 704/51/415 706/52/415
f 707/51/418 708/58/419 709/52/418
f 708/58/419 707/51/418 710/85/420
f 711/85/419 712/51/418 713/52/418
f 711/85/419 713/52/418 714/58/419
f 715/48/421 716/61/422 717/49/421
f 716/61/422 718/83/423 717/49/421
f 719/51/368 720/58/368 721/85/368
f 720/58/368 719/51/368 722/52/368
f 723/53/424 724/53/424 725/49/425
f 726/44/426 727/89/427 728/90/428
f 728/90/428 729/44/428 726/44/426
f 729/44/428 728/90/428 730/91/428
f 727/89/429 731/44/430 732/50/431
f 731/44/430 727/89/429 733/44/429
f 734/42/432 735/92/433 736/93/434
f 735/92/433 734/42/432 737/42/433
f 735/92/434 738/42/435 739/94/436
f 740/42/437 739/94/436 738/42/435
f 739/94/436 740/42/437 741/80/438
f 742/83/418 743/49/418 744/61/418
f 745/48/418 744/61/418 743/49/418
f 746/51/439 747/95/440 748/85/439
f 747/95/440 746/51/439 749/55/441
f 750/95/442 751/55/443 752/52/442
f 750/95/442 752/52/442 753/58/444
f 754/58/418 755/51/418 756/52/418
f 755/51/418 754/58/418 757/85/418
f 758/96/365 759/97/445 760/98/367
f 758/96/365 760/98/367 761/99/302
f 762/100/368 763/99/367 760/98/302
f 764/101/368 762/100/368 760/98/302
f 765/102/446 762/100/368 764/101/368
f 762/100/368 765/102/446 766/103/290
f 767/49/418 768/38/418 769/49/368
f 770/38/368 769/49/368 768/38/418
f 767/49/418 771/38/418 768/38/418
f 771/38/418 767/49/418 772/49/418
f 773/51/447 774/95/448 775/55/449
f 774/95/448 773/51/447 776/85/450
f 774/95/448 777/52/451 775/55/449
f 777/52/451 774/95/448 778/58/452
f 779/51/453 780/37/454 781/53/424
f 779/51/453 781/53/424 782/51/424
f 780/37/454 779/51/453 783/36/455
f 783/36/455 784/36/456 780/37/454
f 785/37/457 780/37/454 784/36/456
f 786/36/458 785/37/457 784/36/456
f 787/37/458 785/37/457 786/36/458
f 788/89/427 789/44/427 790/44/431
f 791/42/434 792/92/434 793/42/434
f 794/48/459 795/49/459 796/48/460
f 796/48/460 795/49/459 797/49/460
f 798/48/461 796/48/460 797/49/460
f 798/48/461 797/49/460 799/49/462
f 800/48/310 798/48/461 799/49/462
f 799/49/462 801/49/463 800/48/310
f 802/42/464 803/52/465 804/47/466
f 804/47/466 805/42/467 802/42/464
f 804/47/466 803/52/465 806/54/468
f 805/42/467 804/47/466 807/47/464
f 807/47/464 808/42/469 805/42/467
f 808/42/469 807/47/464 809/47/469
f 806/54/468 803/52/465 810/54/470
f 806/54/468 810/54/470 811/48/465
f 812/54/469 811/48/465 810/54/470
f 811/48/465 812/54/469 813/48/469
f 814/85/471 815/58/472 816/58/473
f 817/52/474 815/58/472 814/85/471
f 814/85/471 816/58/473 818/85/473
f 819/58/418 818/85/473 816/58/473
f 818/85/473 819/58/418 820/85/418
f 817/52/474 814/85/471 821/51/475
f 817/52/474 821/51/475 822/51/476
f 822/51/476 823/52/476 817/52/474
f 822/51/476 824/51/331 823/52/476
f 825/52/331 823/52/476 824/51/331
f 826/49/477 827/53/478 828/53/479
f 827/53/478 826/49/477 829/49/478
f 830/33/480 831/33/480 832/33/481
f 832/33/481 831/33/480 833/33/300
f 832/33/481 834/33/482 830/33/480
f 830/33/480 834/33/482 835/33/481
f 836/33/483 837/33/483 838/33/484
f 837/33/483 836/33/483 839/33/485
f 839/33/485 840/33/486 837/33/483
f 840/33/486 839/33/485 841/33/486
f 842/80/487 843/81/488 844/104/489
f 844/104/489 843/81/488 845/105/488
f 846/85/490 847/58/491 848/58/491
f 846/85/490 848/58/491 849/85/492
f 850/52/418 847/58/491 846/85/490
f 850/52/418 846/85/490 851/51/418
f 851/51/418 852/52/418 850/52/418
f 852/52/418 851/51/418 853/51/418
f 854/42/493 855/54/494 856/52/493
f 855/54/494 854/42/493 857/47/484
f 857/47/484 858/48/495 855/54/494
f 858/48/495 857/47/484 859/45/495
f 860/53/481 861/53/482 862/49/480
f 860/53/481 862/49/480 863/49/366
f 864/51/496 861/53/482 860/53/481
f 864/51/496 865/51/497 861/53/482
f 866/51/482 861/53/482 865/51/497
f 867/53/482 862/49/480 861/53/482
f 861/53/482 866/51/482 867/53/482
f 862/49/480 867/53/482 868/49/480
f 869/51/300 867/53/482 866/51/482
f 867/53/482 869/51/300 870/53/482
f 870/53/482 868/49/480 867/53/482
f 871/51/481 870/53/482 869/51/300
f 868/49/480 870/53/482 872/49/482
f 873/49/482 868/49/480 872/49/482
f 870/53/482 871/51/481 874/53/482
f 874/53/482 872/49/482 870/53/482
f 871/51/481 875/53/482 874/53/482
f 871/51/481 876/51/300 875/53/482
f 877/51/300 875/53/482 876/51/300
f 875/53/482 877/51/300 878/53/480
f 875/53/482 878/53/480 879/49/481
f 875/53/482 879/49/481 880/49/482
f 874/53/482 875/53/482 880/49/482
f 874/53/482 880/49/482 881/49/300
f 872/49/482 874/53/482 881/49/300
f 882/49/482 872/49/482 881/49/300
f 873/49/482 872/49/482 882/49/482
f 882/49/482 881/49/300 883/49/482
f 882/49/482 884/49/482 873/49/482
f 885/49/482 882/49/482 883/49/482
f 884/49/482 882/49/482 885/49/482
f 885/49/482 883/49/482 886/49/300
f 885/49/482 887/49/481 884/49/482
f 888/49/482 885/49/482 886/49/300
f 885/49/482 889/49/300 887/49/481
f 885/49/482 888/49/482 889/49/300
f 890/36/481 891/51/498 892/53/482
f 892/53/482 893/37/481 890/36/481
f 893/37/481 892/53/482 894/49/481
f 893/37/481 894/49/481 895/38/481
f 896/54/485 897/52/483 898/54/484
f 897/52/483 896/54/485 899/52/483
f 900/52/499 899/52/483 896/54/485
f 898/54/484 901/48/483 896/54/485
f 901/48/483 898/54/484 902/48/500
f 903/54/495 896/54/485 901/48/483
f 901/48/483 904/48/484 903/54/495
f 903/54/495 904/48/484 905/54/485
f 904/48/484 906/48/485 905/54/485
f 907/48/483 906/48/485 904/48/484
f 908/52/485 909/52/484 905/54/485
f 905/54/485 910/54/485 908/52/485
f 910/54/485 905/54/485 906/48/485
f 911/54/485 908/52/485 910/54/485
f 906/48/485 912/48/483 910/54/485
f 913/48/483 910/54/485 912/48/483
f 910/54/485 913/48/483 911/54/485
f 914/48/493 911/54/485 913/48/483
f 911/54/485 914/48/493 915/54/501
f 916/52/483 911/54/485 915/54/501
f 916/52/483 917/52/483 911/54/485
f 918/48/485 912/48/483 906/48/485
f 906/48/485 907/48/483 918/48/485
f 912/48/483 918/48/485 919/48/483
f 920/48/483 918/48/485 907/48/483
f 921/48/485 919/48/483 918/48/485
f 918/48/485 920/48/483 921/48/485
f 919/48/483 921/48/485 922/48/483
f 923/48/484 921/48/485 920/48/483
f 921/48/485 924/48/483 922/48/483
f 921/48/485 923/48/484 925/48/483
f 921/48/485 925/48/483 924/48/483
f 926/52/484 927/54/484 928/52/484
f 929/54/484 930/54/502 931/52/503
f 931/52/503 930/54/502 932/52/483
f 930/54/502 933/54/495 932/52/483
f 934/82/504 935/56/504 936/56/505
f 935/56/504 934/82/504 937/82/505
f 938/51/506 939/51/507 940/89/506
f 941/49/508 942/83/509 943/61/510
f 944/83/509 943/61/510 942/83/509
f 941/49/508 943/61/510 945/48/508
f 944/83/509 946/61/509 943/61/510
f 947/83/297 946/61/509 944/83/509
f 946/61/509 947/83/297 948/61/297
f 941/49/508 945/48/508 949/48/511
f 950/49/511 941/49/508 949/48/511
f 950/49/511 949/48/511 951/48/297
f 952/49/297 950/49/511 951/48/297
f 953/56/300 954/56/512 955/56/300
f 953/56/300 955/56/300 956/56/300
f 954/56/512 953/56/300 957/56/480
f 958/56/300 953/56/300 956/56/300
f 959/40/481 954/56/512 957/56/480
f 959/40/481 958/56/300 956/56/300
f 954/56/512 959/40/481 960/40/481
f 959/40/481 956/56/300 960/40/481
f 961/33/513 962/82/514 963/33/513
f 964/82/513 961/33/513 963/33/513
f 962/82/514 961/33/513 965/82/515
f 966/82/363 961/33/513 964/82/513
f 965/82/515 967/82/513 962/82/514
f 964/82/513 967/82/513 966/82/363
f 962/82/514 967/82/513 968/82/513
f 967/82/513 964/82/513 968/82/513
f 969/49/300 970/49/482 971/49/365
f 972/49/481 969/49/300 973/49/480
f 969/49/300 972/49/481 970/49/482
f 970/49/482 974/49/481 971/49/365
f 974/49/481 975/49/481 971/49/365
f 970/49/482 976/49/480 974/49/481
f 975/49/481 974/49/481 977/49/481
f 975/49/481 977/49/481 978/49/480
f 978/49/480 977/49/481 979/49/480
f 976/49/480 970/49/482 980/49/481
f 980/49/481 970/49/482 981/49/482
f 982/83/482 980/49/481 981/49/482
f 983/49/512 982/83/482 981/49/482
f 982/83/482 983/49/512 984/83/482
f 980/49/481 982/83/482 985/49/482
f 986/83/300 985/49/482 982/83/482
f 985/49/482 986/83/300 987/106/365
f 988/48/483 989/48/483 990/48/484
f 988/48/483 991/48/483 989/48/483
f 991/48/483 988/48/483 992/48/484
f 992/48/484 993/48/483 991/48/483
f 992/48/484 994/48/485 993/48/483
f 992/48/484 995/48/484 994/48/485
f 994/48/485 996/48/483 993/48/483
f 994/48/485 995/48/484 997/48/483
f 998/48/484 996/48/483 994/48/485
f 996/48/483 998/48/484 999/48/501
f 994/48/485 997/48/483 1000/48/516
f 1001/61/485 1000/48/516 997/48/483
f 1000/48/516 1001/61/485 1002/48/483
f 1002/48/483 1001/61/485 1003/61/484
f 1004/48/516 1001/61/485 997/48/483
f 1001/61/485 1004/48/516 1005/61/484
f 1005/61/484 1004/48/516 1006/107/483
f 1007/42/480 1008/52/480 1009/108/482
f 1009/108/482 1008/52/480 1010/109/482
f 1011/110/482 1007/42/480 1009/108/482
f 1011/110/480 1012/111/482 1013/45/480
f 1013/45/480 1012/111/482 1014/48/480
f 1015/109/481 1014/48/480 1012/111/482
f 1016/52/482 1014/48/480 1015/109/481
f 1014/48/480 1016/52/482 1017/48/482
f 1018/52/300 1017/48/482 1016/52/482
f 1017/48/482 1018/52/300 1019/48/300
f 1020/45/300 1021/42/300 1011/110/480
f 1022/45/300 1021/42/300 1020/45/300
f 1021/42/300 1022/45/300 1023/42/300
f 1024/51/485 1025/49/516 1026/51/484
f 1026/51/484 1025/49/516 1027/49/484
f 1024/51/485 1028/49/483 1025/49/516
f 1028/49/483 1024/51/485 1029/112/483
f 1024/51/485 1030/113/484 1029/112/483
f 1030/113/484 1024/51/485 1031/36/483
f 1028/49/483 1029/112/483 1032/114/483
f 1032/114/483 1033/38/483 1028/49/483
f 1032/114/483 1034/115/485 1033/38/483
f 1031/36/484 1034/115/485 1035/116/484
f 1033/38/483 1034/115/485 1036/38/516
f 1034/115/485 1031/36/484 1037/36/483
f 1037/36/483 1036/38/516 1034/115/485
f 1036/38/516 1037/36/483 1038/38/484
f 1038/38/484 1037/36/483 1039/36/501
f 1040/110/300 1041/45/300 1042/45/300
f 1043/42/481 1040/110/481 1044/42/481
f 1045/61/517 1046/48/518 1047/48/519
f 1046/48/518 1045/61/517 1048/61/520
f 1047/48/519 1049/61/521 1045/61/517
f 1049/61/521 1047/48/519 1050/48/522
f 1051/49/523 1052/83/524 1053/49/525
f 1052/83/524 1051/49/523 1054/83/523
f 1055/49/526 1054/83/523 1051/49/523
f 1054/83/523 1055/49/526 1056/83/527
f 1057/56/418 1058/40/418 1059/33/418
f 1057/56/418 1059/33/418 1060/82/418
f 1061/48/485 1062/117/485 1063/118/485
f 1061/48/485 1063/118/485 1064/52/485
f 1065/45/486 1062/117/485 1061/48/485
f 1062/117/485 1065/45/486 1066/42/485
f 1067/48/365 1068/117/482 1069/45/300
f 1069/45/300 1068/117/482 1070/42/480
f 1068/117/482 1067/48/365 1071/118/481
f 1071/118/481 1067/48/365 1072/52/480
f 1073/42/481 1074/48/482 1075/52/480
f 1076/47/481 1074/48/482 1073/42/481
f 1074/48/482 1076/47/481 1077/45/481
f 1078/45/482 1079/48/482 1080/45/482
f 1081/48/481 1080/45/482 1079/48/482
f 1082/47/292 1083/48/486 1084/45/292
f 1085/42/513 1083/48/486 1082/47/292
f 1083/48/486 1085/42/513 1086/52/292
f 1084/45/292 1083/48/486 1087/48/486
f 1084/45/292 1087/48/486 1088/45/486
f 1089/58/418 1090/85/491 1091/58/492
f 1090/85/491 1089/58/418 1092/85/418
f 1093/45/528 1094/52/529 1095/48/530
f 1094/52/529 1093/45/528 1096/42/531
f 1097/49/532 1098/36/533 1099/38/534
f 1098/36/533 1097/49/532 1100/51/535
f 1101/82/297 1102/56/297 1103/56/297
f 1102/56/297 1101/82/297 1104/82/297
f 1105/48/536 1106/48/537 1107/48/538
f 1106/48/537 1105/48/536 1108/48/539
f 1109/48/540 1106/48/537 1108/48/539
f 1109/48/540 1110/54/541 1106/48/537
f 1111/45/542 1110/54/541 1109/48/540
f 1112/47/543 1110/54/541 1111/45/542
f 1111/45/542 1113/47/544 1112/47/543
f 1113/47/544 1111/45/542 1114/45/545
f 1114/45/545 1115/45/546 1113/47/544
f 1116/47/538 1113/47/544 1115/45/546
f 1117/33/547 1118/33/548 1119/33/549
f 1118/33/548 1117/33/547 1120/33/547
f 1118/33/548 1121/33/550 1119/33/549
f 1121/33/550 1118/33/548 1122/33/550
f 1123/52/485 1124/45/485 1125/42/551
f 1124/45/485 1123/52/485 1126/48/551
f 1127/36/481 1128/49/482 1129/51/481
f 1128/49/482 1127/36/481 1130/38/482
f 1131/49/552 1132/49/553 1133/49/554
f 1134/49/555 1131/49/552 1133/49/554
f 1131/49/552 1134/49/555 1135/49/555
f 1136/38/556 1137/37/557 1138/37/555
f 1137/37/557 1136/38/556 1139/38/558
f 1139/38/558 1140/38/559 1137/37/557
f 1141/37/558 1137/37/557 1140/38/559
f 1140/38/559 1142/53/560 1141/37/558
f 1142/53/560 1140/38/559 1143/49/561
f 1142/53/560 1143/49/561 1144/49/552
f 1145/57/562 1146/56/562 1147/39/294
f 1145/57/562 1147/39/294 1148/58/563
f 1147/39/294 1149/59/297 1148/58/563
f 1149/59/297 1147/39/294 1150/34/297
f 1150/34/297 1151/52/299 1149/59/297
f 1151/52/299 1150/34/297 1152/36/564
f 1153/37/300 1151/52/299 1152/36/564
f 1153/37/300 1154/54/365 1151/52/299
f 1153/37/300 1155/48/302 1154/54/365
f 1155/48/302 1153/37/300 1156/38/565
f 1157/35/368 1155/48/302 1156/38/565
f 1155/48/302 1157/35/368 1158/60/368
f 1159/41/290 1158/60/368 1157/35/368
f 1158/60/368 1159/41/290 1160/61/290
f 1161/40/566 1160/61/290 1159/41/290
f 1160/61/290 1161/40/566 1162/62/566
f 1163/56/368 1164/82/368 1165/56/368
f 1164/82/368 1163/56/368 1166/82/368
f 1167/119/418 1168/120/418 1169/121/418
f 1168/120/418 1167/119/418 1170/122/418
f 1171/94/567 1172/123/568 1173/104/568
f 1173/104/568 1174/104/569 1171/94/567
f 1174/104/569 1175/92/568 1171/94/567
f 1175/92/568 1174/104/569 1176/52/570
f 1176/52/570 1177/52/571 1175/92/568
f 1178/50/568 1175/92/568 1177/52/571
f 1179/49/486 1180/37/486 1181/36/486
f 1180/37/486 1179/49/486 1182/38/513
f 1181/36/486 1183/51/513 1179/49/486
f 1184/36/481 1185/49/482 1186/51/480
f 1185/49/482 1184/36/481 1187/37/481
f 1185/49/482 1187/37/481 1188/38/481
f 1189/33/572 1190/33/573 1191/33/574
f 1190/33/573 1189/33/572 1192/33/572
f 1193/33/575 1191/33/574 1190/33/573
f 1193/33/575 1190/33/573 1194/33/575
f 1195/38/481 1196/124/482 1197/36/482
f 1198/49/482 1196/124/482 1195/38/481
f 1196/124/482 1198/49/482 1199/125/512
f 1199/125/512 1198/49/482 1200/51/482
f 1201/124/485 1202/49/363 1203/38/485
f 1201/124/485 1203/38/485 1204/36/292
f 1205/125/486 1202/49/363 1201/124/485
f 1202/49/363 1205/125/486 1206/51/513
f 1207/105/506 1208/89/576 1209/51/506
f 1208/89/577 1210/126/577 1211/51/576
f 1208/89/576 1207/105/506 1212/90/506
f 1207/105/506 1213/105/506 1212/90/506
f 1214/81/506 1212/90/506 1213/105/506
f 1215/40/297 1216/56/297 1217/33/297
f 1218/82/297 1217/33/297 1216/56/297
f 1219/127/297 1220/128/297 1221/129/297
f 1219/127/297 1221/129/297 1222/130/297
f 1223/56/578 1224/82/579 1225/56/580
f 1226/82/581 1225/56/580 1224/82/579
f 1227/127/582 1228/130/583 1229/121/583
f 1227/127/582 1229/121/583 1230/120/583
f 1231/61/584 1232/83/585 1233/61/586
f 1233/61/586 1232/83/585 1234/83/586
f 1234/83/586 1235/61/423 1233/61/586
f 1235/61/423 1234/83/586 1236/83/423
f 1232/83/585 1231/61/584 1237/106/587
f 1238/107/588 1237/106/587 1231/61/584
f 1237/106/587 1238/107/588 1239/49/589
f 1240/48/590 1239/49/589 1238/107/588
f 1241/49/591 1242/49/592 1240/48/593
f 1241/49/591 1240/48/593 1243/48/591
f 1243/48/591 1244/49/594 1241/49/591
f 1244/49/594 1243/48/591 1245/48/595
f 1245/48/595 1246/49/596 1244/49/594
f 1246/49/596 1245/48/595 1247/48/596
f 1246/49/596 1247/48/596 1248/49/596
f 1248/49/596 1247/48/596 1249/48/596
f 1248/49/596 1249/48/596 1250/49/597
f 1250/49/597 1249/48/596 1251/48/598
f 1251/48/598 1252/49/599 1250/49/597
f 1252/49/599 1251/48/598 1253/48/600
f 1253/48/600 1254/49/601 1252/49/599
f 1253/48/600 1255/48/602 1254/49/601
f 1255/48/602 1256/49/603 1254/49/601
f 1255/48/602 1257/48/604 1256/49/603
f 1258/49/605 1256/49/603 1257/48/604
f 1257/48/604 1259/48/606 1258/49/605
f 1259/48/606 1260/48/607 1258/49/605
f 1258/49/605 1260/48/607 1261/49/607
f 1262/49/608 1263/83/609 1264/61/610
f 1265/83/611 1264/61/610 1263/83/609
f 1262/49/608 1264/61/610 1266/48/612
f 1264/61/610 1265/83/611 1267/61/611
f 1268/83/313 1267/61/611 1265/83/611
f 1267/61/611 1268/83/313 1269/61/313
f 1262/49/608 1266/48/612 1270/48/613
f 1270/48/613 1271/49/613 1262/49/608
f 1270/48/614 1272/48/615 1273/49/616
f 1274/49/617 1273/49/616 1272/48/615
f 1275/48/618 1274/49/617 1272/48/615
f 1274/49/617 1275/48/618 1276/49/618
f 1277/83/619 1278/131/620 1279/132/621
f 1278/131/620 1277/83/619 1280/49/622
f 1281/61/623 1279/132/621 1278/131/620
f 1282/48/624 1281/61/623 1278/131/620
f 1283/104/625 1284/105/368 1285/105/625
f 1286/38/626 1287/49/626 1288/36/626
f 1288/36/626 1287/49/626 1289/51/626
f 1290/87/400 1291/88/400 1292/52/415
f 1290/87/400 1292/52/415 1293/51/415
f 1294/133/501 1295/103/446 765/102/627
f 1295/103/446 1294/133/501 1296/134/628
f 1297/135/294 1298/134/629 1294/133/630
f 1299/136/563 1297/135/294 1294/133/630
f 1300/136/294 1301/137/631 1297/135/563
f 1301/137/631 1300/136/294 1302/138/632
f 1303/139/299 1301/137/631 1302/138/632
f 1304/140/364 1301/137/631 1303/139/299
f 1304/140/299 1305/141/365 1306/142/445
f 1304/140/299 1307/139/364 1305/141/365
f 1308/105/633 1309/52/634 1310/104/633
f 1311/105/368 1310/104/625 1312/104/368
f 1309/52/634 1308/105/633 1313/51/634
f 1313/51/634 1314/51/328 1309/52/634
f 1309/52/634 1314/51/328 1315/52/328
f 1316/42/635 1317/44/636 1318/46/637
f 1316/42/635 1318/46/637 1319/47/637
f 1320/44/635 1321/47/637 1322/46/637
f 1321/47/637 1320/44/635 1323/42/638
f 1324/131/639 1325/48/640 1326/131/641
f 1327/48/642 1326/131/641 1325/48/640
f 1326/131/641 1328/49/643 1324/131/639
f 1328/49/643 1326/131/641 1329/49/644
f 1330/131/645 1325/48/640 1324/131/639
f 1324/131/639 1328/49/643 1330/131/645
f 1325/48/640 1330/131/645 1331/48/646
f 1332/49/647 1330/131/645 1328/49/643
f 1330/131/645 1333/48/648 1331/48/646
f 1334/49/649 1330/131/645 1332/49/647
f 1330/131/645 1335/131/650 1333/48/648
f 1330/131/645 1334/49/649 1335/131/650
f 1335/131/650 1336/48/651 1333/48/648
f 1337/49/652 1335/131/650 1334/49/649
f 1338/131/653 1336/48/651 1335/131/650
f 1335/131/650 1337/49/652 1338/131/653
f 1338/131/653 1339/48/654 1336/48/651
f 1340/49/655 1338/131/653 1337/49/652
f 1338/131/653 1341/131/656 1339/48/654
f 1338/131/653 1340/49/655 1341/131/656
f 1342/131/657 1339/48/654 1341/131/656
f 1341/131/656 1340/49/655 1342/131/657
f 1339/48/654 1342/131/657 1343/48/658
f 1344/49/659 1342/131/657 1340/49/655
f 1343/48/658 1342/131/657 1345/48/660
f 1346/49/661 1342/131/657 1344/49/659
f 1347/131/662 1345/48/660 1342/131/657
f 1342/131/657 1346/49/661 1347/131/662
f 1348/131/663 1345/48/660 1347/131/662
f 1348/131/663 1347/131/662 1346/49/661
f 1345/48/660 1348/131/663 1349/48/664
f 1348/131/663 1346/49/661 1350/49/665
f 1349/48/664 1348/131/663 1351/48/666
f 1352/49/667 1348/131/663 1350/49/665
f 1351/48/666 1348/131/663 1353/131/317
f 1348/131/663 1352/49/667 1353/131/317
f 1354/131/668 1351/48/666 1353/131/317
f 1354/131/668 1353/131/317 1352/49/667
f 1351/48/666 1354/131/668 1355/48/669
f 1354/131/668 1352/49/667 1356/49/670
f 1357/131/671 1355/48/669 1354/131/668
f 1354/131/668 1356/49/670 1357/131/671
f 1355/48/669 1357/131/671 1358/48/672
f 1356/49/670 1359/49/673 1357/131/671
f 1357/131/671 1360/48/674 1358/48/672
f 1361/49/675 1357/131/671 1359/49/673
f 1362/131/676 1360/48/674 1357/131/671
f 1357/131/671 1361/49/675 1362/131/676
f 1363/55/677 1364/53/678 1365/51/679
f 1364/53/678 1363/55/677 1366/143/680
f 1366/143/680 1367/49/681 1364/53/678
f 1367/49/681 1366/143/680 1368/131/682
f 1369/48/683 1368/131/682 1366/143/680
f 1369/48/683 1366/143/680 1370/54/684
f 1370/54/684 1366/143/680 1363/55/677
f 1363/55/677 1371/52/685 1370/54/684
f 1372/42/686 1373/63/687 1374/144/688
f 1375/44/689 1374/144/688 1373/63/687
f 1372/42/686 1374/144/688 1376/47/690
f 1374/144/688 1375/44/689 1377/46/691
f 1374/144/688 1378/45/623 1376/47/690
f 1374/144/688 1377/46/691 1379/43/692
f 1378/45/623 1374/144/688 1380/145/693
f 1374/144/688 1379/43/692 1380/145/693
f 1381/146/694 1382/147/695 1383/148/695
f 1384/149/694 1383/148/695 1382/147/695
f 1385/40/696 1386/33/697 1387/82/696
f 1385/40/696 1387/82/696 1388/56/698
f 1389/51/415 1390/48/289 1391/52/699
f 1390/48/289 1389/51/415 1392/49/289
f 1393/52/415 1394/48/289 1395/51/699
f 1395/51/699 1394/48/289 1396/49/287
f 1397/45/700 1398/44/701 1399/42/702
f 1398/44/701 1397/45/700 1400/43/703
f 1401/47/637 1402/46/637 1403/43/704
f 1401/47/637 1403/43/704 1404/45/379
f 1405/45/336 1406/43/704 1407/45/704
f 1406/43/704 1408/43/704 1407/45/704
f 1406/43/704 1409/43/704 1408/43/704
f 1410/43/705 1409/43/704 1406/43/704
f 1410/43/705 1411/43/704 1409/43/704
f 1411/43/704 1412/43/382 1409/43/704
f 1411/43/704 1413/45/705 1412/43/382
f 1413/45/705 1411/43/704 1414/45/382
f 1411/43/704 1415/47/637 1414/45/382
f 1415/47/637 1411/43/704 1416/46/637
f 1417/55/282 1418/48/282 1419/52/281
f 1417/55/282 1420/49/282 1418/48/282
f 1420/49/282 1417/55/282 1421/51/282
f 1422/150/706 1423/151/285 1424/152/707
f 1423/151/285 1422/150/706 1425/153/706
f 1426/154/706 1425/153/706 1422/150/706
f 1425/153/706 1426/154/706 1427/155/708
f 1428/156/310 1427/155/708 1426/154/706
f 1427/155/708 1428/156/310 1429/157/310
f 1428/156/310 1430/158/709 1429/157/310
f 1430/158/709 1428/156/310 1431/159/706
f 1431/159/706 1432/160/710 1430/158/709
f 1432/160/710 1431/159/706 1433/161/310
f 1433/161/310 1434/162/711 1432/160/710
f 1434/162/711 1433/161/310 1435/163/711
f 1435/163/711 1436/164/712 1434/162/711
f 1436/164/712 1435/163/711 1437/165/713
f 1424/152/714 1436/164/712 1437/165/713
f 1436/164/712 1424/152/714 1438/151/715
f 1439/33/716 1440/33/717 1441/33/718
f 1440/33/717 1442/33/719 1441/33/718
f 1440/33/717 1439/33/716 1443/33/720
f 1442/33/719 1440/33/717 1444/33/721
f 1445/33/722 1440/33/717 1443/33/720
f 1440/33/717 1446/33/723 1444/33/721
f 1440/33/717 1445/33/722 1447/33/724
f 1446/33/723 1440/33/717 1447/33/724
f 1448/33/565 1449/33/368 1450/33/302
f 1451/33/480 1448/33/565 1450/33/302
f 1449/33/368 1448/33/565 1452/33/725
f 1448/33/565 1451/33/480 1453/33/365
f 1452/33/725 1454/33/369 1449/33/368
f 1453/33/365 1451/33/480 1455/33/726
f 1454/33/369 1452/33/725 1456/33/727
f 1457/33/364 1455/33/726 1451/33/480
f 1458/33/728 1454/33/369 1456/33/727
f 1459/33/297 1455/33/726 1457/33/364
f 1454/33/369 1458/33/728 1460/33/562
f 1455/33/726 1459/33/297 1461/33/297
f 1458/33/728 1462/33/729 1460/33/562
f 1462/33/729 1461/33/297 1459/33/297
f 1462/33/729 1458/33/728 1463/33/729
f 1461/33/297 1462/33/729 1463/33/729
