# Blender 5.1.1
# www.blender.org
mtllib archcbfinallyomg.mtl
o archcbbody
v -0.668133 0.502326 -0.065029
v -0.668133 0.526981 -0.005387
v -0.668133 0.502326 0.053727
v -0.632001 0.442789 -0.005387
v -0.668133 0.442789 -0.089520
v -0.668133 0.383307 -0.065029
v -0.668133 0.358652 -0.005387
v -0.668133 0.383307 0.053727
v -0.668133 0.442789 0.078754
v -1.688718 0.563035 -0.005387
v -1.755129 0.502326 0.053727
v -1.688718 0.527834 0.079282
v -1.755129 0.526981 -0.005387
v -1.755129 0.502326 -0.065029
v -1.688718 0.527834 -0.090584
v -0.668133 0.502326 -0.065029
v -0.734544 0.563035 -0.005387
v -0.668133 0.526981 -0.005387
v -0.668133 0.502326 0.053727
v -0.734544 0.527834 -0.090584
v -0.805652 0.571501 -0.005387
v -0.805652 0.533798 -0.096443
v -0.734544 0.527834 0.079282
v -0.805652 0.533798 0.085141
v -1.755129 0.502326 0.053727
v -1.688718 0.527834 0.079282
v -1.688718 0.442789 0.114434
v -1.755129 0.442789 0.078754
v -1.755129 0.383307 0.053727
v -1.688718 0.357799 0.079282
v -0.668133 0.502326 0.053727
v -0.734544 0.527834 0.079282
v -0.805652 0.533798 0.085141
v -0.805652 0.442789 0.122950
v -0.668133 0.383307 0.053727
v -0.668133 0.442789 0.078754
v -0.734544 0.357799 0.079282
v -0.805652 0.351782 0.085141
v -0.734544 0.442789 0.114434
v -1.755129 0.502326 0.053727
v -1.755129 0.526981 -0.005387
v -1.755129 0.442789 0.078754
v -1.755129 0.502326 -0.065029
v -1.791261 0.442789 -0.005387
v -1.755129 0.383307 0.053727
v -1.755129 0.442789 -0.089520
v -1.755129 0.358652 -0.005387
v -1.755129 0.383307 -0.065029
v -1.755129 0.383307 0.053727
v -1.688718 0.357799 0.079282
v -1.688718 0.322546 -0.005387
v -1.755129 0.358652 -0.005387
v -1.755129 0.383307 -0.065029
v -1.688718 0.357799 -0.090584
v -0.734544 0.357799 -0.090584
v -0.805652 0.351782 -0.096443
v -0.668133 0.383307 -0.065029
v -0.805652 0.314132 -0.005387
v -0.668133 0.358652 -0.005387
v -0.734544 0.322546 -0.005387
v -0.668133 0.383307 0.053727
v -0.734544 0.357799 0.079282
v -0.805652 0.351782 0.085141
v -1.755129 0.502326 -0.065029
v -1.688718 0.527834 -0.090584
v -1.688718 0.442789 -0.125736
v -1.755129 0.442789 -0.089520
v -1.755129 0.383307 -0.065029
v -1.688718 0.357799 -0.090584
v -0.668133 0.502326 -0.065029
v -0.734544 0.527834 -0.090584
v -0.805652 0.533798 -0.096443
v -0.805652 0.442789 -0.134252
v -0.734544 0.442789 -0.125736
v -0.668133 0.442789 -0.089520
v -0.734544 0.357799 -0.090584
v -0.805652 0.351782 -0.096443
v -0.668133 0.383307 -0.065029
v -0.628039 0.535982 0.089407
v -0.660071 0.443482 0.104317
v -0.642945 0.519526 0.071831
v -0.646928 0.442789 0.128808
v -0.620211 0.574589 -0.005387
v -0.677197 0.367438 0.071831
v -0.635846 0.550998 -0.005387
v -0.665822 0.349651 0.089407
v -0.642945 0.519526 -0.083133
v -0.673650 0.311044 -0.005387
v -0.628039 0.535982 -0.100709
v -0.684295 0.335965 -0.005387
v -0.660071 0.443482 -0.115083
v -0.677197 0.367438 -0.083133
v -0.646928 0.442789 -0.140110
v -0.665822 0.349651 -0.100709
v -1.162969 0.498332 0.154372
v -1.162969 0.498332 -0.165673
v -1.140465 0.444014 0.154372
v -1.140465 0.444014 -0.165673
v -1.162969 0.389698 0.154372
v -1.162969 0.389698 -0.165673
v -1.162969 0.589607 -0.059699
v -1.162969 0.481290 -0.059699
v -1.140465 0.589607 -0.005387
v -1.140465 0.481290 -0.005387
v -1.162969 0.589607 0.048933
v -1.162969 0.481290 0.048933
v -1.793657 0.544768 -0.107632
v -1.793657 0.544768 0.096330
v -1.762744 0.558986 -0.122006
v -1.762744 0.558986 0.110704
v -1.762744 0.607126 -0.005387
v -1.793657 0.586997 -0.005387
v -0.659959 0.548390 0.102189
v -0.628039 0.535982 0.089407
v -0.651092 0.592110 -0.005387
v -0.620211 0.574589 -0.005387
v -0.628039 0.535982 -0.100709
v -0.659959 0.548390 -0.113491
v -1.271620 0.589607 0.048933
v -1.217297 0.589607 -0.082597
v -1.271620 0.589607 -0.059699
v -1.294124 0.589607 -0.005387
v -1.217297 0.589607 0.071295
v -1.140465 0.589607 -0.005387
v -1.162969 0.589607 -0.059699
v -1.162969 0.589607 0.048933
v -1.271620 0.498332 -0.165673
v -1.217297 0.520858 0.154372
v -1.217297 0.520858 -0.165673
v -1.162969 0.498332 0.154372
v -1.271620 0.498332 0.154372
v -1.162969 0.498332 -0.165673
v -0.753683 0.548390 -0.113491
v -0.659959 0.548390 -0.113491
v -0.744816 0.592110 -0.005387
v -0.651092 0.592110 -0.005387
v -0.659959 0.548390 0.102189
v -0.753683 0.548390 0.102189
v -1.762744 0.558986 -0.122006
v -1.656026 0.607126 -0.005387
v -1.656026 0.558986 -0.122006
v -1.762744 0.607126 -0.005387
v -1.656026 0.558986 0.110704
v -1.762744 0.558986 0.110704
v -0.677197 0.367438 -0.083133
v -0.677197 0.367438 0.071831
v -0.817474 0.379793 -0.083133
v -0.817474 0.379793 0.071831
v -0.684295 0.335965 -0.005387
v -0.817474 0.348320 -0.005387
v -1.667428 0.327127 -0.005387
v -1.784045 0.327127 -0.005387
v -1.667428 0.360994 0.076089
v -1.784045 0.360994 0.076089
v -1.784045 0.360994 -0.087391
v -1.667428 0.360994 -0.087391
v -1.793657 0.340812 0.096330
v -1.762744 0.326594 0.110704
v -1.762744 0.442789 0.158629
v -1.793657 0.442789 0.138397
v -1.793657 0.544768 0.096330
v -1.762744 0.558986 0.110704
v -0.665822 0.349651 0.089407
v -0.681372 0.442789 0.146920
v -0.702785 0.337190 0.102189
v -0.646928 0.442789 0.128808
v -0.659959 0.548390 0.102189
v -0.628039 0.535982 0.089407
v -1.162969 0.389698 0.154372
v -1.271620 0.389698 0.154372
v -1.217297 0.367172 0.154372
v -1.140465 0.444014 0.154372
v -1.294124 0.444014 0.154372
v -1.217297 0.520858 0.154372
v -1.162969 0.498332 0.154372
v -1.271620 0.498332 0.154372
v -0.796508 0.337190 0.102189
v -0.659959 0.548390 0.102189
v -0.702785 0.337190 0.102189
v -0.753683 0.548390 0.102189
v -0.775096 0.442789 0.146920
v -0.681372 0.442789 0.146920
v -1.656026 0.558986 0.110704
v -1.762744 0.558986 0.110704
v -1.656026 0.442789 0.158629
v -1.762744 0.442789 0.158629
v -1.656026 0.326594 0.110704
v -1.762744 0.326594 0.110704
v -0.642945 0.519526 -0.083133
v -0.817474 0.531881 -0.083133
v -0.660071 0.443482 -0.115083
v -0.817474 0.455837 -0.115083
v -0.677197 0.367438 -0.083133
v -0.817474 0.379793 -0.083133
v -1.271620 0.481290 0.048933
v -1.271620 0.589607 0.048933
v -1.217297 0.481290 0.071295
v -1.217297 0.589607 0.071295
v -1.162969 0.589607 0.048933
v -1.162969 0.481290 0.048933
v -1.784045 0.360994 -0.087391
v -1.667428 0.360994 -0.087391
v -1.784045 0.442789 -0.121478
v -1.667428 0.442789 -0.121478
v -1.784045 0.524586 -0.087391
v -1.667428 0.524586 -0.087391
v -1.784045 0.524586 0.076089
v -1.784045 0.442789 0.110176
v -1.793657 0.442789 0.138397
v -1.784045 0.360994 0.076089
v -1.793657 0.544768 0.096330
v -1.793657 0.340812 0.096330
v -1.793657 0.586997 -0.005387
v -1.784045 0.327127 -0.005387
v -1.784045 0.558506 -0.005387
v -1.793657 0.298583 -0.005387
v -1.784045 0.524586 -0.087391
v -1.793657 0.340812 -0.107632
v -1.793657 0.544768 -0.107632
v -1.784045 0.360994 -0.087391
v -1.784045 0.442789 -0.121478
v -1.793657 0.442789 -0.149698
v -1.271620 0.498332 -0.165673
v -1.271620 0.498332 0.154372
v -1.294124 0.444014 -0.165673
v -1.294124 0.444014 0.154372
v -1.271620 0.389698 -0.165673
v -1.271620 0.389698 0.154372
v -1.271620 0.481290 -0.059699
v -1.271620 0.589607 -0.059699
v -1.294124 0.481290 -0.005387
v -1.294124 0.589607 -0.005387
v -1.271620 0.481290 0.048933
v -1.271620 0.589607 0.048933
v -1.793657 0.340812 -0.107632
v -1.762744 0.278454 -0.005387
v -1.793657 0.298583 -0.005387
v -1.793657 0.340812 0.096330
v -1.762744 0.326594 -0.122006
v -1.762744 0.326594 0.110704
v -0.665822 0.349651 0.089407
v -0.702785 0.337190 0.102189
v -0.711651 0.293470 -0.005387
v -0.673650 0.311044 -0.005387
v -0.665822 0.349651 -0.100709
v -0.702785 0.337190 -0.113491
v -1.271620 0.389698 -0.165673
v -1.162969 0.389698 0.154372
v -1.271620 0.389698 0.154372
v -1.162969 0.389698 -0.165673
v -1.217297 0.367172 -0.165673
v -1.217297 0.367172 0.154372
v -0.702785 0.337190 -0.113491
v -0.796508 0.337190 -0.113491
v -0.711651 0.293470 -0.005387
v -0.805375 0.293470 -0.005387
v -0.796508 0.337190 0.102189
v -0.702785 0.337190 0.102189
v -1.762744 0.326594 -0.122006
v -1.656026 0.326594 -0.122006
v -1.762744 0.278454 -0.005387
v -1.656026 0.326594 0.110704
v -1.656026 0.278454 -0.005387
v -1.762744 0.326594 0.110704
v -0.635846 0.550998 -0.005387
v -0.817474 0.563353 -0.005387
v -0.642945 0.519526 -0.083133
v -0.642945 0.519526 0.071831
v -0.817474 0.531881 -0.083133
v -0.817474 0.531881 0.071831
v -1.667428 0.524586 0.076089
v -1.784045 0.524586 0.076089
v -1.784045 0.524586 -0.087391
v -1.667428 0.558506 -0.005387
v -1.667428 0.524586 -0.087391
v -1.784045 0.558506 -0.005387
v -1.793657 0.340812 -0.107632
v -1.762744 0.326594 -0.122006
v -1.762744 0.442789 -0.169931
v -1.793657 0.442789 -0.149698
v -1.793657 0.544768 -0.107632
v -1.762744 0.558986 -0.122006
v -0.665822 0.349651 -0.100709
v -0.702785 0.337190 -0.113491
v -0.681372 0.442789 -0.158222
v -0.646928 0.442789 -0.140110
v -0.628039 0.535982 -0.100709
v -0.659959 0.548390 -0.113491
v -1.140465 0.444014 -0.165673
v -1.294124 0.444014 -0.165673
v -1.217297 0.520858 -0.165673
v -1.271620 0.498332 -0.165673
v -1.162969 0.498332 -0.165673
v -1.271620 0.389698 -0.165673
v -1.162969 0.389698 -0.165673
v -1.217297 0.367172 -0.165673
v -0.702785 0.337190 -0.113491
v -0.775096 0.442789 -0.158222
v -0.681372 0.442789 -0.158222
v -0.753683 0.548390 -0.113491
v -0.796508 0.337190 -0.113491
v -0.659959 0.548390 -0.113491
v -1.762744 0.558986 -0.122006
v -1.656026 0.558986 -0.122006
v -1.762744 0.442789 -0.169931
v -1.656026 0.442789 -0.169931
v -1.762744 0.326594 -0.122006
v -1.656026 0.326594 -0.122006
v -0.642945 0.519526 0.071831
v -0.817474 0.531881 0.071831
v -0.660071 0.443482 0.104317
v -0.817474 0.455837 0.104317
v -0.677197 0.367438 0.071831
v -0.817474 0.379793 0.071831
v -1.271620 0.481290 -0.059699
v -1.271620 0.589607 -0.059699
v -1.217297 0.589607 -0.082597
v -1.217297 0.481290 -0.082597
v -1.162969 0.589607 -0.059699
v -1.162969 0.481290 -0.059699
v -1.667428 0.360994 0.076089
v -1.784045 0.360994 0.076089
v -1.667428 0.442789 0.110176
v -1.784045 0.442789 0.110176
v -1.667428 0.524586 0.076089
v -1.784045 0.524586 0.076089
v 0.935351 -0.041646 -0.085798
v 1.009904 -0.226005 -0.001657
v 0.935351 -0.226005 -0.085798
v 1.009904 -0.041646 -0.001657
v 0.935351 -0.041646 0.082484
v 0.935351 -0.226005 0.082484
v 0.946880 -0.016617 -0.133187
v 1.047367 -0.016617 -0.005387
v 0.934648 -0.050432 -0.118277
v 1.023137 -0.050432 -0.005387
v 0.934648 -0.050432 0.106975
v 0.946880 -0.016617 0.121885
v 0.996516 0.005696 -0.050119
v 0.934648 0.017198 -0.118277
v 0.988316 0.017198 -0.050119
v 1.045881 -0.014541 -0.005387
v 1.047367 -0.016617 -0.005387
v 0.988316 0.017198 0.038817
v 0.934648 0.017198 0.106975
v 0.996575 0.005696 0.038817
v 0.946880 -0.016617 0.121885
v 1.047367 -0.016617 -0.005387
v 1.045881 -0.014541 -0.005387
v 1.045881 -0.014541 -0.005387
v 0.934648 0.017198 -0.118277
v 0.996516 0.005696 -0.050119
v 0.946880 -0.016617 -0.133187
v 1.047367 -0.016617 -0.005387
v -0.549168 0.005696 0.038817
v -0.549168 0.017198 0.038817
v -0.549168 0.017198 -0.005387
v -0.549168 -0.014541 -0.005387
v -0.549168 0.005696 -0.050119
v -0.549168 0.017198 -0.005387
v -0.549168 0.017198 -0.050119
v 0.051896 -0.125677 -0.099644
v 0.026926 -0.093939 0.088342
v 0.051896 -0.125677 0.088342
v 0.026926 -0.093939 -0.099644
v 0.044835 -0.134624 0.082484
v 0.044835 -0.134624 -0.085798
v 0.002233 -0.086751 -0.085798
v 0.002233 -0.086751 0.082484
v -0.549168 -0.014541 -0.005387
v -0.549168 0.017198 -0.005387
v -0.549168 0.017198 -0.005387
v -1.619325 -0.066833 -0.092721
v -1.619325 -0.066833 0.089935
v -1.782873 0.133819 -0.092721
v -1.782873 0.133819 0.089935
v -1.067376 -0.249969 0.066509
v -1.278510 -0.750859 -0.117212
v -1.067376 -0.249969 -0.069287
v -1.278510 -0.750859 0.114434
v -1.087234 0.257845 0.087806
v -1.058392 0.218757 -0.111354
v -1.087234 0.257845 -0.098580
v -1.058392 0.218757 0.100052
v -1.052300 0.179033 0.087806
v -1.052300 0.179033 -0.098580
v -1.153543 0.364350 0.031894
v -1.125363 0.289795 -0.065029
v -1.153544 0.364350 -0.042659
v -1.125363 0.289795 0.054255
v -1.097458 0.247195 -0.094850
v -1.097458 0.247195 0.084077
v -2.513963 -0.025937 -0.092721
v -2.450060 -0.270897 0.089935
v -2.450060 -0.270897 -0.092721
v -2.513963 -0.025937 0.089935
v -2.428759 0.059267 0.089935
v -2.428759 0.059267 -0.092721
v -1.035989 0.185474 0.106975
v -1.035989 0.185474 -0.005387
v -1.035989 0.185474 -0.118277
v -0.977294 0.123703 0.106975
v -0.977294 0.123703 -0.005387
v -0.977294 0.123703 -0.118277
v -1.083117 0.381922 -0.067686
v -1.083117 0.381922 0.056384
v -1.083117 0.356149 -0.005387
v -1.083117 0.531934 -0.005387
v -1.083117 0.444069 0.082484
v -1.083117 0.506161 0.056384
v -1.083117 0.444069 -0.093250
v -1.083117 0.506161 -0.067686
v -2.517882 0.106822 0.106975
v -2.517882 0.106822 -0.005387
v -2.645688 -0.031635 0.106975
v -2.517882 0.106822 -0.118276
v -2.645688 -0.031635 -0.005387
v -2.645688 -0.031635 -0.118276
v -1.083117 0.444069 0.082484
v -1.083117 0.506161 0.056384
v -1.111969 0.444069 0.130409
v -1.111969 0.540082 0.090471
v -1.111969 0.579861 -0.005387
v -1.083117 0.531934 -0.005387
v -1.083117 0.506161 -0.067686
v -1.111969 0.540082 -0.101773
v -1.111969 0.444069 -0.141175
v -1.083117 0.444069 -0.093250
v -1.083117 0.381922 -0.067686
v -1.111969 0.348001 -0.101773
v -1.083117 0.356149 -0.005387
v -1.111969 0.308222 -0.005387
v -1.111969 0.348001 0.090471
v -1.083117 0.381922 0.056384
v -1.111969 0.444069 0.130409
v -1.083117 0.444069 0.082484
v -1.417531 0.100218 0.106975
v -1.203617 -0.122590 -0.005387
v -1.417531 0.100218 -0.005387
v -1.203617 -0.122590 0.106975
v -1.203617 -0.122590 -0.118277
v -0.028494 -0.122590 -0.118277
v -1.417531 0.100218 -0.118277
v -1.390553 0.128495 -0.118277
v -0.028494 -0.122590 -0.005387
v -0.028494 -0.122590 0.106975
v 0.019433 -0.175841 -0.118277
v 0.019433 -0.175841 -0.005387
v 0.019433 -0.175841 0.106975
v -1.390553 0.128495 -0.005387
v -1.390553 0.128495 0.106975
v -1.187018 -0.011185 -0.099644
v -1.187018 -0.011185 0.088342
v -1.144128 -0.066301 -0.099644
v -1.144128 -0.066301 0.088342
v -1.156142 -0.077858 0.082484
v -1.156142 -0.077858 -0.085798
v -1.211919 -0.001548 -0.085798
v -1.211919 -0.001548 0.082484
v -1.903442 -0.355782 -0.092721
v -1.860840 -0.462284 0.089935
v -1.860840 -0.462284 -0.092721
v -1.903442 -0.355782 0.089935
v -1.226286 -0.695531 -0.005387
v -1.241617 -0.847300 0.128280
v -1.152851 -0.925739 -0.005387
v -1.262918 -0.740795 0.128280
v -1.262918 -0.740795 -0.139582
v -1.226286 -0.695531 -0.005387
v -1.241617 -0.847300 -0.139582
v -1.152851 -0.925739 -0.005387
v -1.808025 0.065976 0.108575
v -1.808025 0.065976 -0.119341
v -1.708693 -0.055013 0.108575
v -1.708693 -0.055013 -0.119341
v -2.039331 -0.329954 0.108575
v -2.039331 -0.329954 -0.119341
v -1.984337 -0.428949 -0.119341
v -1.984337 -0.428949 0.108575
v -1.831594 -0.391673 -0.005387
v -1.735261 -0.567512 -0.005387
v -1.811736 -0.522886 -0.139582
v -1.864988 -0.427033 -0.139582
v -1.811736 -0.522886 0.128280
v -1.864988 -0.427033 0.128280
v -2.189923 0.286336 -0.005387
v -2.181568 0.136804 0.128280
v -2.084579 0.069970 -0.005387
v -2.224170 0.228396 0.128280
v -2.181568 0.136804 -0.139582
v -2.224170 0.228396 -0.139582
v -2.054194 -0.273985 -0.119341
v -2.192218 0.004737 0.108575
v -2.058097 -0.274040 0.108575
v -2.192218 0.004737 -0.119341
v -2.415878 0.004737 -0.119341
v -2.415878 0.004737 0.108575
v -2.469130 -0.048516 0.108575
v -2.469130 -0.048516 -0.119341
v -2.397532 -0.226271 -0.119341
v -2.397532 -0.226271 0.108575
v -2.455806 -0.211840 -0.005387
v -2.498371 -0.261524 -0.139582
v -2.498371 -0.261524 0.128280
v -2.647477 0.079290 -0.139582
v -2.647477 0.079290 0.128280
v -2.573281 0.069970 -0.005387
v -2.668778 0.228396 -0.139582
v -2.668778 0.228396 0.128280
v -2.696592 0.286336 -0.005387
v -2.224170 0.228396 -0.139582
v -2.224170 0.228396 0.128280
v -2.189923 0.286336 -0.005387
v 0.729110 -0.139684 -0.099645
v 0.646985 -0.077112 0.088342
v 0.729110 -0.139684 0.088342
v 0.646985 -0.077112 -0.099645
v 0.613462 -0.234366 -0.005387
v 0.541306 -0.175841 0.106975
v 0.608755 -0.234366 0.117627
v 0.541306 -0.175841 -0.005387
v 0.541306 -0.175841 -0.118277
v 0.608755 -0.234366 -0.128401
v -2.523245 -0.011026 -0.119341
v -2.435256 0.065976 0.108575
v -2.435256 0.065976 -0.119341
v -2.523245 -0.011026 0.108575
v -2.054194 -0.273985 -0.119341
v -1.793220 -0.060869 0.108575
v -1.793220 -0.060869 -0.119341
v -1.037565 0.542426 -0.005387
v -1.405368 0.542426 -0.005387
v -1.037565 0.513243 0.064908
v -1.405373 0.513243 0.064908
v -0.888033 0.550572 0.102189
v -0.753662 0.548443 0.102189
v -0.888033 0.595198 -0.005387
v -0.744795 0.592163 -0.005387
v -0.753662 0.548443 -0.113491
v -0.888033 0.550572 -0.113491
v -1.793220 -0.060869 0.108575
v -2.054194 -0.273985 -0.119341
v -2.058097 -0.274040 0.108575
v -0.649404 -0.088828 -0.099644
v -0.772742 0.013044 0.088342
v -0.649404 -0.088828 0.088342
v -0.772742 0.013044 -0.099644
v -1.087234 0.257845 0.087806
v -1.376926 0.257845 -0.098580
v -1.376926 0.257845 0.087806
v -1.087234 0.257845 -0.098580
v -1.502069 -0.066833 0.089935
v -1.619325 -0.066833 -0.092721
v -1.619325 -0.066833 0.089935
v -1.502069 -0.066833 -0.092721
v -1.782873 0.133819 -0.092721
v -1.782873 0.133819 0.089935
v -2.535264 0.133819 -0.092721
v -2.535264 0.133819 0.089935
v -1.880772 0.222592 -0.074609
v -2.241865 0.222592 0.071295
v -1.880772 0.222592 0.071295
v -2.241865 0.222592 -0.074609
v -1.561866 0.559039 -0.122006
v -1.656005 0.559039 -0.122006
v -1.561866 0.607179 -0.005387
v -1.656005 0.607179 -0.005387
v -1.322795 0.540082 0.090471
v -1.111969 0.540082 0.090471
v -1.111969 0.579861 -0.005387
v -1.322795 0.579861 -0.005387
v -1.322795 0.540082 -0.101773
v -1.111969 0.540082 -0.101773
v -1.722384 -0.057568 -0.092721
v -1.722384 -0.057568 0.089935
v -2.063199 -0.323829 -0.092721
v -2.063199 -0.323829 0.089935
v -1.610389 0.112520 -0.118277
v -1.724397 0.182971 -0.005387
v -1.610389 0.112520 -0.005387
v -1.724397 0.182971 -0.118277
v -1.495998 0.112520 -0.118277
v -2.645688 0.182971 -0.118276
v -1.610389 0.112520 0.106975
v -1.724397 0.182971 0.106975
v -1.495998 0.112520 0.106975
v -2.645688 0.182971 -0.005387
v -2.645688 0.182971 0.106975
v -1.495998 0.112520 -0.005387
v -1.426419 0.185474 0.106975
v -1.426419 0.185474 -0.005387
v -1.426419 0.185474 -0.118277
v -1.035989 0.185474 0.106975
v -1.035989 0.185474 -0.005387
v -1.035989 0.185474 -0.118277
v -0.977294 0.123703 0.106975
v -0.977294 0.123703 -0.005387
v -0.977294 0.123703 -0.118277
v -0.748832 0.123703 0.106975
v -0.748832 0.123703 -0.005387
v -0.748832 0.123703 -0.118277
v -0.610376 0.017198 0.106975
v -0.610376 0.017198 -0.005387
v -0.610376 0.017198 -0.118277
v -0.549168 0.017198 0.038817
v 0.934648 0.017198 0.106975
v 0.988316 0.017198 0.038817
v -0.549168 0.017198 -0.005387
v -0.549168 0.017198 -0.005387
v -0.549168 0.017198 -0.050119
v -0.549168 0.017198 -0.005387
v 0.934648 0.017198 -0.118277
v 0.988316 0.017198 -0.050119
v -1.203617 -0.122590 -0.005387
v -1.203617 -0.122590 0.106975
v -0.621479 -0.122590 -0.005387
v -0.621479 -0.122590 0.106975
v -0.621479 -0.122590 -0.118277
v -1.203617 -0.122590 -0.118277
v -0.028494 -0.122590 -0.118277
v -0.028494 -0.122590 -0.005387
v -0.028494 -0.122590 0.106975
v 0.019433 -0.175841 -0.118277
v 0.019433 -0.175841 -0.005387
v 0.541306 -0.175841 -0.118277
v 0.019433 -0.175841 0.106975
v 0.541306 -0.175841 -0.005387
v 0.541306 -0.175841 0.106975
v -1.782250 0.116461 -0.100709
v -1.782250 0.116461 0.097923
v -1.645845 0.052557 -0.100709
v -1.645845 0.052557 0.097923
v -1.539340 0.052557 0.097923
v -1.539340 0.052557 -0.100709
v -1.273079 -0.213705 0.097923
v -1.273079 -0.213705 -0.100709
v -0.712242 -0.213705 0.097923
v -0.712242 -0.213705 -0.100709
v -0.549168 -0.014541 -0.005387
v 1.045881 -0.014541 -0.005387
v 0.996516 0.005696 -0.050119
v -0.549168 0.005696 -0.050119
v 0.996575 0.005696 0.038817
v -0.549168 0.005696 0.038817
v 0.935351 -0.041646 -0.085798
v 0.935351 -0.041646 0.082484
v 1.009904 -0.041646 -0.001657
v 0.626488 -0.041646 -0.085798
v 0.626488 -0.041646 0.082484
v -0.555004 -0.041646 -0.085798
v -0.555004 -0.041646 0.082484
v -0.724016 -0.066301 0.088342
v -1.144128 -0.066301 -0.099644
v -1.144128 -0.066301 0.088342
v -0.724016 -0.066301 -0.099644
v -1.680214 -0.664965 0.128280
v -1.584360 -0.569110 0.128280
v -1.740181 -0.671248 -0.005387
v -0.775644 -0.077858 -0.085798
v -0.690994 -0.077858 0.082484
v -0.690994 -0.077858 -0.085798
v -0.950610 -0.077858 -0.085798
v -1.156142 -0.077858 0.082484
v -1.156142 -0.077858 -0.085798
v -1.250457 0.013044 0.088342
v -0.772742 0.013044 0.088342
v -0.772742 0.013044 -0.099644
v -1.250457 0.013044 -0.099644
v 0.671028 -0.125677 -0.099645
v 0.051896 -0.125677 0.088342
v 0.671028 -0.125677 0.088342
v 0.051896 -0.125677 -0.099644
v -1.062157 0.139359 -0.085798
v -1.391906 0.139199 0.082484
v -1.062157 0.139359 0.082484
v -1.391906 0.139199 -0.085798
v -0.986555 0.064859 -0.085798
v -1.441936 0.100484 0.082484
v -0.986555 0.064859 0.082484
v -1.441936 0.100484 -0.085798
v -0.691942 0.064859 -0.085798
v -0.691942 0.064859 0.082484
v -0.555004 -0.041646 -0.085798
v -0.555004 -0.041646 0.082484
v -1.037565 0.513243 0.064908
v -0.888033 0.550572 0.102189
v -0.888033 0.595198 -0.005387
v -1.037565 0.542426 -0.005387
v -1.037565 0.513243 -0.076210
v -0.888033 0.550572 -0.113491
v -1.880772 0.222592 -0.074609
v -1.816869 0.170352 0.092064
v -1.816869 0.170352 -0.094850
v -1.880772 0.222592 0.071295
v -1.037565 0.513243 -0.076210
v -1.405368 0.542426 -0.005387
v -1.405373 0.513243 -0.076210
v -1.037565 0.542426 -0.005387
v -1.405373 0.513243 -0.076210
v -1.561866 0.607179 -0.005387
v -1.405368 0.542426 -0.005387
v -1.561866 0.559039 -0.122006
v -1.405373 0.513243 0.064908
v -1.561866 0.559039 0.110704
v -1.656005 0.559039 0.110704
v -1.656005 0.607179 -0.005387
v -1.262918 -0.740795 0.128280
v -1.226286 -0.695531 -0.005387
v -1.407035 -0.601434 -0.005387
v -1.423639 -0.649627 0.128280
v -1.262918 -0.740795 -0.139582
v -1.407035 -0.601434 -0.005387
v -1.226286 -0.695531 -0.005387
v -1.423639 -0.649627 -0.139582
v -1.423639 -0.649627 -0.139582
v -1.587784 -0.507337 -0.005387
v -1.407035 -0.601434 -0.005387
v -1.584360 -0.569110 -0.139582
v -1.423639 -0.649627 0.128280
v -1.407035 -0.601434 -0.005387
v -1.587784 -0.507337 -0.005387
v -1.584360 -0.569110 0.128280
v -2.435256 0.065976 0.108575
v -1.808025 0.065976 0.108575
v -1.808025 0.065976 -0.119341
v -2.435256 0.065976 -0.119341
v -0.006144 -0.080519 0.088342
v 0.646985 -0.077112 0.088342
v 0.646985 -0.077112 -0.099645
v -0.006144 -0.080519 -0.099644
v -2.397532 -0.226271 -0.119341
v -2.397532 -0.226271 0.108575
v -2.099410 -0.337834 -0.119341
v -2.099410 -0.337834 0.108575
v -1.864988 -0.427033 -0.139582
v -1.986856 -0.387892 -0.005387
v -1.831594 -0.391673 -0.005387
v -1.864988 -0.427033 0.128280
v -1.997800 -0.421280 -0.139582
v -1.997800 -0.421280 0.128280
v -2.455806 -0.211840 -0.005387
v -2.498371 -0.261524 -0.139582
v -2.498371 -0.261524 0.128280
v 0.715813 -0.134624 0.082484
v 0.715813 -0.134624 -0.085798
v 0.044835 -0.134624 -0.085798
v 0.044835 -0.134624 0.082484
v -0.549168 0.005696 -0.050119
v -0.549168 0.017198 -0.050119
v 0.988316 0.017198 -0.050119
v 0.996516 0.005696 -0.050119
v -0.775074 0.442844 0.146920
v -0.888033 0.550572 0.102189
v -0.888033 0.442844 0.146920
v -0.753662 0.548443 0.102189
v -0.888033 0.335114 0.102189
v -0.796482 0.337245 0.102189
v -0.888033 0.442844 0.146920
v -0.775074 0.442844 0.146920
v -1.111969 0.444069 0.130409
v -1.322795 0.540082 0.090471
v -1.322795 0.444069 0.130409
v -1.111969 0.540082 0.090471
v -1.111969 0.348001 0.090471
v -1.322795 0.348001 0.090471
v -1.322795 0.444069 0.130409
v -1.111969 0.444069 0.130409
v -1.153543 0.364350 0.031894
v -1.313236 0.289795 0.054255
v -1.125363 0.289795 0.054255
v -1.285055 0.364350 0.031894
v -1.341141 0.247195 0.084077
v -1.097458 0.247195 0.084077
v -2.241865 0.170352 0.092064
v -1.880772 0.222592 0.071295
v -2.241865 0.222592 0.071295
v -1.816869 0.170352 0.092064
v -1.495998 0.112520 0.106975
v -1.610389 0.112520 0.106975
v -1.523173 0.079396 0.124550
v -1.636951 0.079396 0.124550
v -1.493192 0.079396 0.124550
v -1.724397 0.182971 0.106975
v -1.456783 0.107035 0.124550
v -1.745677 0.145376 0.124550
v -1.426419 0.185474 0.106975
v -2.581785 0.145695 0.124550
v -1.408654 0.157731 0.124550
v -2.645688 0.182971 0.106975
v -2.688289 0.140371 0.106975
v -2.694696 0.077106 0.119228
v -1.065986 0.157784 0.124550
v -1.035989 0.185474 0.106975
v -0.977294 0.123703 0.106975
v -0.996758 0.089248 0.124550
v -0.748406 0.090473 0.124550
v -0.748832 0.123703 0.106975
v -0.610376 0.017198 0.106975
v -0.610796 -0.017149 0.124550
v 0.934648 0.017198 0.106975
v 0.946880 -0.016617 0.121885
v -1.507932 0.013418 0.106975
v -1.493192 0.079396 0.124550
v -1.528594 0.030191 0.106975
v -1.523173 0.079396 0.124550
v -1.467865 0.056445 0.124550
v -1.549250 0.047019 0.106975
v -1.238231 -0.171794 0.124550
v -1.636951 0.079396 0.124550
v -1.272717 -0.220041 0.106975
v -1.663642 0.047019 0.106975
v -0.829035 -0.220041 0.106975
v -1.745677 0.145376 0.124550
v -0.725331 -0.170622 0.124550
v -1.766999 0.106822 0.106975
v -0.770458 -0.278618 0.106975
v -2.517882 0.106822 0.106975
v -0.666706 -0.234793 0.124550
v -2.581785 0.145695 0.124550
v -2.645688 -0.031635 0.106975
v -2.694696 0.077106 0.119228
v -0.711880 -0.337196 0.106975
v -0.608102 -0.336398 0.106975
v -0.525625 -0.234206 0.124550
v -0.015117 -0.336398 0.106975
v 0.067387 -0.234258 0.124550
v 0.506755 -0.336398 0.106975
v 0.608755 -0.234366 0.117627
v -2.647477 0.079290 0.128280
v -2.668778 0.228396 0.128280
v -2.743331 0.132542 0.128280
v -2.567875 -0.368029 0.128280
v -2.584932 0.137122 0.128280
v -2.224170 0.228396 0.128280
v -2.181568 0.136804 0.128280
v -2.498371 -0.261524 0.128280
v -2.445119 -0.336077 0.128280
v -2.546575 -0.389330 0.128280
v -1.997800 -0.421280 0.128280
v -2.061702 -0.453232 0.128280
v -2.019100 -0.517135 0.128280
v -1.864988 -0.427033 0.128280
v -1.811736 -0.522886 0.128280
v -1.584360 -0.569110 0.128280
v -1.680214 -0.664965 0.128280
v -1.610022 -0.745482 0.128280
v -1.423639 -0.649627 0.128280
v -1.423639 -0.649627 0.128280
v -1.241617 -0.847300 0.128280
v -1.262918 -0.740795 0.128280
v -1.610022 -0.745482 0.128280
v -2.039331 -0.329954 0.108575
v -2.006336 -0.461966 0.108575
v -1.984337 -0.428949 0.108575
v -2.099410 -0.337834 0.108575
v -1.793220 -0.060869 0.108575
v -2.058097 -0.274040 0.108575
v -1.708693 -0.055013 0.108575
v -1.808025 0.065976 0.108575
v -1.840753 0.004737 0.108575
v -2.435256 0.065976 0.108575
v -2.192218 0.004737 0.108575
v -2.099410 -0.337834 0.108575
v -2.058097 -0.274040 0.108575
v -2.304048 0.004737 0.108575
v -2.415878 0.004737 0.108575
v -2.523245 -0.011026 0.108575
v -2.469130 -0.048516 0.108575
v -2.457601 -0.241982 0.108575
v -2.397532 -0.226271 0.108575
v -2.490250 -0.274996 0.108575
v -2.058097 -0.274040 0.108575
v -2.099410 -0.337834 0.108575
v -2.039331 -0.329954 0.108575
v -2.397532 -0.226271 0.108575
v -2.490250 -0.274996 0.108575
v -2.006336 -0.461966 0.108575
v -2.457601 -0.241982 0.108575
v -2.469130 -0.048516 0.108575
v -2.523245 -0.011026 0.108575
v -2.192218 0.004737 0.108575
v -1.840753 0.004737 0.108575
v -1.808025 0.065976 0.108575
v -1.782250 0.116461 0.097923
v -1.624544 -0.075248 0.097923
v -1.645845 0.052557 0.097923
v -1.539340 0.052557 0.097923
v -1.518039 -0.075248 0.097923
v -1.273079 -0.213705 0.097923
v -1.336982 -0.256305 0.097923
v -0.733543 -0.256305 0.097923
v -0.712242 -0.213705 0.097923
v -1.502069 -0.066833 0.089935
v -1.647831 -0.148098 0.089935
v -1.424400 -0.148098 0.089935
v -1.619325 -0.066833 0.089935
v -1.722384 -0.057568 0.089935
v -1.903442 -0.355782 0.089935
v -1.782873 0.133819 0.089935
v -2.063199 -0.323829 0.089935
v -1.999296 -0.430334 0.089935
v -1.860840 -0.462284 0.089935
v -1.812476 0.054155 0.089935
v -2.428759 0.059267 0.089935
v -2.535264 0.133819 0.089935
v -2.513963 -0.025937 0.089935
v -2.631118 0.016666 0.089935
v -2.503313 -0.270897 0.089935
v -2.471361 -0.270897 0.089935
v -2.450060 -0.270897 0.089935
v -1.376926 0.257845 0.087806
v -1.058392 0.218757 0.100052
v -1.087234 0.257845 0.087806
v -1.405768 0.218757 0.100052
v -1.411860 0.179033 0.087806
v -1.052300 0.179033 0.087806
v 0.646985 -0.077112 0.088342
v -0.006144 -0.080519 0.088342
v 0.026926 -0.093939 0.088342
v 0.631148 -0.093939 0.088342
v 0.042209 -0.143625 0.088342
v 0.051896 -0.125677 0.088342
v 0.671028 -0.125677 0.088342
v 0.729110 -0.139684 0.088342
v 0.671028 -0.125677 0.088342
v 0.646985 -0.077112 0.088342
v 0.631148 -0.093939 0.088342
v -1.158773 -0.088828 0.088342
v -0.649404 -0.088828 0.088342
v -0.724016 -0.066301 0.088342
v -0.772742 0.013044 0.088342
v -1.144128 -0.066301 0.088342
v -0.784921 -0.011185 0.088342
v -1.187018 -0.011185 0.088342
v -1.250457 0.013044 0.088342
v -0.691942 0.064859 0.082484
v -0.986555 0.064859 0.082484
v -0.775250 -0.001548 0.082484
v -1.211919 -0.001548 0.082484
v -0.690994 -0.077858 0.082484
v -1.062157 0.139359 0.082484
v -1.391906 0.139199 0.082484
v -1.441936 0.100484 0.082484
v -1.227878 -0.133720 0.082484
v -1.156142 -0.077858 0.082484
v -0.977284 -0.133720 0.082484
v -0.873511 -0.188302 0.082484
v -0.691942 -0.187930 0.082484
v -0.555004 -0.041646 0.082484
v -0.555004 -0.226005 0.082484
v 0.002233 -0.086751 0.082484
v 0.626488 -0.041646 0.082484
v 0.641260 -0.086751 0.082484
v 0.044835 -0.134624 0.082484
v 0.626488 -0.226005 0.082484
v 0.715813 -0.134624 0.082484
v 0.935351 -0.041646 0.082484
v 0.715813 -0.134624 0.082484
v 0.935351 -0.226005 0.082484
v 0.626488 -0.226005 0.082484
v 0.626488 -0.041646 0.082484
v 0.641260 -0.086751 0.082484
v -1.278510 -0.750859 0.114434
v -1.325681 -0.249969 0.066509
v -1.480869 -0.697607 0.114434
v -1.595245 -0.619274 0.114434
v -1.067376 -0.249969 0.066509
v -1.417531 0.100218 0.106975
v -1.390553 0.128495 0.106975
v -1.408654 0.157731 0.124550
v -1.456783 0.107035 0.124550
v -1.467865 0.056445 0.124550
v -1.493192 0.079396 0.124550
v -1.203617 -0.122590 0.106975
v -1.238231 -0.171794 0.124550
v -0.725331 -0.170622 0.124550
v -0.621479 -0.122590 0.106975
v -0.666706 -0.234793 0.124550
v -0.573552 -0.175841 0.106975
v -0.028494 -0.122590 0.106975
v -0.525625 -0.234206 0.124550
v 0.019433 -0.175841 0.106975
v 0.067387 -0.234258 0.124550
v 0.541306 -0.175841 0.106975
v 0.608755 -0.234366 0.117627
v 0.996516 0.005696 -0.050119
v 1.045881 -0.014541 -0.005387
v 1.045881 -0.014541 -0.005387
v -1.065986 0.157784 0.124550
v -1.095978 0.128495 0.106975
v -0.996758 0.089248 0.124550
v -1.015982 0.056071 0.106975
v -0.748832 0.056071 0.106975
v -0.748406 0.090473 0.124550
v -0.610796 -0.017149 0.124550
v 0.934648 -0.050432 0.106975
v 0.946880 -0.016617 0.121885
v -0.610376 -0.050432 0.106975
v -1.405368 0.442844 0.094201
v -1.561866 0.442844 0.158629
v -1.405368 0.372391 0.064908
v -1.405373 0.513243 0.064908
v -1.561866 0.559039 0.110704
v -1.656005 0.442844 0.158629
v -1.656005 0.559039 0.110704
v -1.405368 0.372391 0.064908
v -1.037565 0.442844 0.094201
v -1.405368 0.442844 0.094201
v -0.888033 0.442844 0.146920
v -1.037565 0.372391 0.064908
v -0.888033 0.335114 0.102189
v -1.037565 0.442844 0.094201
v -1.037565 0.513243 0.064908
v -0.888033 0.550572 0.102189
v -1.037565 0.513243 0.064908
v -1.405373 0.513243 0.064908
v -1.037565 0.442844 0.094201
v -1.405368 0.442844 0.094201
v -1.405368 0.372391 0.064908
v -1.037565 0.372391 0.064908
v -1.405373 0.513243 0.064908
v -1.561866 0.559039 0.110704
v -1.561866 0.442844 0.158629
v -1.405368 0.372391 0.064908
v -1.561866 0.326647 0.110704
v -1.656005 0.442844 0.158629
v -1.656005 0.326647 0.110704
v -2.457601 -0.241982 0.108575
v -2.523245 -0.011026 -0.119341
v -2.457601 -0.241982 -0.119341
v -2.523245 -0.011026 0.108575
v -2.049795 -0.575341 -0.005387
v -2.019100 -0.517135 -0.139582
v -2.019100 -0.517135 0.128280
v -2.099490 -0.506858 -0.005387
v -2.061702 -0.453232 -0.139582
v -2.061702 -0.453232 0.128280
v -2.546575 -0.389330 -0.139582
v -2.546575 -0.389330 0.128280
v -2.556160 -0.454829 -0.005387
v -2.567875 -0.368029 -0.139582
v -2.567875 -0.368029 0.128280
v -2.621868 -0.403975 -0.005387
v -2.806749 0.143406 -0.005387
v -2.743331 0.132542 -0.139582
v -2.743331 0.132542 0.128280
v -2.668778 0.228396 -0.139582
v -2.668778 0.228396 0.128280
v -2.696592 0.286336 -0.005387
v -2.099410 -0.337834 0.108575
v -2.304048 0.004737 0.108575
v -2.099410 -0.337834 -0.119341
v -2.304048 0.004737 -0.119341
v -1.680214 -0.664965 0.128280
v -1.740181 -0.671248 -0.005387
v -1.610022 -0.745482 0.128280
v -1.638224 -0.787816 -0.005387
v -1.740181 -0.671248 -0.005387
v -1.610022 -0.745482 -0.139582
v -1.638224 -0.787816 -0.005387
v -1.680214 -0.664965 -0.139582
v -2.054194 -0.273985 -0.119341
v -1.793220 -0.060869 0.108575
v -1.793220 -0.060869 -0.119341
v -1.840753 0.004737 0.108575
v -1.840753 0.004737 -0.119341
v -2.099410 -0.337834 -0.119341
v -2.058097 -0.274040 0.108575
v -2.099410 -0.337834 0.108575
v -1.376926 0.257845 -0.098580
v -1.405768 0.218757 0.100052
v -1.376926 0.257845 0.087806
v -1.405768 0.218757 -0.111353
v -1.411860 0.179033 -0.098580
v -1.411860 0.179033 0.087806
v -2.535264 0.133819 -0.092721
v -2.535264 0.133819 0.089935
v -2.631118 0.016666 -0.092721
v -2.631118 0.016666 0.089935
v -2.503313 -0.270897 0.089935
v -2.503313 -0.270897 -0.092721
v -1.285055 0.364350 -0.042659
v -1.313236 0.289795 0.054255
v -1.285055 0.364350 0.031894
v -1.313236 0.289795 -0.065029
v -1.341141 0.247195 -0.094850
v -1.341141 0.247195 0.084077
v -1.812476 0.054155 0.089935
v -1.812476 0.054155 -0.092721
v -1.722384 -0.057568 -0.092721
v -1.722384 -0.057568 0.089935
v -1.351647 0.531934 -0.005387
v -1.351647 0.444069 0.082484
v -1.351647 0.506161 0.056384
v -1.351647 0.381922 0.056384
v -1.351647 0.381922 -0.067686
v -1.351647 0.356149 -0.005387
v -1.351647 0.444069 -0.093250
v -1.351647 0.506161 -0.067686
v -1.322795 0.348001 0.090471
v -1.351647 0.444069 0.082484
v -1.351647 0.381922 0.056384
v -1.322795 0.444069 0.130409
v -1.351647 0.356149 -0.005387
v -1.322795 0.308222 -0.005387
v -1.322795 0.348001 -0.101773
v -1.351647 0.381922 -0.067686
v -1.351647 0.444069 -0.093250
v -1.322795 0.444069 -0.141175
v -1.351647 0.506161 -0.067686
v -1.351647 0.444069 -0.093250
v -1.322795 0.540082 -0.101773
v -1.322795 0.579861 -0.005387
v -1.351647 0.531934 -0.005387
v -1.351647 0.506161 0.056384
v -1.322795 0.540082 0.090471
v -1.322795 0.444069 0.130409
v -1.351647 0.444069 0.082484
v -1.495998 0.112520 -0.118277
v -2.645688 0.182971 -0.118276
v -1.495998 0.112520 0.106975
v -2.645688 0.182971 -0.005387
v -2.645688 0.182971 0.106975
v -2.688289 0.140371 0.106975
v -2.688289 0.140371 -0.005387
v -2.688289 0.140371 -0.118276
v -1.495998 0.112520 -0.005387
v -1.426419 0.185474 0.106975
v -1.426419 0.185474 -0.005387
v -1.426419 0.185474 -0.118277
v -0.829035 -0.220041 -0.005387
v -0.829035 -0.220041 0.106975
v -0.829035 -0.220041 -0.118277
v -0.770458 -0.278618 -0.005387
v -0.770458 -0.278618 -0.118277
v -0.711880 -0.337196 -0.118277
v -0.770458 -0.278618 0.106975
v -0.711880 -0.337196 -0.005387
v -0.711880 -0.337196 0.106975
v -1.624544 -0.075248 0.097923
v -1.782250 0.116461 -0.100709
v -1.624544 -0.075248 -0.100709
v -1.782250 0.116461 0.097923
v -1.325681 -0.249969 0.066509
v -1.595245 -0.619274 -0.117212
v -1.595245 -0.619274 0.114434
v -1.325681 -0.249969 -0.069287
v -1.740181 -0.671248 -0.005387
v -1.584360 -0.569110 -0.139582
v -1.680214 -0.664965 -0.139582
v -1.587784 -0.507337 -0.005387
v -1.584360 -0.569110 0.128280
v -1.740181 -0.671248 -0.005387
v -1.587784 -0.507337 -0.005387
v -1.250457 0.013044 0.088342
v -1.250457 0.013044 -0.099644
v -1.158773 -0.088828 -0.099644
v -1.158773 -0.088828 0.088342
v -1.441936 0.100484 0.082484
v -1.441936 0.100484 -0.085798
v -1.227878 -0.133720 0.082484
v -1.227878 -0.133720 -0.085798
v -0.006144 -0.080519 0.088342
v -0.006144 -0.080519 -0.099644
v 0.042209 -0.143625 -0.099644
v 0.042209 -0.143625 0.088342
v 0.506755 -0.336398 0.106975
v 0.613462 -0.234366 -0.005387
v 0.608755 -0.234366 0.117627
v 0.506755 -0.336398 -0.005387
v 0.506755 -0.336398 -0.118277
v 0.608755 -0.234366 -0.128401
v -1.735261 -0.567512 -0.005387
v -2.049795 -0.575341 -0.005387
v -1.811736 -0.522886 -0.139582
v -1.811736 -0.522886 0.128280
v -2.019100 -0.517135 -0.139582
v -2.019100 -0.517135 0.128280
v -2.099490 -0.506858 -0.005387
v -2.061702 -0.453232 -0.139582
v -2.061702 -0.453232 0.128280
v -2.445119 -0.336077 -0.139582
v -2.445119 -0.336077 0.128280
v -2.439250 -0.402057 -0.005387
v -2.546575 -0.389330 -0.139582
v -2.546575 -0.389330 0.128280
v -2.556160 -0.454829 -0.005387
v -2.567875 -0.368029 -0.139582
v -2.567875 -0.368029 0.128280
v -2.621868 -0.403975 -0.005387
v -1.241617 -0.847300 -0.139582
v -1.638224 -0.787816 -0.005387
v -1.610022 -0.745482 -0.139582
v -1.152851 -0.925739 -0.005387
v -1.638224 -0.787816 -0.005387
v -1.152851 -0.925739 -0.005387
v -1.241617 -0.847300 0.128280
v -1.610022 -0.745482 0.128280
v -0.796482 0.337245 -0.113491
v -0.888033 0.335114 -0.113491
v -0.805354 0.293523 -0.005387
v -0.888033 0.290488 -0.005387
v -0.888033 0.335114 0.102189
v -0.796482 0.337245 0.102189
v -0.608102 -0.336398 -0.005387
v -0.711880 -0.337196 0.106975
v -0.711880 -0.337196 -0.005387
v -0.608102 -0.336398 0.106975
v -0.608102 -0.336398 -0.118277
v -0.711880 -0.337196 -0.118277
v -0.015117 -0.336398 -0.005387
v -0.608102 -0.336398 -0.005387
v -0.015117 -0.336398 -0.118277
v -0.608102 -0.336398 -0.118277
v -0.608102 -0.336398 0.106975
v 0.506755 -0.336398 -0.118277
v -0.015117 -0.336398 0.106975
v 0.506755 -0.336398 -0.005387
v 0.506755 -0.336398 0.106975
v 0.935351 -0.226005 0.082484
v 0.935351 -0.226005 -0.085798
v 1.009904 -0.226005 -0.001657
v 0.626488 -0.226005 -0.085798
v 0.626488 -0.226005 0.082484
v -0.555004 -0.226005 -0.085798
v -0.555004 -0.226005 0.082484
v -1.111969 0.348001 -0.101773
v -1.322795 0.348001 -0.101773
v -1.322795 0.308222 -0.005387
v -1.111969 0.308222 -0.005387
v -1.111969 0.348001 0.090471
v -1.322795 0.348001 0.090471
v -2.513963 -0.025937 -0.092721
v -2.513963 -0.025937 0.089935
v -2.428759 0.059267 0.089935
v -2.428759 0.059267 -0.092721
v -1.812476 0.054155 0.089935
v -1.812476 0.054155 -0.092721
v -1.549250 0.047019 -0.118277
v -1.549250 0.047019 -0.005387
v -1.663642 0.047019 -0.118277
v -1.528594 0.030191 -0.005387
v -1.528594 0.030191 -0.118277
v -1.507932 0.013418 -0.005387
v -1.507932 0.013418 -0.118277
v -1.507932 0.013418 0.106975
v -1.528594 0.030191 0.106975
v -1.272717 -0.220041 0.106975
v -1.549250 0.047019 0.106975
v -1.663642 0.047019 0.106975
v -1.272717 -0.220041 -0.005387
v -1.272717 -0.220041 -0.118277
v -0.829035 -0.220041 -0.005387
v -0.829035 -0.220041 0.106975
v -0.829035 -0.220041 -0.118277
v -1.663642 0.047019 -0.005387
v -1.766999 0.106822 0.106975
v -1.766999 0.106822 -0.005387
v -2.517882 0.106822 0.106975
v -1.766999 0.106822 -0.118277
v -2.517882 0.106822 -0.005387
v -2.517882 0.106822 -0.118276
v 0.631148 -0.093939 0.088342
v 0.026926 -0.093939 0.088342
v 0.631148 -0.093939 -0.099645
v 0.026926 -0.093939 -0.099644
v -1.390553 0.128495 -0.118277
v -1.390553 0.128495 -0.005387
v -1.095978 0.128495 -0.005387
v -1.095978 0.128495 -0.118277
v -1.390553 0.128495 0.106975
v -1.624544 -0.075248 0.097923
v -1.624544 -0.075248 -0.100709
v -1.518039 -0.075248 0.097923
v -1.518039 -0.075248 -0.100709
v -1.336982 -0.256305 -0.100709
v -1.336982 -0.256305 0.097923
v -0.733543 -0.256305 -0.100709
v -0.733543 -0.256305 0.097923
v -0.784921 -0.011185 0.088342
v -1.187018 -0.011185 0.088342
v -0.784921 -0.011185 -0.099644
v -1.187018 -0.011185 -0.099644
v -1.211919 -0.001548 -0.085798
v -0.775250 -0.001548 -0.085798
v -0.775250 -0.001548 0.082484
v -1.211919 -0.001548 0.082484
v -1.840753 0.004737 -0.119341
v -2.192218 0.004737 0.108575
v -2.192218 0.004737 -0.119341
v -1.840753 0.004737 0.108575
v -2.304048 0.004737 0.108575
v -2.415878 0.004737 -0.119341
v -2.304048 0.004737 -0.119341
v -2.415878 0.004737 0.108575
v -1.095978 0.128495 0.106975
v -1.015982 0.056071 0.106975
v -0.748832 0.056071 0.106975
v -1.015982 0.056071 -0.005387
v -1.015982 0.056071 -0.118277
v -0.748832 0.056071 -0.118277
v -0.748832 0.056071 -0.005387
v -0.610376 -0.050432 -0.118277
v -0.610376 -0.050432 -0.005387
v 0.934648 -0.050432 -0.118277
v 1.023137 -0.050432 -0.005387
v 0.934648 -0.050432 0.106975
v -0.610376 -0.050432 0.106975
v -1.903442 -0.355782 -0.092721
v -1.903442 -0.355782 0.089935
v -1.647831 -0.148098 0.089935
v -1.647831 -0.148098 -0.092721
v -1.424400 -0.148098 0.089935
v -1.424400 -0.148098 -0.092721
v -1.158773 -0.088828 -0.099644
v -1.158773 -0.088828 0.088342
v -0.649404 -0.088828 -0.099644
v -0.649404 -0.088828 0.088342
v -1.405368 0.372391 0.064908
v -1.561866 0.278507 -0.005387
v -1.405368 0.343209 -0.005387
v -1.656005 0.326647 0.110704
v -1.656005 0.278507 -0.005387
v -1.561866 0.326647 0.110704
v -1.227878 -0.133720 0.082484
v -1.227878 -0.133720 -0.085798
v -0.977284 -0.133720 0.082484
v -0.977284 -0.133720 -0.085798
v -0.873511 -0.188302 0.082484
v -0.873511 -0.188302 -0.085798
v -0.786183 -0.187930 -0.085798
v -0.691942 -0.187930 0.082484
v -0.691942 -0.187930 -0.085798
v -0.555004 -0.226005 0.082484
v -0.555004 -0.226005 -0.085798
v -1.037565 0.372391 0.064908
v -1.405368 0.372391 0.064908
v -1.037565 0.343209 -0.005387
v -1.037565 0.372391 0.064908
v -0.888033 0.335114 0.102189
v -0.888033 0.290488 -0.005387
v -1.037565 0.343209 -0.005387
v -1.037565 0.372391 -0.076210
v -0.888033 0.335114 -0.113491
v -1.405368 0.372391 0.064908
v -1.037565 0.343209 -0.005387
v -1.405368 0.343209 -0.005387
v -1.405368 0.372391 -0.076210
v -1.037565 0.372391 -0.076210
v -0.724016 -0.066301 -0.099644
v -0.724016 -0.066301 0.088342
v -0.784921 -0.011185 0.088342
v -0.784921 -0.011185 -0.099644
v -0.690994 -0.077858 0.082484
v -0.775250 -0.001548 -0.085798
v -0.690994 -0.077858 -0.085798
v -0.775250 -0.001548 0.082484
v -1.405368 0.372391 0.064908
v -1.561866 0.326647 0.110704
v -1.561866 0.278507 -0.005387
v -1.405368 0.343209 -0.005387
v -1.405368 0.372391 -0.076210
v -1.561866 0.326647 -0.122006
v -1.656005 0.278507 -0.005387
v -1.656005 0.326647 -0.122006
v -1.708693 -0.055013 0.108575
v -1.708693 -0.055013 -0.119341
v -2.039331 -0.329954 0.108575
v -2.039331 -0.329954 -0.119341
v 0.042209 -0.143625 -0.099644
v 0.042209 -0.143625 0.088342
v 0.729110 -0.139684 -0.099645
v 0.729110 -0.139684 0.088342
v -2.647477 0.079290 -0.139582
v -2.647477 0.079290 0.128280
v -2.573281 0.069970 -0.005387
v -2.584932 0.137122 -0.139582
v -2.584932 0.137122 0.128280
v -2.181568 0.136804 -0.139582
v -2.181568 0.136804 0.128280
v -2.084579 0.069970 -0.005387
v 0.631148 -0.093939 0.088342
v 0.671028 -0.125677 -0.099645
v 0.671028 -0.125677 0.088342
v 0.631148 -0.093939 -0.099645
v 0.641260 -0.086751 0.082484
v 0.002233 -0.086751 -0.085798
v 0.641260 -0.086751 -0.085798
v 0.002233 -0.086751 0.082484
v 0.715813 -0.134624 0.082484
v 0.715813 -0.134624 -0.085798
v 0.996575 0.005696 0.038817
v -0.549168 0.005696 0.038817
v 0.988316 0.017198 0.038817
v -0.549168 0.017198 0.038817
v -0.753662 0.548443 -0.113491
v -0.888033 0.550572 -0.113491
v -0.775074 0.442844 -0.158222
v -0.888033 0.442844 -0.158222
v -0.796482 0.337245 -0.113491
v -0.888033 0.335114 -0.113491
v -1.037565 0.513243 -0.076210
v -1.405368 0.442844 -0.104967
v -1.405373 0.513243 -0.076210
v -1.405368 0.372391 -0.076210
v -1.561866 0.442844 -0.169931
v -1.405368 0.442844 -0.104967
v -1.405373 0.513243 -0.076210
v -1.561866 0.559039 -0.122006
v -1.561866 0.326647 -0.122006
v -1.656005 0.442844 -0.169931
v -1.656005 0.559039 -0.122006
v -1.322795 0.540082 -0.101773
v -1.111969 0.540082 -0.101773
v -1.111969 0.444069 -0.141175
v -1.322795 0.444069 -0.141175
v -1.111969 0.348001 -0.101773
v -1.322795 0.348001 -0.101773
v -1.125363 0.289795 -0.065029
v -1.313236 0.289795 -0.065029
v -1.153544 0.364350 -0.042659
v -1.285055 0.364350 -0.042659
v -1.341141 0.247195 -0.094850
v -1.097458 0.247195 -0.094850
v -1.610389 0.112520 -0.118277
v -1.523173 0.079396 -0.135852
v -1.636951 0.079396 -0.135852
v -1.495998 0.112520 -0.118277
v -1.724397 0.182971 -0.118277
v -1.493192 0.079396 -0.135852
v -1.745677 0.145376 -0.135852
v -1.456783 0.107035 -0.135852
v -2.581785 0.145695 -0.135852
v -1.426419 0.185474 -0.118277
v -2.645688 0.182971 -0.118276
v -2.688289 0.140371 -0.118276
v -2.694696 0.077106 -0.130530
v -1.408654 0.157731 -0.135852
v -1.065986 0.157784 -0.135852
v -1.035989 0.185474 -0.118277
v -0.977294 0.123703 -0.118277
v -0.996758 0.089248 -0.135852
v -0.748406 0.090473 -0.135852
v -0.748832 0.123703 -0.118277
v -0.610376 0.017198 -0.118277
v -0.610796 -0.017149 -0.135852
v 0.934648 0.017198 -0.118277
v 0.946880 -0.016617 -0.133187
v -1.816869 0.170352 -0.094850
v -2.241865 0.170352 -0.094850
v -1.880772 0.222592 -0.074609
v -2.241865 0.222592 -0.074609
v -1.663642 0.047019 -0.118277
v -1.745677 0.145376 -0.135852
v -1.636951 0.079396 -0.135852
v -1.766999 0.106822 -0.118277
v -1.549250 0.047019 -0.118277
v -2.517882 0.106822 -0.118276
v -1.523173 0.079396 -0.135852
v -2.581785 0.145695 -0.135852
v -2.645688 -0.031635 -0.118276
v -2.694696 0.077106 -0.130530
v -1.528594 0.030191 -0.118277
v -1.493192 0.079396 -0.135852
v -1.507932 0.013418 -0.118277
v -1.467865 0.056445 -0.135852
v -1.238231 -0.171794 -0.135852
v -1.272717 -0.220041 -0.118277
v -0.829035 -0.220041 -0.118277
v -0.725331 -0.170622 -0.135852
v -0.770458 -0.278618 -0.118277
v -0.666706 -0.234793 -0.135852
v -0.711880 -0.337196 -0.118277
v -0.608102 -0.336398 -0.118277
v -0.525625 -0.234206 -0.135852
v -0.015117 -0.336398 -0.118277
v 0.067387 -0.234258 -0.135852
v 0.506755 -0.336398 -0.118277
v 0.608755 -0.234366 -0.128401
v -2.019100 -0.517135 -0.139582
v -1.864988 -0.427033 -0.139582
v -1.811736 -0.522886 -0.139582
v -1.997800 -0.421280 -0.139582
v -2.061702 -0.453232 -0.139582
v -2.445119 -0.336077 -0.139582
v -2.498371 -0.261524 -0.139582
v -2.567875 -0.368029 -0.139582
v -2.546575 -0.389330 -0.139582
v -2.647477 0.079290 -0.139582
v -2.743331 0.132542 -0.139582
v -2.668778 0.228396 -0.139582
v -2.584932 0.137122 -0.139582
v -2.224170 0.228396 -0.139582
v -2.181568 0.136804 -0.139582
v -1.456783 0.107035 -0.135852
v -1.467865 0.056445 -0.135852
v -1.493192 0.079396 -0.135852
v -1.417531 0.100218 -0.118277
v -1.408654 0.157731 -0.135852
v -1.203617 -0.122590 -0.118277
v -1.390553 0.128495 -0.118277
v -1.238231 -0.171794 -0.135852
v -1.095978 0.128495 -0.118277
v -0.725331 -0.170622 -0.135852
v -1.065986 0.157784 -0.135852
v -0.621479 -0.122590 -0.118277
v -0.996758 0.089248 -0.135852
v -1.015982 0.056071 -0.118277
v -0.748832 0.056071 -0.118277
v -0.748406 0.090473 -0.135852
v -0.610796 -0.017149 -0.135852
v -0.610376 -0.050432 -0.118277
v 0.934648 -0.050432 -0.118277
v 0.946880 -0.016617 -0.133187
v -0.666706 -0.234793 -0.135852
v -0.573552 -0.175841 -0.118277
v -0.028494 -0.122590 -0.118277
v -0.525625 -0.234206 -0.135852
v 0.019433 -0.175841 -0.118277
v 0.067387 -0.234258 -0.135852
v 0.541306 -0.175841 -0.118277
v 0.608755 -0.234366 -0.128401
v -1.584360 -0.569110 -0.139582
v -1.610022 -0.745482 -0.139582
v -1.680214 -0.664965 -0.139582
v -1.423639 -0.649627 -0.139582
v -1.241617 -0.847300 -0.139582
v -1.423639 -0.649627 -0.139582
v -1.262918 -0.740795 -0.139582
v -1.610022 -0.745482 -0.139582
v -2.039331 -0.329954 -0.119341
v -2.006336 -0.461966 -0.119341
v -2.099410 -0.337834 -0.119341
v -1.984337 -0.428949 -0.119341
v -2.490250 -0.274996 -0.119341
v -2.054194 -0.273985 -0.119341
v -2.397532 -0.226271 -0.119341
v -1.793220 -0.060869 -0.119341
v -2.457601 -0.241982 -0.119341
v -1.708693 -0.055013 -0.119341
v -2.469130 -0.048516 -0.119341
v -1.808025 0.065976 -0.119341
v -2.523245 -0.011026 -0.119341
v -1.840753 0.004737 -0.119341
v -2.415878 0.004737 -0.119341
v -2.435256 0.065976 -0.119341
v -2.304048 0.004737 -0.119341
v -2.192218 0.004737 -0.119341
v -2.099410 -0.337834 -0.119341
v -2.054194 -0.273985 -0.119341
v -0.733543 -0.256305 -0.100709
v -1.273079 -0.213705 -0.100709
v -0.712242 -0.213705 -0.100709
v -1.336982 -0.256305 -0.100709
v -1.518039 -0.075248 -0.100709
v -1.539340 0.052557 -0.100709
v -1.624544 -0.075248 -0.100709
v -1.645845 0.052557 -0.100709
v -1.782250 0.116461 -0.100709
v -1.058392 0.218757 -0.111354
v -1.376926 0.257845 -0.098580
v -1.087234 0.257845 -0.098580
v -1.405768 0.218757 -0.111353
v -1.411860 0.179033 -0.098580
v -1.052300 0.179033 -0.098580
v 0.729110 -0.139684 -0.099645
v 0.042209 -0.143625 -0.099644
v 0.671028 -0.125677 -0.099645
v 0.051896 -0.125677 -0.099644
v 0.026926 -0.093939 -0.099644
v -0.006144 -0.080519 -0.099644
v 0.646985 -0.077112 -0.099645
v 0.631148 -0.093939 -0.099645
v 0.646985 -0.077112 -0.099645
v 0.729110 -0.139684 -0.099645
v 0.671028 -0.125677 -0.099645
v -0.772742 0.013044 -0.099644
v -0.724016 -0.066301 -0.099644
v -0.784921 -0.011185 -0.099644
v -1.187018 -0.011185 -0.099644
v -0.649404 -0.088828 -0.099644
v -1.250457 0.013044 -0.099644
v -1.158773 -0.088828 -0.099644
v -1.144128 -0.066301 -0.099644
v -2.631118 0.016666 -0.092721
v -2.513963 -0.025937 -0.092721
v -2.503313 -0.270897 -0.092721
v -2.471361 -0.270897 -0.092721
v -2.450060 -0.270897 -0.092721
v -2.535264 0.133819 -0.092721
v -2.428759 0.059267 -0.092721
v -1.782873 0.133819 -0.092721
v -1.812476 0.054155 -0.092721
v -1.722384 -0.057568 -0.092721
v -1.619325 -0.066833 -0.092721
v -1.647831 -0.148098 -0.092721
v -1.502069 -0.066833 -0.092721
v -1.424400 -0.148098 -0.092721
v -1.903442 -0.355782 -0.092721
v -2.063199 -0.323829 -0.092721
v -1.999296 -0.430334 -0.092721
v -1.860840 -0.462284 -0.092721
v -1.062157 0.139359 -0.085798
v -1.211919 -0.001548 -0.085798
v -1.391906 0.139199 -0.085798
v -1.441936 0.100484 -0.085798
v -0.986555 0.064859 -0.085798
v -1.227878 -0.133720 -0.085798
v -0.775250 -0.001548 -0.085798
v -0.691942 0.064859 -0.085798
v -0.690994 -0.077858 -0.085798
v -1.156142 -0.077858 -0.085798
v -0.977284 -0.133720 -0.085798
v -0.950610 -0.077858 -0.085798
v -0.873511 -0.188302 -0.085798
v -0.775644 -0.077858 -0.085798
v -0.786183 -0.187930 -0.085798
v -0.775644 -0.077858 -0.085798
v -0.691942 -0.187930 -0.085798
v -0.555004 -0.041646 -0.085798
v -0.555004 -0.226005 -0.085798
v 0.002233 -0.086751 -0.085798
v 0.626488 -0.041646 -0.085798
v 0.641260 -0.086751 -0.085798
v 0.044835 -0.134624 -0.085798
v 0.626488 -0.226005 -0.085798
v 0.715813 -0.134624 -0.085798
v -0.690994 -0.077858 -0.085798
v -0.691942 0.064859 -0.085798
v -0.555004 -0.041646 -0.085798
v 0.935351 -0.226005 -0.085798
v 0.715813 -0.134624 -0.085798
v 0.935351 -0.041646 -0.085798
v 0.626488 -0.226005 -0.085798
v 0.626488 -0.041646 -0.085798
v 0.641260 -0.086751 -0.085798
v -1.278510 -0.750859 -0.117212
v -1.325681 -0.249969 -0.069287
v -1.067376 -0.249969 -0.069287
v -1.480869 -0.697607 -0.117212
v -1.595245 -0.619274 -0.117212
v -1.037565 0.372391 -0.076210
v -0.888033 0.335114 -0.113491
v -0.888033 0.442844 -0.158222
v -1.037565 0.442844 -0.104967
v -1.037565 0.513243 -0.076210
v -0.888033 0.550572 -0.113491
v -1.405368 0.372391 -0.076210
v -1.037565 0.372391 -0.076210
v -1.037565 0.442844 -0.104967
v -1.405368 0.442844 -0.104967
v -1.037565 0.513243 -0.076210
v -1.561866 0.559039 -0.122006
v -1.561866 0.442844 -0.169931
v -1.656005 0.442844 -0.169931
v -1.405368 0.372391 -0.076210
v -1.561866 0.326647 -0.122006
v -1.656005 0.326647 -0.122006
v -1.210183 0.048616 -0.144376
v -1.204591 0.043025 -0.128401
v -1.194090 0.068373 -0.128401
v -1.201998 0.068373 -0.144376
v -1.210183 0.088131 -0.144376
v -1.201455 0.039883 -0.109761
v -1.189659 0.068373 -0.109761
v -1.194090 0.068373 -0.128401
v -1.204591 0.093721 -0.128401
v -1.189659 0.068373 -0.109761
v -1.201455 0.096864 -0.109761
v -1.201455 0.096864 -0.109761
v -1.200102 0.098194 -0.088455
v -1.187747 0.068373 -0.088455
v -1.201455 0.039883 -0.109761
v -1.200102 0.038552 -0.088455
v -1.255287 0.093721 -0.128401
v -1.229939 0.108632 -0.109761
v -1.229939 0.104212 -0.128401
v -1.258419 0.096864 -0.109761
v -1.229939 0.110550 -0.088455
v -1.229939 0.108632 -0.109761
v -1.259771 0.098194 -0.088455
v -1.249696 0.088131 -0.144376
v -1.229939 0.104212 -0.128401
v -1.229939 0.096332 -0.144376
v -1.210183 0.088131 -0.144376
v -1.204591 0.093721 -0.128401
v -1.201455 0.096864 -0.109761
v -1.229939 0.108632 -0.109761
v -1.229939 0.104212 -0.128401
v -1.229939 0.096332 -0.144376
v -1.229939 0.110550 -0.088455
v -1.201455 0.096864 -0.109761
v -1.200102 0.098194 -0.088455
v -1.255287 0.093721 -0.128401
v -1.265788 0.068373 -0.128401
v -1.270219 0.068373 -0.109761
v -1.258419 0.096864 -0.109761
v -1.259771 0.098194 -0.088455
v -1.249696 0.088131 -0.144376
v -1.257881 0.068373 -0.144376
v -1.255287 0.043025 -0.128401
v -1.258419 0.039883 -0.109761
v -1.249696 0.048616 -0.144376
v -1.265788 0.068373 -0.128401
v -1.258419 0.039883 -0.109761
v -1.259771 0.038552 -0.088455
v -1.272131 0.068373 -0.088455
v -1.270219 0.068373 -0.109761
v -1.258419 0.096864 -0.109761
v -1.255287 0.043025 -0.128401
v -1.258419 0.039883 -0.109761
v -1.229939 0.028115 -0.109761
v -1.249696 0.048616 -0.144376
v -1.229939 0.032535 -0.128401
v -1.229939 0.040415 -0.144376
v -1.210183 0.048616 -0.144376
v -1.229939 0.032535 -0.128401
v -1.204591 0.043025 -0.128401
v -1.201455 0.039883 -0.109761
v -1.201455 0.039883 -0.109761
v -1.200102 0.038552 -0.088455
v -1.229939 0.026197 -0.088455
v -1.258419 0.039883 -0.109761
v -1.259771 0.038552 -0.088455
v -1.201998 0.068373 -0.144376
v -1.229939 0.096332 -0.144376
v -1.210183 0.088131 -0.144376
v -1.229939 0.040415 -0.144376
v -1.210183 0.048616 -0.144376
v -1.257881 0.068373 -0.144376
v -1.249696 0.088131 -0.144376
v -1.249696 0.048616 -0.144376
v -1.226835 0.086000 -0.160351
v -1.226797 0.093295 -0.142775
v -1.225615 0.090154 -0.142775
v -1.225615 0.083763 -0.158222
v -1.226914 0.087117 -0.143312
v -1.226835 0.068373 -0.167802
v -1.226941 0.081632 -0.156085
v -1.225615 0.068373 -0.164609
v -1.226941 0.068373 -0.161944
v -1.226941 0.055114 -0.156085
v -1.225615 0.052983 -0.158222
v -1.226914 0.049630 -0.143312
v -1.225615 0.046593 -0.142775
v -1.226835 0.050747 -0.160351
v -1.226797 0.043452 -0.142775
v -1.233044 0.086000 -0.160351
v -1.229939 0.094680 -0.142775
v -1.229939 0.086906 -0.161416
v -1.233076 0.093295 -0.142775
v -1.226835 0.086000 -0.160351
v -1.226797 0.093295 -0.142775
v -1.229939 0.055965 -0.155557
v -1.226941 0.055114 -0.156085
v -1.226914 0.049630 -0.143312
v -1.229939 0.050907 -0.143312
v -1.232964 0.049630 -0.143312
v -1.232932 0.055114 -0.156085
v -1.232932 0.081632 -0.156085
v -1.226941 0.081632 -0.156085
v -1.229939 0.080781 -0.155557
v -1.226941 0.068373 -0.161944
v -1.229939 0.068373 -0.160351
v -1.232932 0.068373 -0.161944
v -1.229939 0.055965 -0.155557
v -1.226941 0.055114 -0.156085
v -1.232932 0.055114 -0.156085
v -1.233044 0.086000 -0.160351
v -1.233076 0.093295 -0.142775
v -1.234263 0.090154 -0.142775
v -1.234263 0.083763 -0.158222
v -1.232964 0.087117 -0.143312
v -1.233044 0.068373 -0.167802
v -1.232932 0.081632 -0.156085
v -1.232932 0.068373 -0.161944
v -1.232964 0.049630 -0.143312
v -1.233044 0.050747 -0.160351
v -1.233076 0.043452 -0.142775
v -1.234263 0.046593 -0.142775
v -1.234263 0.052983 -0.158222
v -1.234263 0.068373 -0.164609
v -1.232932 0.055114 -0.156085
v -1.232964 0.087117 -0.143312
v -1.232932 0.081632 -0.156085
v -1.226914 0.087117 -0.143312
v -1.226941 0.081632 -0.156085
v -1.229939 0.080781 -0.155557
v -1.229939 0.085839 -0.143312
v -1.226835 0.050747 -0.160351
v -1.226797 0.043452 -0.142775
v -1.229939 0.042067 -0.142775
v -1.229939 0.049841 -0.161416
v -1.233044 0.050747 -0.160351
v -1.233076 0.043452 -0.142775
v -1.233044 0.086000 -0.160351
v -1.229939 0.086906 -0.161416
v -1.226835 0.086000 -0.160351
v -1.229939 0.068373 -0.169403
v -1.233044 0.068373 -0.167802
v -1.226835 0.068373 -0.167802
v -1.226835 0.050747 -0.160351
v -1.229939 0.049841 -0.161416
v -1.233044 0.050747 -0.160351
vn 0.7011 0.5042 -0.5042
vn 0.6992 0.7149 -0.0000
vn 1.0000 -0.0000 -0.0000
vn 0.7012 0.5042 0.5042
vn 0.6992 -0.0000 -0.7149
vn 0.7011 -0.5042 -0.5042
vn 0.6992 -0.7149 -0.0000
vn 0.7012 -0.5042 0.5042
vn 0.6992 -0.0000 0.7149
vn -0.4783 0.8782 -0.0000
vn -0.7011 0.5042 0.5042
vn -0.4792 0.6206 0.6206
vn -0.6992 0.7149 -0.0000
vn -0.7011 0.5042 -0.5041
vn -0.4792 0.6207 -0.6206
vn 0.2902 0.9570 -0.0000
vn 0.6992 0.7150 -0.0000
vn 0.7011 0.5042 0.5042
vn 0.2910 0.6765 -0.6765
vn 0.1182 0.9930 -0.0000
vn 0.1183 0.7022 -0.7021
vn 0.2911 0.6765 0.6765
vn 0.1183 0.7022 0.7021
vn -0.4783 -0.0000 0.8782
vn -0.4792 0.6206 0.6207
vn -0.6992 -0.0000 0.7149
vn -0.7011 -0.5042 0.5042
vn -0.4792 -0.6206 0.6207
vn 0.1183 -0.0000 0.9930
vn 0.2910 0.6765 0.6765
vn 0.1183 0.7021 0.7021
vn 0.1183 -0.7021 0.7022
vn 0.2911 -0.6765 0.6765
vn 0.2902 0.0004 0.9570
vn 0.7011 -0.5042 0.5042
vn -0.7012 0.5041 0.5042
vn -1.0000 -0.0000 -0.0000
vn -0.7011 0.5042 -0.5042
vn -0.7012 -0.5042 0.5042
vn -0.6992 -0.0000 -0.7149
vn -0.6992 -0.7149 -0.0000
vn -0.7011 -0.5042 -0.5042
vn -0.4783 -0.8782 -0.0000
vn -0.4792 -0.6206 0.6206
vn -0.4792 -0.6207 -0.6206
vn 0.1183 -0.7022 -0.7021
vn 0.2911 -0.6765 -0.6765
vn 0.1182 -0.9930 -0.0000
vn 0.2902 -0.9570 -0.0000
vn 0.6992 -0.7150 -0.0000
vn 0.2910 -0.6765 0.6765
vn 0.1184 -0.7022 0.7021
vn -0.4781 -0.0001 -0.8783
vn -0.4792 0.6206 -0.6206
vn -0.4792 -0.6206 -0.6206
vn 0.1183 0.7021 -0.7022
vn 0.2911 0.6765 -0.6765
vn 0.1182 -0.0000 -0.9930
vn 0.2902 -0.0000 -0.9570
vn 0.2910 -0.6765 -0.6765
vn 0.1183 -0.7021 -0.7022
vn 0.8358 -0.4652 -0.2917
vn 0.8690 -0.1659 -0.4661
vn 0.8369 -0.4579 -0.3000
vn 0.8667 -0.1812 -0.4648
vn 0.8284 -0.5601 -0.0000
vn 0.9087 0.2054 -0.3635
vn 0.9048 0.1967 -0.3777
vn 0.8369 -0.4579 0.3000
vn 0.9252 0.3795 -0.0000
vn 0.8358 -0.4652 0.2917
vn 0.9252 0.3796 -0.0000
vn 0.8690 -0.1659 0.4661
vn 0.9087 0.2055 0.3635
vn 0.8667 -0.1812 0.4648
vn 0.9048 0.1967 0.3777
vn 0.7071 0.7071 -0.0000
vn 0.7071 -0.7071 -0.0000
vn 0.7071 -0.0000 -0.7071
vn 0.7071 -0.0000 0.7071
vn -0.5453 0.5927 -0.5927
vn -0.5456 0.8381 0.0001
vn -0.5453 0.5927 0.5927
vn -0.5453 0.5928 0.5927
vn -0.5455 0.8381 -0.0000
vn 0.4970 0.8678 -0.0000
vn 0.4820 0.5531 0.6795
vn 0.4874 0.5975 0.6368
vn 0.4874 0.5975 -0.6367
vn 0.4820 0.5531 -0.6795
vn -0.0000 1.0000 -0.0000
vn -0.0000 1.0000 0.0001
vn -0.7071 0.7071 -0.0000
vn -0.0000 0.7378 -0.6750
vn -0.0000 0.6871 -0.7265
vn -0.0000 0.7378 0.6750
vn -0.0000 0.6871 0.7266
vn -0.0000 0.7071 -0.7071
vn -0.0000 0.7071 0.7071
vn 0.0627 0.6979 0.7135
vn 0.0870 0.9962 -0.0000
vn 0.0631 0.6938 0.7174
vn 0.0627 0.6978 -0.7135
vn 0.0630 0.6938 -0.7174
vn -0.0000 1.0000 -0.0001
vn -0.5455 -0.0000 0.8381
vn -0.5453 -0.5927 0.5928
vn -0.5453 0.5927 0.5928
vn 0.4324 -0.6682 0.6054
vn 0.4562 -0.1258 0.8809
vn 0.4311 -0.6976 0.5723
vn 0.4561 -0.0472 0.8887
vn 0.4820 0.5531 0.6796
vn 0.4874 0.5974 0.6368
vn -0.0000 -0.0000 1.0000
vn -0.0000 -0.6871 0.7266
vn -0.0000 -0.0473 0.9989
vn -0.0000 -0.7378 0.6750
vn -0.0000 0.0472 0.9989
vn -0.0000 -0.7071 0.7071
vn -0.0552 -0.7254 0.6861
vn -0.0474 -0.7180 0.6944
vn -0.0000 -0.0393 0.9992
vn -0.0000 -0.0158 0.9999
vn 0.0627 0.6978 0.7135
vn -0.0001 -0.0000 1.0000
vn -0.7071 -0.0000 0.7071
vn 0.0001 -0.0000 1.0000
vn -0.9463 -0.2287 -0.2287
vn -0.9463 -0.0000 -0.3232
vn -0.9463 -0.0000 -0.3233
vn -0.9463 0.2287 -0.2287
vn -0.9463 -0.3233 -0.0000
vn -0.9463 0.3233 -0.0000
vn -0.9463 -0.2287 0.2287
vn -0.9463 0.2287 0.2287
vn -0.9463 -0.0000 0.3233
vn -0.7071 -0.7071 -0.0000
vn -0.7071 -0.0000 -0.7071
vn -1.0000 -0.0000 -0.0001
vn -0.5453 -0.5928 -0.5927
vn -0.5456 -0.8381 0.0001
vn -0.5455 -0.8381 -0.0000
vn -0.5453 -0.5928 0.5927
vn -0.5453 -0.5927 0.5927
vn 0.4186 -0.9082 -0.0000
vn 0.4324 -0.6683 0.6053
vn 0.4311 -0.6977 0.5722
vn 0.4324 -0.6683 -0.6053
vn 0.4311 -0.6977 -0.5722
vn -0.0000 -1.0000 -0.0000
vn 0.7071 -0.7071 -0.0001
vn -0.0000 -0.7378 -0.6750
vn -0.0000 -0.6871 -0.7265
vn -0.0000 -0.6871 0.7265
vn -0.0000 -0.7071 -0.7071
vn -0.0000 -1.0000 -0.0001
vn -0.0707 -0.9975 -0.0000
vn -0.0552 -0.7255 0.6860
vn -0.0552 -0.7255 -0.6860
vn -0.0473 -0.7181 0.6944
vn -0.0474 -0.7181 -0.6943
vn -0.5455 -0.0000 -0.8381
vn -0.5453 -0.5927 -0.5927
vn -0.5453 -0.5927 -0.5928
vn -0.5456 -0.0000 -0.8381
vn -0.5453 0.5927 -0.5928
vn 0.4562 -0.1258 -0.8809
vn 0.4324 -0.6682 -0.6054
vn 0.4311 -0.6976 -0.5723
vn 0.4561 -0.0472 -0.8887
vn 0.4874 0.5974 -0.6368
vn -0.0000 -0.0000 -1.0000
vn 0.0001 -0.0000 -1.0000
vn -0.0000 -0.6871 -0.7266
vn -0.0000 -0.0473 -0.9989
vn -0.0000 0.0473 -0.9989
vn -0.0000 0.6870 -0.7266
vn -0.0000 -0.0393 -0.9992
vn -0.0474 -0.7180 -0.6944
vn -0.0000 -0.0157 -0.9999
vn 0.0631 0.6938 -0.7174
vn -0.0001 -0.0000 -1.0000
vn 0.4156 -0.0000 -0.9095
vn 0.4156 -0.0000 0.9096
vn 0.6870 -0.4896 -0.5370
vn 0.8121 -0.5835 -0.0000
vn 0.6870 -0.4896 0.5370
vn 0.6870 0.4896 -0.5370
vn 0.6870 0.4896 -0.5369
vn 0.6870 0.4896 0.5370
vn 0.6870 0.4896 0.5369
vn 0.7952 -0.0000 -0.6063
vn 0.7188 -0.0000 -0.6952
vn 0.7952 -0.0000 0.6063
vn 0.7188 -0.0000 0.6952
vn 0.7885 0.6150 -0.0000
vn 0.7885 0.6151 -0.0000
vn 0.4091 0.9125 -0.0000
vn 0.9196 -0.3930 -0.0000
vn 0.9196 -0.3929 -0.0000
vn -0.0000 -0.0000 -0.0000
vn 0.4345 0.9006 -0.0000
vn 0.9224 -0.3863 -0.0000
vn 0.8056 0.5924 -0.0000
vn 0.9224 0.3863 -0.0000
vn 0.8057 0.5924 -0.0000
vn 0.9888 0.1491 -0.0000
vn 0.8897 0.4566 -0.0000
vn 0.8896 0.4567 -0.0000
vn 0.8896 0.4566 -0.0000
vn 0.9658 -0.2591 -0.0000
vn 0.9678 0.2518 -0.0000
vn 0.9678 0.2519 -0.0000
vn 0.3796 -0.9252 -0.0000
vn 0.3930 0.9195 -0.0000
vn 0.4025 -0.9154 -0.0000
vn 0.7342 -0.6789 -0.0000
vn 0.7342 -0.6790 -0.0000
vn 0.8589 -0.0000 0.5122
vn 0.8587 0.3624 0.3624
vn 0.8589 0.0001 0.5122
vn 0.8589 0.5122 -0.0000
vn 0.8587 0.3624 -0.3624
vn 0.8589 -0.0000 -0.5122
vn 0.8587 -0.3624 -0.3624
vn 0.8589 -0.5122 -0.0000
vn 0.8587 -0.3624 0.3624
vn 0.8589 -0.0001 0.5122
vn 0.6355 -0.0706 0.7689
vn 0.3930 -0.9195 -0.0000
vn 0.3081 -0.7505 0.5846
vn 0.7886 0.6150 -0.0000
vn 0.8084 0.5886 -0.0000
vn 0.8084 0.5887 -0.0000
vn 0.9697 -0.2444 -0.0000
vn 0.9290 0.3700 -0.0000
vn 0.9290 0.3701 -0.0000
vn 0.8880 0.2515 0.3851
vn 0.8880 0.2515 0.3850
vn 0.8880 0.2514 0.3850
vn 0.8880 0.2514 -0.3850
vn 0.8880 0.2515 -0.3850
vn 0.8880 0.2515 -0.3851
vn 0.4315 0.9021 -0.0000
vn 0.9955 -0.0949 -0.0000
vn 0.9835 -0.1810 -0.0000
vn 0.8730 0.4876 -0.0000
vn 0.8730 0.4877 -0.0000
vn 0.8764 0.4816 -0.0000
vn 0.8283 0.4575 -0.3234
vn 0.8283 0.4575 0.3234
vn 0.9007 0.4345 -0.0000
vn 0.8269 0.4016 0.3937
vn 0.9006 0.4346 -0.0000
vn 0.8268 0.4016 -0.3937
vn 0.8269 0.4016 -0.3937
vn 0.8975 0.4409 0.0079
vn 0.8589 -0.5122 0.0035
vn 0.8588 -0.5122 0.0079
vn 0.3863 -0.9224 -0.0000
vn 0.9806 -0.1961 -0.0000
vn 0.7032 0.7110 -0.0000
vn 0.6213 0.6684 -0.4089
vn 0.8626 -0.1647 -0.4783
vn 0.6832 0.7303 -0.0000
vn 0.8626 -0.1647 0.4783
vn 0.6213 0.6684 0.4090
vn 0.8498 -0.5272 -0.0000
vn -0.4472 0.8944 -0.0000
vn -0.0000 0.9196 -0.3930
vn -0.4002 0.8084 -0.4317
vn -0.0000 0.9196 0.3930
vn -0.4003 0.8084 0.4316
vn 0.9541 -0.2996 -0.0000
vn 0.3163 0.9487 -0.0000
vn 0.6456 0.7637 -0.0000
vn 0.6409 0.7675 0.0158
vn 0.6409 0.7675 -0.0158
vn -0.9612 0.2757 -0.0000
vn -0.3538 0.9353 -0.0000
vn -0.3537 0.9353 0.0001
vn -0.9612 0.2758 -0.0000
vn -0.6707 0.7417 -0.0079
vn -0.9947 0.1026 -0.0000
vn 0.0158 0.7341 0.6788
vn -0.1580 0.9874 -0.0000
vn -0.1578 0.7022 0.6943
vn 0.0157 0.9999 -0.0000
vn 0.0158 0.7341 -0.6788
vn -0.1578 0.7022 -0.6943
vn 0.9463 -0.3233 -0.0000
vn 0.3399 0.9405 -0.0000
vn 0.4345 0.9007 -0.0000
vn -0.4314 0.9022 -0.0000
vn 0.3632 0.9317 -0.0000
vn 0.1893 0.6943 -0.6943
vn 0.1885 0.9821 -0.0000
vn -0.9939 0.1104 -0.0000
vn -0.6151 0.7884 -0.0000
vn -0.6149 0.7886 -0.0000
vn 0.2758 0.9612 -0.0000
vn 0.2757 0.9612 -0.0000
vn -0.3929 0.9196 -0.0000
vn -0.3863 0.9224 -0.0000
vn 0.3929 0.9196 -0.0000
vn 0.3232 0.9463 -0.0000
vn 0.3233 0.9463 -0.0000
vn 0.4090 0.9125 -0.0000
vn -0.8057 0.5924 -0.0000
vn 0.2203 0.9754 -0.0000
vn 0.3863 0.9224 -0.0000
vn -0.0000 0.9874 0.1579
vn -0.0000 0.9095 0.4156
vn -0.0000 0.9096 -0.4156
vn -0.0000 0.9095 -0.4158
vn -0.6904 0.6591 0.2981
vn -0.9224 0.3863 -0.0000
vn 0.3398 0.9405 -0.0000
vn 0.3795 0.9252 -0.0000
vn -0.3236 0.9462 -0.0000
vn 0.3794 0.9252 -0.0000
vn 0.3793 0.9253 -0.0000
vn -0.9963 0.0862 -0.0000
vn 0.6150 0.7885 -0.0000
vn -0.3299 0.6676 0.6675
vn -0.3304 0.9439 -0.0000
vn -0.3298 0.6675 -0.6675
vn 0.3633 0.9317 -0.0000
vn 0.6324 0.7746 -0.0000
vn 0.6324 0.7747 -0.0000
vn 0.3852 0.6526 -0.6525
vn 0.1886 0.9821 0.0001
vn 0.1894 0.6943 -0.6943
vn 0.3852 0.6525 0.6525
vn 0.1894 0.6943 0.6943
vn 0.4405 0.8181 0.3697
vn 0.4405 0.8181 -0.3697
vn 0.4262 0.8286 -0.3630
vn 0.4261 0.8286 -0.3630
vn 0.4261 0.8286 0.3630
vn 0.4262 0.8286 0.3630
vn -0.3537 0.9354 -0.0000
vn 0.4314 0.9022 -0.0000
vn -0.9052 0.4251 -0.0000
vn 0.3162 0.9487 -0.0000
vn 0.3162 0.9487 0.0001
vn 0.7031 0.7111 -0.0000
vn 0.3468 0.9379 -0.0000
vn 0.0315 0.9673 -0.2517
vn 0.1810 0.9835 -0.0000
vn 0.0315 0.9995 -0.0000
vn 0.0315 0.9673 0.2517
vn 0.1734 0.9382 -0.2996
vn 0.1734 0.9382 0.2996
vn 0.6831 0.7303 -0.0000
vn 0.6213 0.6685 -0.4089
vn 0.6212 0.6685 0.4089
vn -0.9633 0.2685 -0.0000
vn 0.7953 -0.0000 0.6063
vn 0.7189 -0.0000 0.6951
vn 0.0079 0.0472 0.9989
vn -0.1580 -0.0000 0.9874
vn 0.0158 0.7341 0.6789
vn 0.0157 -0.6830 0.7302
vn -0.1578 -0.7022 0.6943
vn 0.0078 0.0472 0.9989
vn -0.0000 0.4250 0.9052
vn -0.0000 0.4251 0.9052
vn -0.0000 0.3632 0.9317
vn -0.1806 0.4241 0.8874
vn 0.0790 0.4107 0.9083
vn -0.0552 0.4654 0.8834
vn 0.1255 0.3766 0.9178
vn -0.1889 0.4486 0.8736
vn 0.1185 0.3633 0.9241
vn -0.2994 0.3625 0.8826
vn 0.0867 0.3781 0.9217
vn -0.1971 0.4258 0.8831
vn -0.0475 0.3559 0.9333
vn -0.1648 0.4473 0.8790
vn -0.1261 0.2443 0.9615
vn -0.1653 0.1889 0.9680
vn 0.1181 0.4409 0.8897
vn 0.1973 0.3709 0.9075
vn 0.1342 0.3789 0.9157
vn 0.1659 0.3635 0.9167
vn 0.1964 0.4479 0.8722
vn 0.1336 0.4557 0.8800
vn 0.1971 0.4416 0.8753
vn 0.1340 0.4337 0.8910
vn -0.0000 0.4314 0.9021
vn -0.1889 -0.2047 0.9604
vn -0.1578 -0.2525 0.9547
vn -0.1495 -0.2675 0.9519
vn -0.0707 -0.3691 0.9267
vn -0.0472 -0.4086 0.9115
vn -0.0868 -0.2841 0.9549
vn -0.0787 -0.4173 0.9054
vn -0.1179 -0.2593 0.9586
vn -0.1264 -0.3793 0.9166
vn -0.0394 -0.2682 0.9625
vn -0.1106 -0.3638 0.9249
vn -0.0942 -0.1573 0.9830
vn -0.0866 -0.3781 0.9217
vn -0.0948 -0.1264 0.9874
vn 0.0316 -0.3161 0.9482
vn -0.0549 -0.1412 0.9885
vn 0.0711 -0.1895 0.9793
vn 0.0869 -0.1265 0.9882
vn -0.0553 -0.1423 0.9883
vn -0.0158 -0.1580 0.9873
vn -0.0000 -0.1657 0.9862
vn -0.0000 -0.1580 0.9874
vn 0.0078 -0.1491 0.9888
vn 0.0079 -0.1414 0.9899
vn -0.0002 -0.0000 1.0000
vn 0.0003 -0.0000 1.0000
vn -0.0000 0.3068 0.9518
vn -0.0000 -0.0869 0.9962
vn -0.0000 -0.2996 0.9541
vn 0.0002 -0.0000 1.0000
vn 0.0237 0.0948 0.9952
vn 0.1970 -0.4099 0.8906
vn 0.2681 -0.1340 0.9540
vn 0.2198 0.0628 0.9735
vn 0.2365 -0.0552 0.9701
vn 0.0863 0.2747 0.9576
vn 0.1181 0.2520 0.9605
vn 0.0394 0.2683 0.9625
vn 0.0708 0.1102 0.9914
vn 0.0867 0.1497 0.9849
vn 0.0236 0.1414 0.9897
vn -0.0000 0.2830 0.9591
vn -0.0000 0.2203 0.9754
vn 0.0079 0.2518 0.9677
vn 0.0079 0.2369 0.9715
vn -0.0000 0.9096 0.4155
vn -0.0000 0.9096 0.4156
vn -0.1883 -0.3688 0.9102
vn -0.2599 -0.7639 0.5907
vn -0.1261 -0.3860 0.9138
vn -0.3236 -0.8050 0.4972
vn -0.2906 -0.7776 0.5576
vn -0.1336 -0.4557 0.8800
vn -0.1971 -0.4416 0.8753
vn -0.0000 -0.4345 0.9007
vn -0.0000 -0.8731 0.4876
vn -0.2751 -0.8333 0.4795
vn 0.3863 -0.0000 0.9224
vn 0.1886 -0.0000 0.9821
vn 0.3852 -0.6525 0.6526
vn 0.3852 0.6525 0.6526
vn 0.1893 0.6943 0.6943
vn 0.1885 -0.0000 0.9821
vn -0.3299 -0.6675 0.6676
vn -0.3303 -0.0000 0.9439
vn -0.3298 0.6675 0.6676
vn 0.3852 -0.6525 0.6525
vn 0.1894 -0.6943 0.6943
vn -0.9612 -0.2757 -0.0000
vn -0.5924 -0.8056 -0.0000
vn -0.4174 -0.8031 -0.4252
vn -0.4661 -0.8847 -0.0000
vn -0.4174 -0.8031 0.4252
vn -0.5357 -0.7247 -0.4333
vn -0.5357 -0.7247 0.4333
vn -0.1259 -0.9920 -0.0000
vn -0.7496 -0.5130 -0.4182
vn -0.1099 -0.8794 -0.4633
vn -0.1099 -0.8794 0.4632
vn -0.7496 -0.5130 0.4182
vn -0.9862 0.1657 -0.0000
vn -0.7497 -0.5129 -0.4182
vn -0.8247 -0.5655 -0.0000
vn -0.7497 -0.5129 0.4182
vn -0.8843 0.1500 -0.4421
vn -0.8843 0.1500 0.4421
vn -0.4003 0.8084 -0.4317
vn -0.4003 0.8084 0.4317
vn -0.8588 -0.5122 -0.0000
vn -0.4970 -0.8678 -0.0000
vn -0.8589 -0.5122 -0.0000
vn -0.7089 -0.6143 0.3466
vn -0.7088 -0.6144 0.3465
vn -0.7089 -0.6144 0.3466
vn -0.7089 -0.6143 -0.3466
vn -0.7088 -0.6144 -0.3465
vn -0.4566 -0.8897 -0.0000
vn -0.9947 0.1027 -0.0000
vn -0.4567 -0.8896 -0.0000
vn -0.8056 0.5924 -0.0000
vn -0.9888 0.1491 -0.0000
vn -0.4315 0.9021 -0.0000
vn -0.9910 0.1337 -0.0000
vn -0.9911 0.1334 -0.0000
vn -0.9125 -0.4091 -0.0000
vn -0.9125 -0.4090 -0.0000
vn -0.8897 0.4566 -0.0000
vn -0.8896 0.4567 -0.0000
vn -0.4409 -0.8975 -0.0000
vn -0.9939 0.1105 -0.0000
vn -0.8587 -0.3624 0.3624
vn -0.8589 -0.0000 0.5122
vn -0.8587 -0.3624 -0.3624
vn -0.8589 -0.0000 -0.5122
vn -0.8587 0.3624 -0.3624
vn -0.8589 0.0001 -0.5122
vn -0.8589 0.5122 -0.0000
vn -0.8587 0.3624 0.3624
vn -0.8589 0.0001 0.5122
vn -0.3863 0.9224 0.0001
vn -0.3930 0.9195 -0.0000
vn -0.3863 -0.9224 -0.0000
vn -0.4315 -0.9021 -0.0000
vn -0.8084 0.5886 -0.0000
vn -0.6905 0.6591 -0.2982
vn -0.6905 0.6591 0.2981
vn -0.4091 -0.9125 -0.0000
vn -0.9963 0.0863 -0.0000
vn -0.9052 0.4250 -0.0000
vn -0.9052 0.4250 0.0004
vn 0.3863 -0.9223 0.0079
vn 0.6993 -0.7149 -0.0000
vn 0.6991 -0.7148 0.0157
vn 0.3863 -0.9223 -0.0079
vn 0.6991 -0.7148 -0.0157
vn 0.0079 -1.0000 -0.0000
vn -0.4661 -0.8848 -0.0000
vn -0.0000 -0.9327 -0.3605
vn -0.0000 -0.9327 0.3605
vn -0.4173 -0.8032 -0.4252
vn -0.4173 -0.8031 0.4252
vn -0.5923 -0.8057 -0.0000
vn 0.0709 -0.8984 -0.4334
vn -0.5357 -0.7248 -0.4333
vn -0.5357 -0.7248 0.4333
vn 0.0709 -0.8984 0.4334
vn 0.0785 -0.9969 -0.0000
vn -0.1099 -0.8794 -0.4632
vn -0.1099 -0.8794 0.4633
vn -0.1260 -0.9920 -0.0000
vn -0.7496 -0.5130 -0.4183
vn -0.8247 -0.5656 -0.0000
vn -0.2515 -0.9039 -0.3458
vn -0.2515 -0.9039 -0.3459
vn -0.2515 -0.9040 -0.3458
vn -0.2515 -0.9040 0.3458
vn -0.2515 -0.9039 0.3459
vn 0.0157 -0.6831 -0.7302
vn 0.0315 -0.9995 -0.0000
vn -0.1578 -0.7022 -0.6942
vn -0.1491 -0.9888 -0.0000
vn 0.0157 -0.6831 0.7302
vn 0.3862 -0.9224 -0.0079
vn 0.3795 -0.9252 -0.0000
vn 0.3862 -0.9224 0.0079
vn -0.4409 -0.8976 -0.0000
vn -0.3373 -0.9414 -0.0000
vn -0.2593 -0.9658 -0.0000
vn -0.6285 -0.7778 -0.0000
vn -0.6707 -0.7417 -0.0000
vn -0.6707 -0.7418 -0.0000
vn 0.4024 -0.9154 -0.0000
vn -0.2590 -0.9659 -0.0000
vn 0.3929 -0.9196 -0.0000
vn -0.3632 -0.9317 -0.0000
vn 0.3081 -0.7505 0.5847
vn -0.4314 -0.9022 -0.0000
vn -0.3233 -0.9463 -0.0000
vn -0.2906 -0.7775 0.5577
vn -0.3232 -0.9463 -0.0000
vn -0.0000 -0.8730 0.4876
vn 0.3373 -0.9414 -0.0000
vn 0.9697 -0.2443 -0.0000
vn 0.9463 -0.3234 -0.0000
vn -0.4090 -0.9125 -0.0000
vn 0.3852 -0.6526 0.6525
vn 0.1886 -0.9821 -0.0000
vn 0.1885 -0.9821 -0.0000
vn 0.1893 -0.6943 0.6943
vn -0.2444 -0.9697 -0.0000
vn -0.2370 -0.9715 -0.0000
vn -0.1338 -0.9910 -0.0001
vn -0.1338 -0.9910 -0.0000
vn -0.2685 -0.9633 -0.0000
vn -0.2683 -0.9633 -0.0000
vn -0.3298 -0.6676 0.6675
vn -0.1492 -0.9888 -0.0000
vn -0.3303 -0.9439 -0.0000
vn -0.3299 -0.6676 -0.6675
vn -0.1578 -0.7022 -0.6943
vn -0.6710 -0.7415 -0.0000
vn -0.6706 -0.7418 -0.0000
vn -0.6710 -0.7414 -0.0000
vn -0.6708 -0.7416 -0.0000
vn 0.3852 -0.6526 -0.6525
vn 0.1894 -0.6943 -0.6943
vn 0.9835 -0.1809 -0.0000
vn 0.9955 -0.0948 -0.0000
vn 0.9955 -0.0947 -0.0000
vn 0.9540 -0.2997 -0.0000
vn -0.4409 -0.8976 0.0001
vn 0.3154 -0.8358 -0.4494
vn 0.8498 -0.5271 -0.0000
vn 0.8626 -0.1647 -0.4784
vn 0.3154 -0.8358 0.4494
vn 0.8626 -0.1647 0.4784
vn -0.0000 -0.8944 -0.4472
vn 0.0001 -0.8945 0.4471
vn -0.0000 -1.0000 0.0001
vn -0.6237 -0.7816 -0.0000
vn -0.6237 -0.7817 -0.0000
vn -0.2830 -0.9591 -0.0000
vn 0.9195 -0.3930 -0.0000
vn -0.2829 -0.9592 -0.0000
vn -0.9633 0.2684 -0.0000
vn 0.7953 -0.0000 -0.6063
vn 0.7189 -0.0000 -0.6951
vn 0.0158 0.7341 -0.6789
vn 0.0078 0.0472 -0.9989
vn -0.1580 -0.0000 -0.9874
vn 0.0157 -0.6830 -0.7302
vn 0.3852 -0.6525 -0.6526
vn 0.1886 -0.0000 -0.9821
vn 0.3863 -0.0000 -0.9224
vn 0.3852 0.6525 -0.6526
vn 0.1885 -0.0000 -0.9821
vn -0.0000 0.0001 -1.0000
vn -0.0000 0.4251 -0.9052
vn -0.0000 0.4250 -0.9052
vn 0.0790 0.4107 -0.9083
vn -0.0552 0.4654 -0.8834
vn 0.1255 0.3766 -0.9178
vn -0.1806 0.4241 -0.8874
vn 0.1185 0.3633 -0.9241
vn -0.1888 0.4486 -0.8736
vn 0.0867 0.3781 -0.9217
vn -0.2995 0.3625 -0.8826
vn -0.0475 0.3559 -0.9333
vn -0.1971 0.4258 -0.8831
vn -0.1261 0.2443 -0.9615
vn -0.1653 0.1889 -0.9680
vn -0.1648 0.4474 -0.8790
vn 0.1181 0.4409 -0.8897
vn 0.1972 0.3709 -0.9075
vn 0.1342 0.3789 -0.9156
vn 0.1660 0.3635 -0.9167
vn 0.1965 0.4479 -0.8722
vn 0.1336 0.4558 -0.8800
vn 0.1971 0.4416 -0.8753
vn 0.1340 0.4337 -0.8910
vn -0.0000 0.4314 -0.9021
vn -0.0000 0.3632 -0.9317
vn -0.1264 -0.3793 -0.9166
vn -0.1106 -0.3635 -0.9250
vn -0.0787 -0.4173 -0.9054
vn -0.0866 -0.3781 -0.9217
vn -0.0472 -0.4086 -0.9115
vn 0.0316 -0.3161 -0.9482
vn -0.0707 -0.3691 -0.9267
vn 0.0711 -0.1895 -0.9793
vn 0.0870 -0.1265 -0.9881
vn 0.0869 -0.1265 -0.9882
vn -0.1495 -0.2675 -0.9519
vn -0.1578 -0.2525 -0.9547
vn -0.1889 -0.2047 -0.9604
vn -0.0868 -0.2841 -0.9549
vn -0.1179 -0.2593 -0.9586
vn -0.0394 -0.2682 -0.9625
vn -0.0945 -0.1573 -0.9830
vn -0.0948 -0.1264 -0.9874
vn -0.0549 -0.1412 -0.9885
vn -0.0553 -0.1423 -0.9883
vn -0.0158 -0.1580 -0.9873
vn -0.0000 -0.1657 -0.9862
vn -0.0000 -0.1580 -0.9874
vn 0.0079 -0.1491 -0.9888
vn 0.0079 -0.1414 -0.9899
vn -0.0002 -0.0000 -1.0000
vn 0.2681 -0.1340 -0.9540
vn 0.2198 0.0628 -0.9735
vn 0.2365 -0.0552 -0.9701
vn 0.2745 -0.0941 -0.9570
vn 0.1970 -0.4098 -0.8906
vn 0.0864 0.2747 -0.9576
vn 0.1572 -0.4322 -0.8880
vn 0.1181 0.2519 -0.9605
vn -0.1099 -0.4319 -0.8952
vn 0.0394 0.2683 -0.9625
vn -0.1883 -0.3688 -0.9102
vn 0.0708 0.1102 -0.9914
vn -0.1261 -0.3860 -0.9138
vn -0.1578 -0.3708 -0.9152
vn -0.1964 -0.4479 -0.8722
vn -0.1336 -0.4557 -0.8800
vn -0.1971 -0.4416 -0.8753
vn -0.1336 -0.4401 -0.8880
vn -0.0000 -0.4345 -0.9007
vn 0.0867 0.1497 -0.9849
vn 0.0236 0.1414 -0.9897
vn -0.0000 0.2830 -0.9591
vn -0.0000 0.2203 -0.9754
vn 0.0079 0.2518 -0.9678
vn 0.0079 0.2369 -0.9715
vn 0.0079 0.2370 -0.9715
vn 0.0002 -0.0000 -1.0000
vn -0.0000 -0.0870 -0.9962
vn -0.0000 0.3067 -0.9518
vn -0.0000 0.3068 -0.9518
vn -0.0000 -0.2996 -0.9541
vn 0.4156 -0.0000 -0.9096
vn 0.0237 0.0948 -0.9952
vn -0.3298 -0.6675 -0.6675
vn -0.3303 -0.0000 -0.9439
vn -0.3299 0.6675 -0.6675
vn -0.0001 0.7071 -0.7071
vn -0.0000 -0.0001 -1.0000
vn 0.9439 -0.0000 -0.3304
vn 0.6675 -0.6675 -0.3298
vn 0.4314 -0.4314 -0.7923
vn 0.6063 -0.0000 -0.7952
vn 0.4314 0.4315 -0.7923
vn 0.6676 -0.6675 -0.3298
vn 0.9874 -0.0000 -0.1580
vn 0.6984 -0.6983 -0.1570
vn 0.6675 0.6675 -0.3299
vn 0.6676 0.6675 -0.3298
vn 0.6984 0.6983 -0.1570
vn 0.9962 -0.0000 -0.0870
vn 0.6984 0.6983 -0.1569
vn 0.7045 0.7044 -0.0871
vn 0.6984 -0.6983 -0.1569
vn 0.7044 -0.7044 -0.0870
vn -0.6675 0.6675 -0.3298
vn -0.0000 0.9874 -0.1580
vn -0.0000 0.9439 -0.3303
vn -0.6983 0.6983 -0.1570
vn -0.6983 0.6984 -0.1569
vn -0.0000 0.9962 -0.0870
vn -0.0000 0.9874 -0.1579
vn -0.7044 0.7045 -0.0871
vn -0.4315 0.4314 -0.7923
vn -0.6675 0.6676 -0.3299
vn -0.0000 0.6063 -0.7952
vn 0.6675 0.6676 -0.3299
vn 0.0001 0.9874 -0.1580
vn 0.6983 0.6984 -0.1569
vn 0.4315 0.4314 -0.7923
vn 0.7044 0.7044 -0.0871
vn -0.6676 0.6675 -0.3299
vn -0.9439 -0.0000 -0.3303
vn -0.9874 -0.0000 -0.1580
vn -0.6984 0.6983 -0.1569
vn -0.4314 0.4315 -0.7923
vn -0.6063 -0.0000 -0.7953
vn -0.6675 -0.6675 -0.3299
vn -0.6984 -0.6983 -0.1569
vn -0.4314 -0.4315 -0.7923
vn -0.6063 -0.0000 -0.7952
vn -0.6676 -0.6675 -0.3298
vn -0.9962 -0.0000 -0.0870
vn -0.7045 -0.7044 -0.0871
vn -0.7044 0.7044 -0.0871
vn -0.6675 -0.6676 -0.3298
vn -0.0000 -0.9874 -0.1580
vn -0.6983 -0.6984 -0.1570
vn -0.0000 -0.9438 -0.3304
vn -0.4315 -0.4314 -0.7923
vn -0.0000 -0.6063 -0.7952
vn 0.4315 -0.4314 -0.7923
vn -0.0000 -0.9439 -0.3303
vn 0.6675 -0.6675 -0.3299
vn 0.6675 -0.6676 -0.3298
vn 0.6983 -0.6984 -0.1570
vn -0.0000 -0.9962 -0.0870
vn 0.6983 -0.6984 -0.1569
vn 0.7044 -0.7045 -0.0871
vn -0.6983 -0.6984 -0.1569
vn -0.7044 -0.7044 -0.0871
vn 0.4315 -0.4315 -0.7923
vn -0.4315 0.4315 -0.7923
vn 0.9939 0.1026 -0.0394
vn 0.6705 0.5285 -0.5207
vn 0.6300 0.7166 -0.2992
vn 0.9970 0.0550 -0.0550
vn 0.7269 -0.6320 0.2686
vn 0.6707 -0.0000 -0.7417
vn 0.7423 -0.4738 0.4738
vn 0.9975 -0.0000 -0.0707
vn 0.7453 -0.0000 0.6668
vn 0.7423 0.4738 0.4738
vn 0.9970 -0.0549 -0.0549
vn 0.7306 0.6284 0.2671
vn 0.9939 -0.1026 -0.0394
vn 0.6705 -0.5285 -0.5206
vn 0.6300 -0.7166 -0.2993
vn -0.6705 0.5285 -0.5206
vn -0.0000 0.9263 -0.3768
vn -0.6300 0.7167 -0.2993
vn 0.6300 0.7166 -0.2993
vn -0.0000 0.9224 0.3863
vn -0.7306 0.6284 0.2671
vn -0.7423 0.4738 0.4738
vn -0.0000 -0.7031 0.7111
vn 0.7452 -0.0000 0.6668
vn -0.7452 -0.0000 0.6668
vn -0.7423 -0.4738 0.4738
vn -0.9939 0.1025 -0.0394
vn -0.6300 0.7166 -0.2992
vn -0.9970 0.0549 -0.0549
vn -0.7306 -0.6284 0.2671
vn -0.6707 -0.0000 -0.7417
vn -0.6705 -0.5285 -0.5206
vn -0.6300 -0.7166 -0.2992
vn -0.9939 -0.1026 -0.0394
vn -0.9970 -0.0549 -0.0549
vn -0.9975 -0.0000 -0.0707
vn -0.7453 -0.0000 0.6668
vn -0.0000 -0.7032 0.7110
vn -0.7305 -0.6285 0.2671
vn 0.7268 -0.6321 0.2686
vn 0.7423 -0.4738 0.4739
vn -0.0000 -0.9224 0.3863
vn -0.0000 -0.9263 -0.3768
vn -0.6300 -0.7166 -0.2993
vn -0.6705 0.5286 -0.5207
vn 0.6705 0.5285 -0.5206
vn -0.6707 -0.0000 -0.7418
vn 0.6707 -0.0000 -0.7418
vn 0.6705 -0.5286 -0.5206
vt -0.786686 1.518910
vt -0.800656 1.524690
vt -0.800656 1.504940
vt -0.814625 1.518910
vt -0.780899 1.504940
vt -0.786686 1.490970
vt -0.800656 1.485180
vt -0.814625 1.490970
vt -0.820412 1.504940
vt -0.688668 1.504940
vt -0.673079 1.518910
vt -0.688668 1.524890
vt -0.673079 1.504940
vt -0.673079 1.490970
vt -0.688668 1.484980
vt -0.928232 1.490970
vt -0.912643 1.504940
vt -0.928232 1.504940
vt -0.928232 1.518910
vt -0.912643 1.484980
vt -0.895951 1.504940
vt -0.895951 1.483580
vt -0.912643 1.524890
vt -0.895951 1.526290
vt -0.705360 1.504940
vt -0.705360 1.526290
vt -0.705360 1.483580
vt -0.800655 1.524690
vt -0.800655 1.504940
vt -0.800655 1.485180
vt -1.027540 0.314264
vt -1.030980 0.292555
vt -1.023430 0.310400
vt -1.036780 0.292394
vt -1.005220 0.323323
vt -1.023430 0.274709
vt -1.005220 0.317792
vt -1.027540 0.270523
vt -0.987016 0.310400
vt -1.005220 0.261464
vt -0.982909 0.314264
vt -1.005220 0.267318
vt -0.979474 0.292555
vt -0.987016 0.274709
vt -0.973665 0.292394
vt -0.982909 0.270523
vt -1.042810 0.292677
vt -0.967639 0.305429
vt -1.042810 0.305429
vt -0.967639 0.292677
vt -1.042810 0.279925
vt -0.967639 0.279925
vt -0.992472 0.301424
vt -0.992472 0.326851
vt -1.005220 0.326851
vt -1.005220 0.301424
vt -1.017980 0.326851
vt -1.017980 0.301424
vt -0.867502 0.268459
vt -0.874758 0.292394
vt -0.874758 0.265117
vt -0.867502 0.316328
vt -0.874758 0.319670
vt -0.867502 0.292394
vt -1.135700 0.292394
vt -1.133620 0.317683
vt -1.141110 0.314709
vt -1.142950 0.292394
vt -1.141110 0.270078
vt -1.133620 0.267104
vt -0.990040 0.305146
vt -1.002790 0.274359
vt -0.990040 0.279641
vt -0.984758 0.292394
vt -1.002790 0.310428
vt -1.020830 0.292394
vt -1.015540 0.279641
vt -1.015540 0.305146
vt -0.990040 0.254808
vt -1.002790 0.329979
vt -1.002790 0.254808
vt -1.015540 0.329979
vt -0.990040 0.329979
vt -1.015540 0.254808
vt -1.113700 0.292394
vt -1.111620 0.267104
vt -1.111620 0.317683
vt -0.899808 0.292394
vt -0.899808 0.265117
vt -0.899808 0.319670
vt -1.096640 0.274185
vt -1.127900 0.292394
vt -1.129570 0.274185
vt -1.096640 0.310602
vt -1.129570 0.310602
vt -1.096640 0.292394
vt -0.897133 0.292394
vt -0.869758 0.292394
vt -0.897133 0.311597
vt -0.869758 0.311597
vt -0.869758 0.273191
vt -0.897133 0.273191
vt -1.135690 0.292394
vt -1.142950 0.268459
vt -1.135690 0.265117
vt -1.142950 0.316328
vt -1.135690 0.319670
vt -0.878208 0.270523
vt -0.881858 0.292394
vt -0.886884 0.267608
vt -0.873774 0.292394
vt -0.876832 0.317179
vt -0.869339 0.314264
vt -0.994904 0.279925
vt -1.020410 0.279925
vt -1.007660 0.274642
vt -0.989622 0.292677
vt -1.025690 0.292677
vt -1.007660 0.310711
vt -0.994904 0.305429
vt -1.020410 0.305429
vt -0.903858 0.292394
vt -0.908884 0.267608
vt -0.898832 0.317179
vt -1.110640 0.292394
vt -1.110640 0.319670
vt -1.110640 0.265117
vt -0.872838 0.310400
vt -0.913806 0.313299
vt -0.876858 0.292555
vt -0.913806 0.295453
vt -0.880879 0.274709
vt -0.913806 0.277608
vt -1.007660 0.301424
vt -1.020410 0.326851
vt -1.020410 0.301424
vt -1.007660 0.326851
vt -0.994904 0.301424
vt -0.994904 0.326851
vt -1.113320 0.273191
vt -1.140690 0.292394
vt -1.140690 0.273191
vt -1.113320 0.292394
vt -1.140690 0.311597
vt -1.113320 0.311597
vt -0.986022 0.311597
vt -0.978068 0.292394
vt -0.971376 0.292394
vt -0.986022 0.273191
vt -0.981290 0.316328
vt -0.981290 0.268459
vt -1.005220 0.326242
vt -1.005220 0.265237
vt -1.005220 0.319551
vt -1.005220 0.258545
vt -1.024430 0.311597
vt -1.029160 0.268459
vt -1.029160 0.316328
vt -1.024430 0.273191
vt -1.032380 0.292394
vt -1.039070 0.292394
vt -0.888965 0.292394
vt -0.878208 0.314709
vt -0.886884 0.317683
vt -0.880045 0.292394
vt -0.878208 0.270078
vt -0.886884 0.267104
vt -1.007660 0.254808
vt -1.020410 0.329979
vt -1.020410 0.254808
vt -1.007660 0.329979
vt -0.994904 0.254808
vt -0.994904 0.329979
vt -0.908884 0.267104
vt -0.910965 0.292394
vt -0.908884 0.317683
vt -0.871172 0.292394
vt -0.913806 0.292394
vt -0.872838 0.274185
vt -0.872838 0.310602
vt -0.913806 0.274185
vt -0.913806 0.310602
vt -1.128590 0.292394
vt -1.132240 0.270523
vt -1.123570 0.267608
vt -1.136680 0.292394
vt -1.133620 0.317179
vt -1.141110 0.314264
vt -1.020830 0.292677
vt -0.984758 0.292677
vt -1.002790 0.310711
vt -0.990040 0.305429
vt -1.015540 0.305429
vt -0.990040 0.279925
vt -1.015540 0.279925
vt -1.002790 0.274642
vt -1.106590 0.292394
vt -1.111620 0.317179
vt -1.101570 0.267608
vt -1.133590 0.292555
vt -1.096640 0.313299
vt -1.137610 0.310400
vt -1.096640 0.295453
vt -1.129570 0.274709
vt -1.096640 0.277608
vt -0.990040 0.301424
vt -0.990040 0.326851
vt -1.002790 0.326851
vt -1.002790 0.301424
vt -1.015540 0.326851
vt -1.015540 0.301424
vt -1.322420 -1.117100
vt -1.342140 -1.160380
vt -1.322420 -1.160380
vt -1.342140 -1.117100
vt -1.361870 -1.117100
vt -1.361870 -1.160380
vt -1.311210 -1.111220
vt -1.341180 -1.111220
vt -1.314740 -1.119170
vt -1.341180 -1.119170
vt -1.367620 -1.119170
vt -1.371160 -1.111220
vt -1.330780 -1.105990
vt -1.314740 -1.103280
vt -1.330780 -1.103280
vt -1.341180 -1.110740
vt -1.351590 -1.103280
vt -1.367620 -1.103280
vt -1.351590 -1.105990
vt -1.341180 -1.103280
vt -1.319070 -1.136820
vt -1.363290 -1.129370
vt -1.363290 -1.136820
vt -1.319070 -1.129370
vt -1.361870 -1.138920
vt -1.322420 -1.138920
vt -1.322420 -1.127690
vt -1.361870 -1.127690
vt -1.320680 -1.075920
vt -1.363600 -1.123010
vt -1.320680 -1.123010
vt -1.363600 -1.075920
vt -1.358120 -1.166000
vt -1.314960 -1.283580
vt -1.326170 -1.166000
vt -1.369330 -1.283580
vt -1.363070 -1.046800
vt -1.316360 -1.055980
vt -1.319300 -1.046800
vt -1.366010 -1.055980
vt -1.363070 -1.065310
vt -1.319300 -1.065310
vt -1.349930 -1.021800
vt -1.327180 -1.039300
vt -1.332430 -1.021800
vt -1.355180 -1.039300
vt -1.320180 -1.049300
vt -1.362180 -1.049300
vt -1.320680 -1.113420
vt -1.363600 -1.170920
vt -1.320680 -1.170920
vt -1.363600 -1.113420
vt -1.363600 -1.093420
vt -1.320680 -1.093420
vt -1.341180 -1.063790
vt -1.367620 -1.063790
vt -1.367620 -1.078280
vt -1.314740 -1.063790
vt -1.341180 -1.078280
vt -1.314740 -1.078280
vt -1.326600 -1.017680
vt -1.355770 -1.017680
vt -1.341180 -1.023720
vt -1.341180 -0.982469
vt -1.361810 -1.003090
vt -1.355770 -0.988510
vt -1.320560 -1.003090
vt -1.326600 -0.988510
vt -1.341180 -1.082250
vt -1.367620 -1.082250
vt -1.367620 -1.114750
vt -1.341180 -1.114750
vt -1.314740 -1.082250
vt -1.314740 -1.114750
vt -1.373070 -1.003090
vt -1.363730 -0.980547
vt -1.341180 -0.971208
vt -1.318630 -0.980547
vt -1.309290 -1.003090
vt -1.318630 -1.025640
vt -1.341180 -1.034980
vt -1.363730 -1.025640
vt -1.367620 -1.083800
vt -1.341180 -1.136100
vt -1.341180 -1.083800
vt -1.367620 -1.136100
vt -1.314740 -1.136100
vt -1.314740 -1.083800
vt -1.314740 -1.077170
vt -1.314740 -1.148600
vt -1.341180 -1.148600
vt -1.367620 -1.148600
vt -1.341180 -1.077170
vt -1.367620 -1.077170
vt -1.319070 -1.109950
vt -1.363290 -1.109950
vt -1.319070 -1.122880
vt -1.363290 -1.122880
vt -1.361870 -1.125600
vt -1.322420 -1.125600
vt -1.322420 -1.107690
vt -1.361870 -1.107690
vt -1.320680 -1.190840
vt -1.363600 -1.215840
vt -1.320680 -1.215840
vt -1.363600 -1.190840
vt -1.341180 -1.270580
vt -1.372610 -1.306210
vt -1.341180 -1.324620
vt -1.372610 -1.281210
vt -1.309750 -1.281210
vt -1.309750 -1.306210
vt -1.314430 -1.091840
vt -1.367930 -1.091840
vt -1.367930 -1.120240
vt -1.314430 -1.120240
vt -1.367930 -1.184780
vt -1.314430 -1.208010
vt -1.314430 -1.184780
vt -1.367930 -1.208010
vt -1.341180 -1.199270
vt -1.341180 -1.240540
vt -1.309750 -1.230060
vt -1.309750 -1.207560
vt -1.372610 -1.230060
vt -1.372610 -1.207560
vt -1.341180 -1.040120
vt -1.372610 -1.075220
vt -1.341180 -1.090900
vt -1.372610 -1.053710
vt -1.309750 -1.075220
vt -1.309750 -1.053710
vt -1.314430 -1.171640
vt -1.367930 -1.106210
vt -1.367930 -1.171650
vt -1.314430 -1.106210
vt -1.367930 -1.118710
vt -1.314430 -1.118710
vt -1.314430 -1.160440
vt -1.367930 -1.160440
vt -1.309750 -1.168710
vt -1.309750 -1.088710
vt -1.341180 -1.157050
vt -1.372610 -1.088710
vt -1.372610 -1.168710
vt -0.914696 -1.144710
vt -1.025590 -1.176140
vt -0.921225 -1.176140
vt -1.025590 -1.113280
vt -0.921225 -1.113280
vt -1.033630 -1.144710
vt -1.718820 -1.166820
vt -1.699540 -1.122600
vt -1.718820 -1.122600
vt -1.699540 -1.166820
vt -1.691670 -1.144710
vt -1.674730 -1.118270
vt -1.690570 -1.115850
vt -1.674730 -1.144710
vt -1.674730 -1.171150
vt -1.690570 -1.173580
vt -0.955387 -1.171460
vt -0.976040 -1.117970
vt -0.976040 -1.171460
vt -0.955387 -1.117970
vt -1.065490 -1.171460
vt -1.126750 -1.117970
vt -1.126750 -1.171460
vt -1.304120 -1.144710
vt -1.217790 -1.144710
vt -1.304120 -1.128180
vt -1.217790 -1.128180
vt -1.370760 -1.119420
vt -1.339220 -1.144710
vt -1.339220 -1.119420
vt -1.372850 -1.144710
vt -1.370760 -1.170000
vt -1.339220 -1.170000
vt -1.064570 -1.117970
vt -1.395240 -1.166820
vt -1.366290 -1.122600
vt -1.395240 -1.122600
vt -1.366290 -1.166820
vt -1.292460 -1.122830
vt -1.224460 -1.166600
vt -1.224460 -1.122830
vt -1.292460 -1.166600
vt -1.195090 -1.122290
vt -1.167570 -1.165210
vt -1.167570 -1.122290
vt -1.195090 -1.165210
vt -1.129180 -1.165210
vt -0.952565 -1.165210
vt -1.129180 -1.122290
vt -0.952565 -1.122290
vt -1.106200 -1.160850
vt -1.021440 -1.126650
vt -1.106200 -1.126650
vt -1.021440 -1.160850
vt -1.181050 -1.171990
vt -1.158960 -1.171990
vt -1.181050 -1.144710
vt -1.158960 -1.144710
vt -1.237170 -1.122170
vt -1.286660 -1.122170
vt -1.286660 -1.144710
vt -1.237170 -1.144710
vt -1.237170 -1.167260
vt -1.286660 -1.167260
vt -1.143370 -1.165210
vt -1.063370 -1.165210
vt -1.143370 -1.122290
vt -1.063370 -1.122290
vt -1.169660 -1.171150
vt -1.142900 -1.144710
vt -1.169660 -1.144710
vt -1.142900 -1.171150
vt -1.196510 -1.171150
vt -0.926645 -1.171150
vt -1.169660 -1.118270
vt -1.142900 -1.118270
vt -1.196510 -1.118270
vt -0.926645 -1.144710
vt -0.926645 -1.118270
vt -1.196510 -1.144710
vt -1.304490 -1.118270
vt -1.212850 -1.144710
vt -1.212850 -1.118270
vt -1.304490 -1.144710
vt -1.212850 -1.171150
vt -1.304490 -1.171150
vt -1.371900 -1.118270
vt -1.318270 -1.144710
vt -1.318270 -1.118270
vt -1.371900 -1.144710
vt -1.318270 -1.171150
vt -1.371900 -1.171150
vt -1.404400 -1.118270
vt -1.404400 -1.144710
vt -1.404400 -1.171150
vt -1.418770 -1.134310
vt -1.767060 -1.118270
vt -1.779660 -1.134310
vt -1.418770 -1.144710
vt -1.418770 -1.155120
vt -1.767060 -1.171150
vt -1.779660 -1.155120
vt -1.265150 -1.118270
vt -1.401790 -1.144710
vt -1.265150 -1.144710
vt -1.401790 -1.118270
vt -1.401790 -1.171150
vt -1.265150 -1.171150
vt -1.540980 -1.171150
vt -1.540980 -1.144710
vt -1.540980 -1.118270
vt -1.552230 -1.144710
vt -1.552230 -1.171150
vt -1.552230 -1.118270
vt -1.129320 -1.120470
vt -1.161340 -1.167040
vt -1.129320 -1.167040
vt -1.161340 -1.120470
vt -1.186340 -1.120470
vt -1.186340 -1.167040
vt -1.248840 -1.120470
vt -1.248840 -1.167040
vt -1.380490 -1.120470
vt -1.380490 -1.167040
vt -1.793170 -1.144710
vt -1.781590 -1.155120
vt -1.781600 -1.134310
vt -1.767230 -1.163480
vt -1.767230 -1.124030
vt -1.784730 -1.143750
vt -1.694730 -1.163480
vt -1.694730 -1.124030
vt -1.417400 -1.163480
vt -1.417400 -1.124030
vt -1.377720 -1.122600
vt -1.279110 -1.166820
vt -1.279110 -1.122600
vt -1.377720 -1.166820
vt -1.153270 -1.113280
vt -1.175770 -1.113280
vt -1.139200 -1.144710
vt -1.365600 -1.163480
vt -1.385470 -1.124020
vt -1.385470 -1.163480
vt -1.324530 -1.163480
vt -1.276290 -1.124020
vt -1.276290 -1.163480
vt -1.254150 -1.122600
vt -1.254150 -1.166820
vt -1.705180 -1.166820
vt -1.559850 -1.122600
vt -1.705180 -1.122600
vt -1.559850 -1.166820
vt -1.298350 -1.163480
vt -1.220950 -1.124020
vt -1.298350 -1.124020
vt -1.220950 -1.163480
vt -1.316100 -1.163480
vt -1.209200 -1.124020
vt -1.316100 -1.124020
vt -1.209200 -1.163480
vt -1.385250 -1.163480
vt -1.385250 -1.124020
vt -1.304120 -1.161240
vt -1.121200 -1.121850
vt -1.121200 -1.165650
vt -1.217790 -1.161240
vt -1.181050 -1.117440
vt -1.158960 -1.117440
vt -1.251230 -1.113280
vt -1.259820 -1.144710
vt -1.217400 -1.144710
vt -1.213500 -1.113280
vt -1.251230 -1.176140
vt -1.213500 -1.176140
vt -1.174970 -1.144710
vt -1.175770 -1.176140
vt -1.123270 -1.117970
vt -1.123270 -1.171460
vt -1.546230 -1.122600
vt -1.546230 -1.166820
vt -0.984896 -1.117970
vt -1.054870 -1.171460
vt -0.984896 -1.171460
vt -1.054870 -1.117970
vt -1.109900 -1.176140
vt -1.081290 -1.144710
vt -1.117740 -1.144710
vt -1.109900 -1.113280
vt -1.078730 -1.176140
vt -1.078730 -1.113280
vt -0.971216 -1.144710
vt -0.961225 -1.176140
vt -0.961225 -1.113280
vt -1.715700 -1.163480
vt -1.558200 -1.163480
vt -1.715700 -1.124030
vt -1.558200 -1.124030
vt -1.263600 -1.105990
vt -0.902701 -1.103280
vt -1.263600 -1.103280
vt -0.900776 -1.105990
vt -1.316620 -1.003380
vt -1.343140 -0.978089
vt -1.343140 -1.003380
vt -1.311600 -0.978594
vt -1.321650 -1.028160
vt -1.343140 -1.028670
vt -1.395710 -1.003090
vt -1.445190 -0.980547
vt -1.445190 -1.003090
vt -1.395700 -0.980547
vt -1.395710 -1.025640
vt -1.445190 -1.025640
vt -1.405460 -1.021800
vt -1.442950 -1.039300
vt -1.398850 -1.039300
vt -1.436330 -1.021800
vt -1.449500 -1.049300
vt -1.392300 -1.049300
vt -1.660930 -1.067340
vt -1.576170 -1.055080
vt -1.660930 -1.055080
vt -1.561170 -1.067340
vt -1.485850 -1.080920
vt -1.512700 -1.080920
vt -1.492230 -1.088690
vt -1.518930 -1.088690
vt -1.485190 -1.088690
vt -1.539460 -1.064370
vt -1.476640 -1.082200
vt -1.544460 -1.073210
vt -1.469520 -1.063790
vt -1.740720 -1.073120
vt -1.465350 -1.070310
vt -1.755720 -1.064370
vt -1.765720 -1.074370
vt -1.767220 -1.089230
vt -1.384910 -1.070290
vt -1.377870 -1.063790
vt -1.364090 -1.078280
vt -1.368660 -1.086370
vt -1.310360 -1.086090
vt -1.310460 -1.078280
vt -1.277960 -1.103280
vt -1.278060 -1.111350
vt -0.915298 -1.103280
vt -0.912427 -1.111220
vt -1.488650 -1.104180
vt -1.493500 -1.100240
vt -1.479240 -1.094080
vt -1.498350 -1.096290
vt -1.425340 -1.147650
vt -1.433440 -1.158980
vt -1.525200 -1.096290
vt -1.329290 -1.158980
vt -1.304950 -1.147380
vt -1.549460 -1.082250
vt -1.315540 -1.172720
vt -1.725720 -1.082250
vt -1.291190 -1.162440
vt -1.755720 -1.114750
vt -1.301790 -1.186480
vt -1.277430 -1.186290
vt -1.258070 -1.162310
vt -1.138240 -1.186290
vt -1.118870 -1.162320
vt -1.015740 -1.186290
vt -0.991796 -1.162330
vt -1.756140 -1.088710
vt -1.761140 -1.053710
vt -1.778640 -1.076210
vt -1.737450 -1.193710
vt -1.741460 -1.075140
vt -1.656770 -1.053710
vt -1.646770 -1.075220
vt -1.721140 -1.168710
vt -1.708640 -1.186210
vt -1.732450 -1.198710
vt -1.603640 -1.206210
vt -1.618640 -1.213710
vt -1.608640 -1.228710
vt -1.572460 -1.207560
vt -1.559960 -1.230060
vt -1.506590 -1.240910
vt -1.529090 -1.263410
vt -1.512610 -1.282310
vt -1.468860 -1.259810
vt -1.426140 -1.306210
vt -1.431140 -1.281210
vt -1.613390 -1.184780
vt -1.605640 -1.215760
vt -1.600480 -1.208010
vt -1.627490 -1.186630
vt -1.555620 -1.121620
vt -1.617790 -1.171650
vt -1.535770 -1.120240
vt -1.559090 -1.091840
vt -1.566770 -1.106210
vt -1.706320 -1.091840
vt -1.649270 -1.106210
vt -1.675520 -1.106210
vt -1.701770 -1.106210
vt -1.726980 -1.109910
vt -1.714270 -1.118710
vt -1.711570 -1.164130
vt -1.697470 -1.160440
vt -1.719230 -1.171870
vt -1.553040 -1.079990
vt -1.516020 -1.124990
vt -1.521020 -1.094990
vt -1.496020 -1.094990
vt -1.491020 -1.124990
vt -1.433520 -1.157490
vt -1.448520 -1.167490
vt -1.306880 -1.167490
vt -1.301880 -1.157490
vt -1.487270 -1.123010
vt -1.521490 -1.142090
vt -1.469040 -1.142090
vt -1.514800 -1.123010
vt -1.538990 -1.120840
vt -1.581490 -1.190840
vt -1.553190 -1.075920
vt -1.618990 -1.183340
vt -1.603990 -1.208340
vt -1.571490 -1.215840
vt -1.560140 -1.094610
vt -1.704800 -1.093420
vt -1.729800 -1.075920
vt -1.724800 -1.113420
vt -1.752300 -1.103420
vt -1.722300 -1.170920
vt -1.714800 -1.170920
vt -1.709800 -1.170920
vt -1.457900 -1.046800
vt -1.383130 -1.055980
vt -1.389900 -1.046800
vt -1.464670 -1.055980
vt -1.466100 -1.065310
vt -1.381700 -1.065310
vt -0.982822 -1.125430
vt -1.136130 -1.126230
vt -1.128370 -1.129370
vt -0.986539 -1.129370
vt -1.124780 -1.141030
vt -1.122510 -1.136820
vt -0.977178 -1.136820
vt -0.963544 -1.140110
vt -1.406690 -1.128170
vt -1.287130 -1.128170
vt -1.304640 -1.122880
vt -1.316080 -1.104260
vt -1.403250 -1.122880
vt -1.318940 -1.109950
vt -1.413320 -1.109950
vt -1.428210 -1.104260
vt -1.297110 -1.092100
vt -1.366270 -1.092100
vt -1.316670 -1.107690
vt -1.419170 -1.107690
vt -1.296890 -1.125600
vt -1.384010 -1.074620
vt -1.461410 -1.074660
vt -1.473160 -1.083730
vt -1.422910 -1.138710
vt -1.406070 -1.125600
vt -1.364090 -1.138710
vt -1.339730 -1.151530
vt -1.297110 -1.151440
vt -1.264970 -1.117100
vt -1.264970 -1.160380
vt -1.134170 -1.127690
vt -0.987634 -1.117100
vt -0.984166 -1.127690
vt -1.124170 -1.138920
vt -0.987634 -1.160380
vt -0.966666 -1.138920
vt -0.915134 -1.117100
vt -0.915134 -1.160380
vt -1.434800 -1.283580
vt -1.445870 -1.166000
vt -1.482300 -1.271080
vt -1.509140 -1.252690
vt -1.385240 -1.166000
vt -1.467430 -1.083800
vt -1.461100 -1.077170
vt -1.417220 -1.136100
vt -1.280570 -1.136100
vt -1.269320 -1.148600
vt -1.141380 -1.136100
vt -1.130130 -1.148600
vt -1.007630 -1.148600
vt -0.889188 -1.110740
vt -1.391950 -1.077170
vt -1.373170 -1.094170
vt -1.310460 -1.094170
vt -0.915298 -1.119170
vt -1.277960 -1.119170
vt -1.464580 -1.003380
vt -1.501310 -1.003380
vt -1.464580 -1.019910
vt -1.464580 -0.986848
vt -1.501310 -0.976102
vt -1.523410 -1.003380
vt -1.523410 -0.976102
vt -1.378240 -1.003380
vt -1.378240 -1.019910
vt -1.378240 -0.986848
vt -1.501310 -1.030660
vt -1.523410 -1.030660
vt -1.314430 -1.164130
vt -1.367930 -1.109910
vt -1.367930 -1.164130
vt -1.314430 -1.109910
vt -1.341180 -1.226300
vt -1.372610 -1.228710
vt -1.341180 -1.242380
vt -1.309750 -1.228710
vt -1.372610 -1.213710
vt -1.309750 -1.213710
vt -1.341180 -1.214090
vt -1.372610 -1.193710
vt -1.372610 -1.198710
vt -1.309750 -1.198710
vt -1.309750 -1.193710
vt -1.341180 -1.073660
vt -1.341180 -1.202150
vt -1.372610 -1.076210
vt -1.309750 -1.076210
vt -1.314430 -1.186630
vt -1.367930 -1.186630
vt -1.309750 -1.263410
vt -1.341180 -1.264890
vt -1.309750 -1.282310
vt -1.341180 -1.292250
vt -1.372610 -1.282310
vt -1.372610 -1.263410
vt -1.367930 -1.121620
vt -1.314430 -1.121620
vt -1.314430 -1.171650
vt -1.367930 -1.171640
vt -1.318760 -1.075920
vt -1.361680 -1.075920
vt -1.361680 -1.103420
vt -1.318760 -1.103420
vt -1.318760 -1.170920
vt -1.361680 -1.170920
vt -1.318760 -1.094610
vt -1.361680 -1.094610
vt -1.361680 -1.120840
vt -1.318760 -1.120840
vt -1.341180 -1.064370
vt -1.314740 -1.074370
vt -1.314740 -1.064370
vt -1.341180 -1.074370
vt -1.367620 -1.064370
vt -1.367620 -1.074370
vt -1.341180 -1.080920
vt -1.314740 -1.080920
vt -1.367620 -1.080920
vt -1.341180 -1.172720
vt -1.314740 -1.158980
vt -1.341180 -1.158980
vt -1.367620 -1.158980
vt -1.367620 -1.172720
vt -1.367620 -1.186480
vt -1.314740 -1.172720
vt -1.341180 -1.186480
vt -1.314740 -1.186480
vt -1.316940 -1.124990
vt -1.363500 -1.079990
vt -1.363500 -1.124990
vt -1.316940 -1.079990
vt -1.324250 -1.166000
vt -1.367400 -1.252690
vt -1.313030 -1.252690
vt -1.356190 -1.166000
vt -1.372610 -1.240910
vt -1.341180 -1.226410
vt -1.309750 -1.240910
vt -1.319070 -1.104260
vt -1.363290 -1.104260
vt -1.363290 -1.128170
vt -1.319070 -1.128170
vt -1.359950 -1.083730
vt -1.320490 -1.138710
vt -1.320490 -1.083730
vt -1.359950 -1.138710
vt -1.363290 -1.141030
vt -1.319070 -1.126230
vt -1.363290 -1.126230
vt -1.319070 -1.141030
vt -1.015740 -1.118270
vt -0.990691 -1.144710
vt -0.991796 -1.115850
vt -1.015740 -1.144710
vt -1.015740 -1.171150
vt -0.991796 -1.173580
vt -1.542010 -1.144710
vt -1.615840 -1.144710
vt -1.559960 -1.176140
vt -1.559960 -1.113280
vt -1.608640 -1.176140
vt -1.608640 -1.113280
vt -1.627510 -1.144710
vt -1.708640 -1.176140
vt -1.618640 -1.176140
vt -1.618640 -1.113280
vt -1.708640 -1.113280
vt -1.707260 -1.144710
vt -1.732450 -1.176140
vt -1.732450 -1.113280
vt -1.734700 -1.144710
vt -1.737450 -1.176140
vt -1.750130 -1.144710
vt -1.737450 -1.113280
vt -1.426140 -1.176140
vt -1.519230 -1.144710
vt -1.512610 -1.176140
vt -1.405300 -1.144710
vt -1.426140 -1.113280
vt -1.512610 -1.113280
vt -1.321650 -1.170000
vt -1.323730 -1.144710
vt -1.343140 -1.170000
vt -1.343140 -1.144710
vt -1.343140 -1.119420
vt -1.321650 -1.119420
vt -1.277430 -1.144710
vt -1.301790 -1.118270
vt -1.301790 -1.144710
vt -1.277430 -1.118270
vt -1.277430 -1.171150
vt -1.301790 -1.171150
vt -1.138240 -1.144710
vt -1.138240 -1.171150
vt -1.138240 -1.118270
vt -0.915134 -1.124030
vt -0.915134 -1.163480
vt -0.897634 -1.143750
vt -0.987634 -1.163480
vt -0.987634 -1.124030
vt -1.264970 -1.163480
vt -1.264970 -1.124030
vt -1.395710 -1.167260
vt -1.445190 -1.144710
vt -1.445190 -1.167260
vt -1.395710 -1.144710
vt -1.395710 -1.122170
vt -1.445190 -1.122170
vt -1.724800 -1.165210
vt -1.704800 -1.122290
vt -1.724800 -1.122290
vt -1.704800 -1.165210
vt -1.560140 -1.122290
vt -1.560140 -1.165210
vt -1.498350 -1.171150
vt -1.498350 -1.144710
vt -1.525200 -1.171150
vt -1.493500 -1.144710
vt -1.493500 -1.171150
vt -1.488650 -1.144710
vt -1.488650 -1.171150
vt -1.488650 -1.118270
vt -1.493500 -1.118270
vt -1.433440 -1.118270
vt -1.498350 -1.118270
vt -1.525200 -1.118270
vt -1.433440 -1.144710
vt -1.433440 -1.171150
vt -1.329290 -1.144710
vt -1.329290 -1.118270
vt -1.329290 -1.171150
vt -1.525200 -1.144710
vt -1.549460 -1.118270
vt -1.549460 -1.144710
vt -1.725720 -1.118270
vt -1.549460 -1.171150
vt -1.725720 -1.144710
vt -1.725720 -1.171150
vt -0.986539 -1.122600
vt -1.128370 -1.122600
vt -0.986539 -1.166820
vt -1.128370 -1.166820
vt -1.461100 -1.171150
vt -1.391950 -1.144710
vt -1.461100 -1.144710
vt -1.391950 -1.171150
vt -1.461100 -1.118270
vt -1.516020 -1.167040
vt -1.491020 -1.120470
vt -1.516020 -1.120470
vt -1.491020 -1.167040
vt -1.448520 -1.167040
vt -1.448520 -1.120470
vt -1.306880 -1.167040
vt -1.306880 -1.120470
vt -1.318940 -1.122600
vt -1.413320 -1.122600
vt -1.318940 -1.166820
vt -1.413320 -1.166820
vt -1.419170 -1.163480
vt -1.316670 -1.163480
vt -1.316670 -1.124020
vt -1.419170 -1.124020
vt -1.566770 -1.171460
vt -1.649270 -1.117970
vt -1.649270 -1.171460
vt -1.566770 -1.117970
vt -1.675520 -1.117970
vt -1.701770 -1.171460
vt -1.675520 -1.171460
vt -1.701770 -1.117970
vt -1.391950 -1.118270
vt -1.373170 -1.118270
vt -1.373170 -1.144710
vt -1.373170 -1.171150
vt -1.310460 -1.171150
vt -1.310460 -1.144710
vt -1.310460 -1.118270
vt -1.277960 -1.171150
vt -1.277960 -1.144710
vt -0.915298 -1.171150
vt -0.894527 -1.144710
vt -0.915298 -1.118270
vt -1.277960 -1.118270
vt -1.581490 -1.165210
vt -1.521490 -1.122290
vt -1.581490 -1.122290
vt -1.521490 -1.165210
vt -1.469040 -1.122290
vt -1.469040 -1.165210
vt -1.287130 -1.166820
vt -1.406690 -1.122600
vt -1.406690 -1.166820
vt -1.287130 -1.122600
vt -1.464580 -1.128180
vt -1.501310 -1.144710
vt -1.464580 -1.144710
vt -1.523410 -1.117440
vt -1.523410 -1.144710
vt -1.501310 -1.117440
vt -1.364090 -1.124020
vt -1.422910 -1.124020
vt -1.422910 -1.163480
vt -1.364090 -1.163480
vt -1.339730 -1.124020
vt -1.339730 -1.163480
vt -1.319230 -1.163480
vt -1.297110 -1.124020
vt -1.297110 -1.163480
vt -1.378240 -1.128180
vt -1.378240 -1.144710
vt -1.378240 -1.161240
vt -1.464580 -1.161240
vt -1.304640 -1.166820
vt -1.304640 -1.122600
vt -1.296890 -1.124020
vt -1.296890 -1.163480
vt -1.501310 -1.171990
vt -1.523410 -1.171990
vt -1.613390 -1.117970
vt -1.535770 -1.171460
vt -1.535770 -1.117970
vt -1.613390 -1.171460
vt -0.963544 -1.166820
vt -1.124780 -1.122600
vt -1.124780 -1.166820
vt -0.963544 -1.122600
vt -1.741460 -1.176140
vt -1.738720 -1.144710
vt -1.756140 -1.176140
vt -1.741460 -1.113280
vt -1.756140 -1.113280
vt -1.646770 -1.176140
vt -1.646770 -1.113280
vt -1.624010 -1.144710
vt -0.977178 -1.166820
vt -0.977178 -1.122600
vt -0.984166 -1.124030
vt -1.134170 -1.163480
vt -0.984166 -1.163480
vt -1.134170 -1.124030
vt -0.966666 -1.124030
vt -0.966666 -1.163480
vt -1.781600 -1.105990
vt -1.418770 -1.105990
vt -1.779660 -1.103280
vt -1.418770 -1.103280
vt -1.370760 -0.978594
vt -1.365740 -1.003380
vt -1.339220 -0.978089
vt -1.339220 -1.003380
vt -1.360710 -1.028160
vt -1.339220 -1.028670
vt -1.304120 -0.986848
vt -1.217790 -1.003380
vt -1.217790 -0.986848
vt -1.217790 -1.019910
vt -1.181050 -1.003380
vt -1.181050 -0.976102
vt -1.181050 -1.030660
vt -1.158960 -1.003380
vt -1.158960 -0.976102
vt -1.237170 -0.980547
vt -1.286660 -0.980547
vt -1.286660 -1.003090
vt -1.237170 -1.003090
vt -1.286660 -1.025640
vt -1.237170 -1.025640
vt -1.283510 -1.039300
vt -1.239410 -1.039300
vt -1.276900 -1.021800
vt -1.246030 -1.021800
vt -1.232860 -1.049300
vt -1.290060 -1.049300
vt -1.169660 -1.080920
vt -1.190140 -1.088690
vt -1.163430 -1.088690
vt -1.196510 -1.080920
vt -1.142900 -1.064370
vt -1.197170 -1.088690
vt -1.137910 -1.073210
vt -1.205720 -1.082200
vt -0.941646 -1.073120
vt -1.212850 -1.063790
vt -0.926645 -1.064370
vt -0.916645 -1.074370
vt -0.915142 -1.089230
vt -1.217020 -1.070310
vt -1.297450 -1.070290
vt -1.304490 -1.063790
vt -1.318270 -1.078280
vt -1.313700 -1.086370
vt -1.372000 -1.086090
vt -1.371900 -1.078280
vt -1.404400 -1.103280
vt -1.404300 -1.111350
vt -1.767060 -1.103280
vt -1.769940 -1.111220
vt -1.121200 -1.067340
vt -1.021440 -1.067340
vt -1.106200 -1.055080
vt -1.021440 -1.055080
vt -1.157160 -1.096290
vt -1.132900 -1.082250
vt -1.184010 -1.096290
vt -0.956645 -1.082250
vt -0.926645 -1.114750
vt -1.188860 -1.100240
vt -1.193710 -1.104180
vt -1.203120 -1.094080
vt -1.257020 -1.147650
vt -1.248930 -1.158980
vt -1.353070 -1.158980
vt -1.377410 -1.147380
vt -1.366820 -1.172720
vt -1.391180 -1.162440
vt -1.380570 -1.186480
vt -1.404930 -1.186290
vt -1.424290 -1.162310
vt -1.544120 -1.186290
vt -1.563490 -1.162320
vt -1.666620 -1.186290
vt -1.690570 -1.162330
vt -1.073730 -1.228710
vt -1.109900 -1.207560
vt -1.122400 -1.230060
vt -1.078730 -1.206210
vt -1.063730 -1.213710
vt -0.973725 -1.186210
vt -0.961225 -1.168710
vt -0.944910 -1.193710
vt -0.949910 -1.198710
vt -0.926225 -1.088710
vt -0.903725 -1.076210
vt -0.921225 -1.053710
vt -0.940907 -1.075140
vt -1.025590 -1.053710
vt -1.035590 -1.075220
vt -1.214930 -1.083800
vt -1.265150 -1.136100
vt -1.221270 -1.077170
vt -1.290410 -1.077170
vt -1.401790 -1.136100
vt -1.309190 -1.094170
vt -1.371900 -1.094170
vt -1.404400 -1.119170
vt -1.767060 -1.119170
vt -1.413040 -1.148600
vt -1.540980 -1.136100
vt -1.552230 -1.148600
vt -1.674730 -1.148600
vt -1.175770 -1.240910
vt -1.169750 -1.282310
vt -1.153270 -1.263410
vt -1.213500 -1.259810
vt -1.256230 -1.306210
vt -1.251230 -1.281210
vt -1.068980 -1.184780
vt -1.076720 -1.215760
vt -1.054870 -1.186630
vt -1.081880 -1.208010
vt -0.963132 -1.171870
vt -1.065490 -1.171640
vt -0.984896 -1.160440
vt -1.126750 -1.121620
vt -0.970795 -1.164130
vt -1.146590 -1.120240
vt -0.968089 -1.118710
vt -1.123270 -1.091840
vt -0.955387 -1.109910
vt -1.115590 -1.106210
vt -0.980589 -1.106210
vt -0.976040 -1.091840
vt -1.006840 -1.106210
vt -1.033090 -1.106210
vt -1.375490 -1.167490
vt -1.248840 -1.157490
vt -1.380490 -1.157490
vt -1.233840 -1.167490
vt -1.191340 -1.124990
vt -1.186340 -1.094990
vt -1.166340 -1.124990
vt -1.161340 -1.094990
vt -1.129320 -1.079990
vt -1.299230 -1.055980
vt -1.224460 -1.046800
vt -1.292460 -1.046800
vt -1.217690 -1.055980
vt -1.216260 -1.065310
vt -1.300660 -1.065310
vt -1.718820 -1.140110
vt -1.557580 -1.141030
vt -1.705180 -1.136820
vt -1.559850 -1.136820
vt -1.553990 -1.129370
vt -1.546230 -1.126230
vt -1.699540 -1.125430
vt -1.695820 -1.129370
vt -1.366290 -1.104260
vt -1.377720 -1.122880
vt -1.363430 -1.109950
vt -1.269040 -1.109950
vt -1.395240 -1.128170
vt -1.254150 -1.104260
vt -1.275670 -1.128170
vt -1.279110 -1.122880
vt -0.930065 -1.103420
vt -0.957565 -1.113420
vt -0.960065 -1.170920
vt -0.967565 -1.170920
vt -0.972565 -1.170920
vt -0.952565 -1.075920
vt -0.977565 -1.093420
vt -1.129180 -1.075920
vt -1.122230 -1.094610
vt -1.143370 -1.120840
vt -1.167570 -1.123010
vt -1.160870 -1.142090
vt -1.195090 -1.123010
vt -1.213320 -1.142090
vt -1.100870 -1.190840
vt -1.063370 -1.183340
vt -1.078370 -1.208340
vt -1.110870 -1.215840
vt -1.298350 -1.074620
vt -1.263200 -1.107690
vt -1.220950 -1.074660
vt -1.209200 -1.083730
vt -1.316100 -1.092100
vt -1.259450 -1.138710
vt -1.365700 -1.107690
vt -1.385250 -1.092100
vt -1.385470 -1.125600
vt -1.276290 -1.125600
vt -1.318270 -1.138710
vt -1.324530 -1.125600
vt -1.342630 -1.151530
vt -1.365600 -1.125600
vt -1.363130 -1.151440
vt -1.385250 -1.151440
vt -1.417400 -1.117100
vt -1.417400 -1.160380
vt -1.548200 -1.127690
vt -1.694730 -1.117100
vt -1.698200 -1.127690
vt -1.558200 -1.138920
vt -1.694730 -1.160380
vt -1.715700 -1.138920
vt -1.767230 -1.160380
vt -1.767230 -1.117100
vt -1.247570 -1.283580
vt -1.236490 -1.166000
vt -1.297130 -1.166000
vt -1.200070 -1.271080
vt -1.173220 -1.252690
vt -1.304120 -1.019910
vt -1.304120 -1.003380
vt -1.158960 -1.030660
vt 0.065638 0.830566
vt 0.065638 0.824616
vt 0.069382 0.825928
vt 0.069382 0.830566
vt 0.069382 0.835204
vt 0.061310 0.830566
vt 0.061310 0.823881
vt 0.065638 0.836516
vt 0.061310 0.837252
vt 0.056272 0.830566
vt 0.056272 0.837569
vt 0.056272 0.823563
vt 0.068777 0.827755
vt 0.062827 0.832083
vt 0.062827 0.827755
vt 0.069513 0.832083
vt 0.062827 0.837121
vt 0.069830 0.837121
vt 0.067465 0.824012
vt 0.062827 0.824012
vt 0.056877 0.827755
vt 0.056142 0.832083
vt 0.058189 0.824012
vt 0.055824 0.837121
vt 0.060016 0.836516
vt 0.060016 0.830566
vt 0.064344 0.830566
vt 0.064344 0.837252
vt 0.056272 0.835204
vt 0.060016 0.824616
vt 0.064344 0.823881
vt 0.056272 0.825928
vt 0.069382 0.823563
vt 0.069382 0.837569
vt 0.056268 0.830566
vt 0.062827 0.837125
vt 0.058189 0.835204
vt 0.062827 0.824007
vt 0.058189 0.825928
vt 0.069386 0.830566
vt 0.067465 0.835204
vt 0.067465 0.825928
vt 0.054258 1.012550
vt 0.058401 1.011560
vt 0.054189 1.013290
vt 0.057884 1.011050
vt 0.054340 1.011830
vt 0.060113 1.007430
vt 0.057385 1.010550
vt 0.059382 1.007430
vt 0.058676 1.007430
vt 0.057385 1.004320
vt 0.057884 1.003820
vt 0.054340 1.003030
vt 0.054258 1.002320
vt 0.058401 1.003300
vt 0.054189 1.001580
vt 0.058022 1.006320
vt 0.057293 1.010560
vt 0.057293 1.006110
vt 0.058030 1.010540
vt 0.056564 1.006320
vt 0.056557 1.010540
vt 0.056583 1.010390
vt 0.056590 1.007340
vt 0.057293 1.007540
vt 0.057293 1.010350
vt 0.058004 1.010390
vt 0.057997 1.007340
vt 0.057997 1.007430
vt 0.057997 1.010550
vt 0.057293 1.007430
vt 0.056590 1.007430
vt 0.056590 1.010550
vt 0.057293 1.004520
vt 0.057997 1.004320
vt 0.056590 1.004320
vt 0.056185 1.011560
vt 0.060328 1.012550
vt 0.060397 1.013290
vt 0.056702 1.011050
vt 0.060247 1.011830
vt 0.054474 1.007430
vt 0.057201 1.010550
vt 0.056185 1.003300
vt 0.060397 1.001580
vt 0.060328 1.002320
vt 0.056702 1.003820
vt 0.060247 1.003030
vt 0.055205 1.007430
vt 0.055911 1.007430
vt 0.057201 1.004320
vt 0.058022 1.011560
vt 0.057293 1.011780
vt 0.056564 1.011560
vt 0.058022 1.007430
vt 0.056564 1.007430
vt 0.056564 1.003300
vt 0.057293 1.003080
vt 0.058022 1.003300
s 1
usemtl Meshpart1Mtl
f 1/1/1 2/2/2 4/3/3
f 2/2/2 3/4/4 4/3/3
f 5/5/5 1/1/1 4/3/3
f 6/6/6 5/5/5 4/3/3
f 7/7/7 6/6/6 4/3/3
f 8/8/8 7/7/7 4/3/3
f 9/9/9 8/8/8 4/3/3
f 3/4/4 9/9/9 4/3/3
f 10/10/10 11/11/11 12/12/12
f 11/11/11 10/10/10 13/13/13
f 10/10/10 14/14/14 13/13/13
f 14/14/14 10/10/10 15/15/15
f 16/16/1 17/17/16 18/18/17
f 18/18/17 17/17/16 19/19/18
f 17/17/16 16/16/1 20/20/19
f 20/20/19 21/21/20 17/17/16
f 21/21/20 20/20/19 22/22/21
f 21/21/20 23/23/22 17/17/16
f 17/17/16 23/23/22 19/19/18
f 23/23/22 21/21/20 24/24/23
f 27/17/24 26/23/25 25/19/11
f 28/18/26 27/17/24 25/19/11
f 29/16/27 27/17/24 28/18/26
f 27/17/24 29/16/27 30/20/28
f 34/25/29 32/12/30 33/26/31
f 38/27/32 37/15/33 34/25/29
f 31/11/18 39/10/34 36/13/9
f 39/10/34 35/14/35 36/13/9
f 35/14/35 39/10/34 37/15/33
f 37/15/33 39/10/34 34/25/29
f 39/10/34 31/11/18 32/12/30
f 32/12/30 34/25/29 39/10/34
f 40/1/36 41/28/13 44/29/37
f 42/5/26 40/1/36 44/29/37
f 41/28/13 43/4/38 44/29/37
f 45/6/39 42/5/26 44/29/37
f 43/4/38 46/9/40 44/29/37
f 47/30/41 45/6/39 44/29/37
f 48/8/42 47/30/41 44/29/37
f 46/9/40 48/8/42 44/29/37
f 51/17/43 50/23/44 49/19/27
f 52/18/41 51/17/43 49/19/27
f 53/16/42 51/17/43 52/18/41
f 51/17/43 53/16/42 54/20/45
f 56/27/46 55/15/47 58/25/48
f 57/14/6 60/10/49 55/15/47
f 60/10/49 57/14/6 59/13/50
f 55/15/47 60/10/49 58/25/48
f 61/11/35 60/10/49 59/13/50
f 62/12/51 58/25/48 60/10/49
f 60/10/49 61/11/35 62/12/51
f 58/25/48 62/12/51 63/26/52
f 66/10/53 64/11/38 65/12/54
f 64/11/38 66/10/53 67/13/40
f 67/13/40 66/10/53 68/14/42
f 66/10/53 69/15/55 68/14/42
f 72/24/56 71/23/57 73/21/58
f 71/23/57 74/17/59 73/21/58
f 70/19/1 74/17/59 71/23/57
f 74/17/59 70/19/1 75/18/5
f 76/20/60 73/21/58 74/17/59
f 73/21/58 76/20/60 77/22/61
f 78/16/6 74/17/59 75/18/5
f 74/17/59 78/16/6 76/20/60
usemtl Meshpart2Mtl
f 79/31/62 80/32/63 81/33/64
f 80/32/63 79/31/62 82/34/65
f 83/35/66 79/31/62 81/33/64
f 84/36/67 80/32/63 82/34/65
f 83/35/66 81/33/64 85/37/66
f 82/34/65 86/38/68 84/36/67
f 87/39/69 83/35/66 85/37/66
f 88/40/70 84/36/67 86/38/68
f 83/35/66 87/39/69 89/41/71
f 84/36/67 88/40/70 90/42/72
f 91/43/73 89/41/71 87/39/69
f 88/40/70 92/44/74 90/42/72
f 89/41/71 91/43/73 93/45/75
f 92/44/74 93/45/75 91/43/73
f 88/40/70 94/46/76 92/44/74
f 93/45/75 92/44/74 94/46/76
f 97/47/3 96/48/77 95/49/77
f 96/48/77 97/47/3 98/50/3
f 99/51/78 98/50/3 97/47/3
f 98/50/3 99/51/78 100/52/78
f 102/53/79 101/54/79 103/55/3
f 102/53/79 103/55/3 104/56/3
f 104/56/3 103/55/3 105/57/80
f 104/56/3 105/57/80 106/58/80
f 107/59/81 111/60/82 109/61/81
f 111/60/82 108/62/83 110/63/84
f 111/60/82 107/59/81 112/64/85
f 108/62/83 111/60/82 112/64/85
f 115/65/86 113/66/87 114/67/88
f 114/67/88 116/68/86 115/65/86
f 117/69/89 115/65/86 116/68/86
f 115/65/86 117/69/89 118/70/90
f 119/71/91 120/72/91 121/73/91
f 119/71/91 121/73/91 122/74/91
f 120/72/91 119/71/91 123/75/91
f 124/76/91 120/72/91 123/75/91
f 120/72/91 124/76/91 125/77/92
f 124/76/91 123/75/91 126/78/91
f 127/79/93 128/80/91 129/81/91
f 130/82/77 129/81/91 128/80/91
f 128/80/91 127/79/93 131/83/93
f 129/81/91 130/82/77 132/84/77
f 135/85/91 134/70/94 133/86/95
f 134/70/94 135/85/91 136/65/91
f 136/65/91 135/85/91 137/66/96
f 135/85/91 138/87/97 137/66/96
f 139/61/98 140/88/91 141/89/98
f 140/88/91 139/61/98 142/60/91
f 142/60/91 143/90/99 140/88/91
f 143/90/99 142/60/91 144/63/99
f 147/91/100 149/92/101 145/93/102
f 149/92/101 148/94/103 146/95/104
f 149/92/101 147/91/100 150/96/101
f 148/94/103 149/92/101 150/96/101
f 151/97/91 152/98/105 153/99/98
f 152/98/105 154/100/98 153/99/98
f 155/101/99 152/98/105 151/97/91
f 156/102/99 155/101/99 151/97/91
f 159/103/106 157/104/107 158/105/107
f 157/104/107 159/103/106 160/68/106
f 161/106/108 160/68/106 159/103/106
f 159/103/106 162/107/108 161/106/108
f 163/108/109 164/109/110 165/110/111
f 164/109/110 163/108/109 166/111/112
f 166/111/112 167/112/113 164/109/110
f 167/112/113 166/111/112 168/113/114
f 169/114/115 170/115/115 171/116/115
f 172/117/115 170/115/115 169/114/115
f 170/115/115 172/117/115 173/118/115
f 173/118/115 172/117/115 174/119/115
f 174/119/115 172/117/115 175/120/115
f 173/118/115 174/119/115 176/121/115
f 179/110/116 181/122/117 177/123/118
f 180/124/97 182/109/119 178/112/96
f 181/122/117 179/110/116 182/109/119
f 182/109/119 180/124/97 181/122/117
f 185/125/115 183/126/99 184/107/99
f 186/103/115 185/125/115 184/107/99
f 187/127/120 185/125/115 186/103/115
f 188/105/120 187/127/120 186/103/115
f 189/128/121 190/129/122 191/130/123
f 192/131/124 191/130/123 190/129/122
f 193/132/102 191/130/123 192/131/124
f 194/133/125 193/132/102 192/131/124
f 197/134/126 196/135/127 195/136/127
f 196/135/127 197/134/126 198/137/128
f 200/138/80 198/137/128 197/134/126
f 198/137/128 200/138/80 199/139/80
f 202/140/99 203/141/115 201/142/99
f 203/141/115 202/140/99 204/143/115
f 204/143/115 205/144/120 203/141/115
f 205/144/120 204/143/115 206/145/120
f 207/146/129 208/147/130 209/148/131
f 210/149/132 209/148/131 208/147/130
f 209/148/131 211/150/129 207/146/129
f 209/148/131 210/149/132 212/151/132
f 213/152/133 207/146/129 211/150/129
f 214/153/134 212/151/132 210/149/132
f 207/146/129 213/152/133 215/154/133
f 212/151/132 214/153/134 216/155/134
f 213/152/133 217/156/135 215/154/133
f 218/157/136 216/155/134 214/153/134
f 213/152/133 219/158/135 217/156/135
f 218/157/136 214/153/134 220/159/136
f 221/160/137 217/156/135 219/158/135
f 221/160/137 218/157/136 220/159/136
f 219/158/135 222/161/137 221/160/137
f 218/157/136 221/160/137 222/161/137
f 225/47/37 224/48/93 223/49/93
f 224/48/93 225/47/37 226/50/37
f 227/51/138 226/50/37 225/47/37
f 226/50/37 227/51/138 228/52/138
f 230/57/139 229/58/139 231/56/37
f 230/57/139 231/56/37 232/55/140
f 232/55/140 231/56/37 233/53/127
f 232/55/140 233/53/127 234/54/127
f 235/104/141 236/103/142 237/68/143
f 238/106/144 237/68/143 236/103/142
f 236/103/142 235/104/141 239/105/141
f 236/103/142 240/107/145 238/106/144
f 243/162/146 241/163/147 242/164/148
f 241/163/147 243/162/146 244/165/146
f 243/162/146 245/166/149 244/165/146
f 245/166/149 243/162/146 246/167/150
f 251/168/151 249/169/138 247/170/138
f 252/171/151 250/172/78 248/173/152
f 249/169/138 251/168/151 252/171/151
f 250/172/78 252/171/151 251/168/151
f 255/162/151 254/174/153 253/167/154
f 254/174/153 255/162/151 256/175/151
f 255/162/151 257/176/118 256/175/151
f 257/176/118 255/162/151 258/164/155
f 259/105/156 260/127/156 261/103/157
f 260/127/156 263/125/151 261/103/157
f 263/125/151 262/126/120 264/107/120
f 261/103/157 263/125/151 264/107/120
f 265/177/158 266/178/158 267/179/159
f 268/180/160 266/178/158 265/177/158
f 269/181/161 267/179/159 266/178/158
f 266/178/158 268/180/160 270/182/162
f 272/144/156 274/143/151 271/145/156
f 274/143/151 272/144/156 276/141/151
f 275/140/120 276/141/151 273/142/120
f 276/141/151 275/140/120 274/143/151
f 279/60/163 278/61/164 277/59/165
f 277/59/165 280/64/166 279/60/163
f 281/62/81 279/60/163 280/64/166
f 279/60/163 281/62/81 282/63/167
f 285/183/168 283/184/169 284/185/170
f 283/184/169 285/183/168 286/186/171
f 288/187/90 286/186/171 285/183/168
f 286/186/171 288/187/90 287/188/172
f 289/189/173 290/190/173 291/191/173
f 291/191/173 290/190/173 292/192/173
f 289/189/173 291/191/173 293/193/174
f 289/189/173 294/194/173 290/190/173
f 294/194/173 289/189/173 295/195/173
f 294/194/173 295/195/173 296/196/173
f 297/185/175 298/197/176 299/183/177
f 300/198/178 299/183/177 298/197/176
f 298/197/176 297/185/175 301/199/153
f 299/183/177 300/198/178 302/187/94
f 303/63/98 304/90/98 305/60/173
f 304/90/98 306/88/173 305/60/173
f 305/60/173 306/88/173 307/61/156
f 306/88/173 308/89/156 307/61/156
f 311/200/179 310/201/180 309/202/160
f 310/201/180 311/200/179 312/203/181
f 313/204/182 312/203/181 311/200/179
f 312/203/181 313/204/182 314/205/103
f 315/206/139 316/207/139 317/208/183
f 317/208/183 318/209/174 315/206/139
f 318/209/174 317/208/183 319/210/79
f 319/210/79 320/211/79 318/209/174
f 322/101/98 323/97/173 321/102/98
f 323/97/173 322/101/98 324/98/173
f 324/98/173 325/99/156 323/97/173
f 325/99/156 324/98/173 326/100/156
f 1735/1300/783 1733/1301/784 1734/1302/785
f 1733/1301/784 1735/1300/783 1736/1303/786
f 1737/1304/787 1736/1303/786 1735/1300/783
f 1738/1305/788 1733/1301/784 1736/1303/786
f 1736/1303/786 1737/1304/787 1739/1306/789
f 1740/1307/790 1736/1303/786 1739/1306/789
f 1738/1305/788 1736/1303/786 1740/1307/790
f 1740/1307/790 1739/1306/789 1741/1308/791
f 1742/1309/792 1740/1307/790 1741/1308/791
f 1743/1310/793 1738/1305/788 1740/1307/790
f 1740/1307/790 1742/1309/792 1743/1310/793
f 1744/1311/794 1743/1310/793 1742/1309/792
f 1743/1310/793 1744/1311/794 1745/1312/795
f 1738/1305/788 1743/1310/793 1746/1313/796
f 1745/1312/795 1746/1313/796 1743/1310/793
f 1746/1313/796 1745/1312/795 1747/1314/797
f 1748/1315/798 1749/1316/799 1750/1317/98
f 1749/1316/799 1748/1315/798 1751/1318/800
f 1749/1316/799 1752/1319/784 1750/1317/98
f 1752/1319/784 1749/1316/799 1753/1320/801
f 1756/1321/794 1755/1322/792 1754/1323/99
f 1754/1323/99 1757/1324/802 1756/1321/794
f 1754/1323/99 1758/1325/803 1757/1324/802
f 1758/1325/803 1754/1323/99 1759/1326/804
f 1762/1324/805 1763/1327/806 1761/1328/789
f 1763/1327/806 1762/1324/805 1764/1329/422
f 1765/1330/807 1762/1324/805 1760/1331/808
f 1762/1324/805 1765/1330/807 1764/1329/422
f 1766/1332/99 1763/1327/806 1764/1329/422
f 1765/1330/807 1766/1332/99 1764/1329/422
f 1763/1327/806 1766/1332/99 1767/1333/792
f 1766/1332/99 1765/1330/807 1768/1334/804
f 1769/1335/798 1771/1336/809 1770/1337/810
f 1771/1336/809 1769/1335/798 1772/1338/811
f 1772/1338/811 1773/1339/812 1771/1336/809
f 1774/1340/813 1772/1338/811 1769/1335/798
f 1773/1339/812 1772/1338/811 1775/1341/808
f 1778/1342/814 1779/1343/815 1780/1344/816
f 1778/1342/814 1780/1344/816 1781/1345/817
f 1781/1345/817 1774/1340/813 1778/1342/814
f 1781/1345/817 1780/1344/816 1777/1346/803
f 1774/1340/813 1781/1345/817 1782/1347/818
f 1772/1338/811 1774/1340/813 1782/1347/818
f 1782/1347/818 1775/1341/808 1772/1338/811
f 1775/1341/808 1782/1347/818 1776/1348/819
f 1783/1349/804 1782/1347/818 1781/1345/817
f 1781/1345/817 1777/1346/803 1783/1349/804
f 1782/1347/818 1783/1349/804 1776/1348/819
f 1788/1323/820 1784/1321/821 1785/1322/808
f 1786/1325/822 1788/1323/820 1787/1326/823
f 1784/1321/821 1788/1323/820 1789/1324/824
f 1788/1323/820 1786/1325/822 1789/1324/824
f 1790/1315/796 1791/1318/797 1792/1316/825
f 1792/1316/825 1793/1317/156 1790/1315/796
f 1792/1316/825 1794/1319/814 1793/1317/156
f 1794/1319/814 1792/1316/825 1795/1320/826
f 1799/1329/173 1796/1350/827 1797/1351/98
f 1799/1329/173 1797/1351/98 1798/1352/828
f 1796/1350/827 1799/1329/173 1800/1353/829
f 1798/1352/828 1801/1354/830 1799/1329/173
f 1802/1355/831 1799/1329/173 1801/1354/830
f 1799/1329/173 1802/1355/831 1803/1356/156
f 1799/1329/173 1803/1356/156 1804/1357/814
f 1804/1357/814 1800/1353/829 1799/1329/173
usemtl Meshpart3Mtl
f 327/212/184 328/213/3 329/214/184
f 328/213/3 327/212/184 330/215/3
f 331/216/185 328/213/3 330/215/3
f 328/213/3 331/216/185 332/217/185
f 333/218/186 334/219/187 335/220/186
f 335/220/186 334/219/187 336/221/187
f 334/219/187 337/222/188 336/221/187
f 337/222/188 334/219/187 338/223/188
f 339/224/189 340/225/189 341/226/189
f 339/224/190 342/227/190 343/219/190
f 344/228/191 345/229/191 346/230/191
f 347/223/191 346/230/191 345/229/191
f 347/223/191 348/219/191 346/230/191
f 346/230/191 348/219/191 349/227/191
s 0
f 348/219/192 350/227/91 349/227/191
s 1
f 351/225/189 352/224/189 353/218/189
f 354/219/189 353/218/189 352/224/189
f 355/230/193 357/231/3 356/228/194
f 357/231/3 355/230/193 358/227/3
f 359/224/195 360/231/3 358/227/3
f 360/231/3 359/224/195 361/226/196
f 362/232/197 363/233/197 364/234/198
f 363/233/197 362/232/197 365/235/198
f 366/236/199 367/237/199 368/238/200
f 368/238/200 369/239/201 366/236/199
s 0
f 370/227/202 371/231/202 372/231/202
s 1
f 375/240/203 374/241/203 373/242/203
f 374/241/203 375/240/203 376/243/203
f 377/244/204 378/245/204 379/246/204
f 378/245/204 377/244/204 380/247/204
f 381/248/205 382/249/206 383/250/207
f 384/251/206 382/249/206 381/248/205
f 385/252/208 382/249/206 384/251/206
f 382/249/206 385/252/208 386/253/208
f 387/254/209 388/255/210 389/256/209
f 388/255/210 387/254/209 390/257/211
f 390/257/211 391/258/210 388/255/210
f 392/259/210 391/258/210 390/257/211
f 393/260/212 394/261/213 395/262/214
f 394/261/213 393/260/212 396/263/212
f 397/264/215 393/260/212 398/265/215
f 400/266/216 399/267/216 402/268/216
f 401/269/216 400/266/216 403/270/216
f 402/268/216 403/270/216 400/266/216
f 403/270/216 404/271/216 401/269/216
f 405/272/3 406/273/3 407/274/3
f 405/272/3 408/275/3 406/273/3
f 406/273/3 408/275/3 409/276/3
f 409/276/3 408/275/3 410/277/3
f 411/278/3 408/275/3 405/272/3
f 408/275/3 411/278/3 412/279/3
f 414/280/217 413/281/217 415/282/218
f 417/283/218 414/280/217 415/282/218
f 416/284/217 414/280/217 417/283/218
f 418/285/219 416/284/217 417/283/218
f 419/276/220 420/277/221 421/286/222
f 420/277/221 422/287/221 421/286/222
f 420/277/221 423/288/223 422/287/221
f 423/288/223 420/277/221 424/275/223
f 425/279/224 423/288/223 424/275/223
f 426/289/224 423/288/223 425/279/224
f 425/279/224 427/290/225 426/289/224
f 427/290/225 425/279/224 428/278/225
f 429/272/226 427/290/225 428/278/225
f 430/291/226 427/290/225 429/272/226
f 431/274/227 430/291/226 429/272/226
f 431/274/227 432/292/227 430/291/226
f 431/274/227 433/293/228 432/292/227
f 433/293/228 431/274/227 434/273/228
f 434/273/228 435/286/229 433/293/228
f 435/286/229 434/273/228 436/276/220
f 437/294/230 438/295/216 439/296/3
f 438/295/216 437/294/230 440/297/216
f 441/298/216 439/296/3 438/295/216
f 439/296/3 441/298/216 443/299/3
f 444/300/231 439/296/3 443/299/3
f 445/295/199 447/301/199 442/298/199
f 446/297/199 448/302/199 445/295/199
f 447/301/199 445/295/199 448/302/199
f 448/302/199 446/297/199 449/303/199
f 439/296/3 444/300/231 450/304/231
f 450/304/231 437/294/230 439/296/3
f 437/294/230 450/304/231 451/305/232
f 452/306/233 453/307/197 454/308/197
f 454/308/197 453/307/197 455/309/197
f 456/310/234 457/311/235 458/312/234
f 458/312/234 459/313/234 456/310/234
f 460/314/236 461/315/237 462/316/238
f 461/315/237 460/314/236 463/317/236
f 464/318/239 465/319/239 466/320/240
f 465/319/239 464/318/239 467/321/241
f 468/322/242 469/318/243 470/323/244
f 470/323/244 469/318/243 471/320/244
f 473/324/245 472/325/245 474/326/246
f 474/326/246 475/327/246 473/324/245
f 476/328/247 478/329/248 477/330/247
f 478/329/248 476/328/247 479/331/249
f 480/332/250 481/333/250 482/334/251
f 480/332/250 482/334/251 483/335/251
f 480/332/250 484/336/252 481/333/250
f 484/336/252 480/332/250 485/337/252
f 486/338/253 487/339/254 488/340/255
f 487/339/254 486/338/253 489/341/254
f 490/342/256 486/338/253 488/340/255
f 491/343/257 486/338/253 490/342/256
f 492/344/258 493/345/259 494/346/258
f 493/345/259 492/344/258 495/347/260
f 496/347/261 497/345/261 498/348/262
f 496/347/261 498/348/262 499/349/262
f 499/349/262 498/348/262 500/350/263
f 500/350/263 498/348/262 501/351/263
f 503/352/264 505/353/265 502/354/266
f 502/354/266 506/355/267 504/356/268
f 507/340/269 502/354/266 505/353/265
f 506/355/267 502/354/266 507/340/269
f 510/357/270 511/358/271 508/359/272
f 512/360/273 510/357/270 509/361/274
f 511/358/271 510/357/270 513/362/91
f 513/362/91 510/357/270 512/360/273
f 514/363/275 515/364/276 516/365/275
f 515/364/276 514/363/275 517/366/276
f 518/367/277 519/368/278 520/369/278
f 519/368/278 518/367/277 521/370/277
f 518/367/277 522/371/279 521/370/277
f 518/367/277 523/372/279 522/371/279
f 524/373/280 525/374/281 526/375/282
f 525/374/281 524/373/280 527/376/283
f 528/377/284 529/378/285 530/379/285
f 531/380/91 532/381/91 533/382/99
f 533/382/99 532/381/91 534/383/99
f 536/384/286 537/385/287 535/386/288
f 537/385/287 536/384/286 538/387/289
f 538/387/289 539/388/290 537/385/287
f 539/388/290 540/389/291 537/385/287
f 541/378/285 542/377/284 543/390/284
f 544/391/292 545/392/293 546/393/292
f 545/392/293 544/391/292 547/394/293
f 548/395/91 549/396/91 550/397/91
f 549/396/91 548/395/91 551/398/91
f 552/399/91 553/400/294 554/401/294
f 553/400/294 552/399/91 555/402/91
f 556/403/294 558/404/295 557/405/294
f 557/405/294 558/404/295 559/406/295
f 560/407/296 561/408/91 562/409/296
f 561/408/91 560/407/296 563/410/91
f 564/411/297 565/412/98 566/413/298
f 566/413/298 565/412/98 567/414/91
f 568/415/99 569/416/99 570/417/91
f 570/417/91 571/418/91 568/415/99
f 570/417/91 572/419/98 571/418/91
f 572/419/98 570/417/91 573/420/98
f 574/421/299 576/422/300 575/423/299
f 575/423/299 576/422/300 577/424/301
f 578/425/302 579/426/302 580/427/303
f 579/426/302 578/425/302 581/428/303
f 580/427/303 582/429/304 578/425/302
f 581/428/303 583/430/305 579/426/302
f 580/427/303 579/426/302 584/431/303
f 584/431/303 579/426/302 585/432/303
f 586/433/304 580/427/303 584/431/303
f 579/426/302 587/434/305 585/432/303
f 579/426/302 583/430/305 587/434/305
f 585/432/303 587/434/305 588/435/305
f 580/427/303 586/433/304 589/436/304
f 582/429/304 580/427/303 589/436/304
f 593/437/306 591/438/304 590/439/304
f 594/440/306 592/441/304 591/438/304
f 594/440/306 591/438/304 593/437/306
f 595/442/306 592/441/304 594/440/306
f 599/443/307 597/444/306 596/445/306
f 600/446/307 598/447/306 597/444/306
f 600/446/307 597/444/306 599/443/307
f 601/448/307 598/447/306 600/446/307
f 602/449/307 600/446/307 599/443/307
f 603/450/307 601/448/307 600/446/307
f 602/449/307 603/450/307 600/446/307
f 603/450/307 604/451/308 601/448/307
f 605/452/91 603/450/307 602/449/307
f 602/449/307 606/453/91 605/452/91
f 607/454/91 605/452/91 606/453/91
f 603/450/307 605/452/91 608/455/91
s 0
f 609/455/91 603/450/308 608/455/91
s 1
f 603/450/307 610/456/91 604/451/308
f 610/456/91 603/450/307 611/455/91
f 612/457/91 604/451/308 610/456/91
f 610/456/91 613/458/91 612/457/91
f 615/459/306 616/460/91 614/461/306
f 616/460/91 615/459/306 617/462/91
f 618/463/91 614/461/306 616/460/91
f 614/461/306 618/463/91 619/464/306
f 616/460/91 620/465/309 618/463/91
f 617/462/91 621/466/309 616/460/91
f 620/465/309 616/460/91 621/466/309
f 621/466/309 617/462/91 622/467/309
f 624/468/309 625/371/91 623/469/309
f 625/371/91 624/468/309 627/370/91
f 626/470/309 627/370/91 624/468/309
f 627/370/91 626/470/309 628/368/91
f 630/471/310 631/472/311 629/473/310
f 631/472/311 630/471/310 632/474/311
f 633/475/312 631/472/311 632/474/311
f 633/475/312 634/476/312 631/472/311
f 635/477/312 634/476/312 633/475/312
f 635/477/312 636/478/312 634/476/312
f 637/479/91 636/478/312 635/477/312
f 638/480/91 636/478/312 637/479/91
f 639/455/91 640/481/313 641/482/314
f 641/482/314 642/456/314 639/455/91
f 639/455/91 643/483/315 640/481/313
f 643/483/315 639/455/91 644/452/316
f 645/484/91 646/485/91 647/486/91
f 648/487/91 646/485/91 645/484/91
f 646/485/91 648/487/91 649/488/91
f 649/488/91 648/487/91 650/489/91
f 649/488/91 650/489/91 651/490/91
f 652/491/91 653/492/91 654/493/91
f 653/492/91 652/491/91 655/494/91
f 656/495/317 657/496/317 658/497/317
f 659/498/91 660/499/91 661/500/91
f 662/501/91 660/499/91 659/498/91
f 660/499/91 662/501/91 663/502/91
f 663/502/91 662/501/91 664/503/91
f 665/504/318 666/392/319 667/394/319
f 667/394/319 668/505/318 665/504/318
f 669/506/91 670/507/91 671/508/91
f 670/507/91 669/506/91 672/509/91
f 673/510/320 674/511/321 675/512/322
f 674/511/321 673/510/320 676/513/321
f 675/512/322 677/514/323 673/510/320
f 676/513/321 678/515/324 674/511/321
f 677/514/323 675/512/322 679/516/323
f 678/515/324 676/513/321 680/517/324
f 679/516/323 681/518/308 677/514/323
f 681/518/308 679/516/323 682/519/308
f 682/519/308 683/489/325 681/518/308
f 683/489/325 682/519/308 684/490/325
f 687/385/287 685/382/326 686/386/288
f 685/382/326 687/385/287 688/380/327
f 687/385/287 689/520/328 688/380/327
f 690/389/291 689/520/328 687/385/287
f 691/407/329 692/521/330 693/522/331
f 692/521/330 691/407/329 694/409/329
f 696/381/91 695/520/98 697/523/98
f 695/520/98 696/381/91 698/380/105
f 699/523/332 700/413/333 701/381/312
f 700/413/333 699/523/332 702/411/334
f 701/381/312 700/413/333 703/383/335
f 703/383/335 700/413/333 704/524/336
f 700/413/333 705/525/99 704/524/336
f 705/525/99 700/413/333 706/414/91
f 707/526/337 708/527/337 709/528/337
f 707/526/337 709/528/337 710/529/337
f 711/530/338 712/528/338 713/527/338
f 712/528/338 711/530/338 714/531/338
f 715/531/339 716/532/340 717/528/339
f 716/532/340 715/531/339 718/533/339
f 719/529/341 720/528/342 721/532/341
f 719/529/341 721/532/341 722/496/342
f 723/374/343 724/534/344 725/535/344
f 725/535/344 726/375/343 723/374/343
f 727/536/345 728/364/346 729/366/347
f 729/366/347 730/537/345 727/536/345
f 732/538/348 733/539/349 731/540/348
f 733/539/349 732/538/348 734/541/349
f 735/542/350 736/543/351 737/544/352
f 736/543/351 738/545/353 737/544/352
f 736/543/351 735/542/350 739/546/354
f 738/545/353 736/543/351 740/547/355
f 739/546/354 741/548/356 736/543/351
f 736/543/351 741/548/356 740/547/355
f 741/548/356 739/546/354 742/549/357
f 740/547/355 741/548/356 743/550/358
f 745/551/359 746/552/309 744/553/359
f 744/553/359 746/552/309 747/554/309
f 748/555/360 750/556/115 749/557/361
f 750/556/115 748/555/360 751/558/115
f 752/559/362 753/560/288 754/561/363
f 753/560/288 752/559/362 755/562/364
f 757/563/365 758/561/363 756/564/366
f 758/561/363 757/563/365 759/559/367
f 760/565/115 761/566/99 762/567/115
f 761/566/99 760/565/115 763/568/99
f 764/569/120 766/567/115 765/570/120
f 766/567/115 764/569/120 767/565/115
f 768/571/368 769/572/369 770/573/368
f 769/572/369 768/571/368 771/574/368
f 772/575/369 770/573/368 769/572/369
f 770/573/368 772/575/369 773/576/369
f 774/577/370 775/578/370 776/579/370
f 775/578/370 774/577/370 777/580/370
f 778/581/371 779/582/372 780/583/373
f 781/584/374 780/583/373 779/582/372
f 782/585/375 778/581/371 780/583/373
f 779/582/372 783/586/376 781/584/374
f 778/581/371 782/585/375 784/587/377
f 785/588/378 781/584/374 783/586/376
f 784/587/377 786/589/379 778/581/371
f 783/586/376 787/590/380 785/588/378
f 786/589/379 784/587/377 788/591/381
f 787/590/380 783/586/376 789/592/382
f 790/593/383 787/590/380 789/592/382
f 787/590/380 790/593/383 791/594/383
f 792/595/384 786/589/379 788/591/381
f 793/596/385 786/589/379 792/595/384
f 792/595/384 794/597/386 793/596/385
f 794/597/386 792/595/384 795/598/387
f 796/599/388 794/597/386 795/598/387
f 797/600/389 794/597/386 796/599/388
f 796/599/388 798/601/390 797/600/389
f 798/601/390 796/599/388 799/602/391
f 799/602/391 800/603/392 798/601/390
f 800/603/392 799/602/391 801/604/392
f 802/605/393 803/585/394 804/606/395
f 804/606/395 803/585/394 805/583/396
f 803/585/394 802/605/393 806/607/393
f 804/606/395 805/583/396 807/608/397
f 802/605/393 808/609/398 806/607/393
f 805/583/396 809/584/399 807/608/397
f 808/609/398 802/605/393 810/610/400
f 811/611/401 807/608/397 809/584/399
f 812/612/402 808/609/398 810/610/400
f 809/584/399 813/588/403 811/611/401
f 814/613/404 808/609/398 812/612/402
f 815/614/405 811/611/401 813/588/403
f 812/612/402 816/615/406 814/613/404
f 813/588/403 817/616/407 815/614/405
f 814/613/404 816/615/406 818/617/408
f 817/616/407 813/588/403 819/590/409
f 819/590/409 820/618/410 817/616/407
f 820/618/410 819/590/409 821/594/410
f 816/615/406 822/619/411 818/617/408
f 823/620/412 818/617/408 822/619/411
f 818/617/408 823/620/412 824/621/413
f 825/622/414 824/621/413 823/620/412
f 826/623/415 824/621/413 825/622/414
f 827/624/416 826/623/415 825/622/414
f 828/625/416 826/623/415 827/624/416
f 829/626/126 830/627/115 831/628/126
f 831/628/126 832/629/128 829/626/126
f 830/627/115 829/626/126 833/630/115
f 834/631/115 830/627/115 833/630/115
f 834/631/115 833/630/115 835/632/115
f 829/626/126 832/629/128 836/633/128
f 832/629/128 837/634/115 836/633/128
f 837/634/115 832/629/128 838/635/417
f 837/634/115 839/636/115 836/633/128
f 839/636/115 837/634/115 840/637/115
f 841/638/115 839/636/115 840/637/115
f 839/636/115 841/638/115 842/639/115
f 842/639/115 841/638/115 843/640/115
f 844/641/115 845/642/126 846/643/115
f 846/643/115 847/644/115 844/641/115
f 848/644/115 849/645/115 850/646/126
f 851/643/115 849/645/115 848/644/115
f 852/647/128 853/648/126 854/649/126
f 853/648/126 852/647/128 855/650/128
f 852/647/115 856/651/128 857/652/115
f 856/651/128 852/647/115 858/653/128
f 859/654/126 856/651/128 858/653/128
f 856/651/128 859/654/126 860/655/418
f 861/656/115 862/657/115 859/654/115
f 862/657/115 863/650/115 864/652/126
f 865/658/115 863/650/115 862/657/115
f 862/657/115 861/656/115 865/658/115
f 865/658/115 861/656/115 866/659/115
f 867/660/115 866/659/115 861/656/115
f 866/659/115 867/660/115 868/661/115
f 868/661/128 869/662/126 870/663/115
f 871/664/417 870/663/115 869/662/126
f 872/652/417 873/650/417 874/647/417
f 875/663/115 876/664/115 873/650/115
f 873/650/115 876/664/115 877/648/115
f 878/662/128 879/661/128 880/660/128
f 881/657/115 882/655/115 883/654/115
f 884/665/115 885/666/115 886/667/115
f 885/666/115 887/668/115 886/667/115
f 887/668/115 885/666/115 888/669/115
f 889/670/115 887/668/115 888/669/115
f 888/669/115 890/671/115 889/670/115
f 891/672/115 889/670/115 890/671/115
f 889/670/115 891/672/115 892/673/115
f 893/674/115 894/675/115 895/676/115
f 894/675/115 893/674/115 896/677/115
f 897/678/115 894/675/115 896/677/115
f 898/679/115 894/675/115 897/678/115
f 897/678/115 896/677/115 899/680/115
f 897/678/115 900/681/115 898/679/115
f 901/682/115 898/679/115 900/681/115
f 898/679/115 901/682/115 902/683/115
f 897/678/115 899/680/115 903/684/115
f 899/680/115 904/685/115 903/684/115
f 899/680/115 905/686/115 904/685/115
f 905/686/115 906/687/115 904/685/115
f 905/686/115 907/688/115 906/687/115
f 908/689/115 906/687/115 907/688/115
f 906/687/115 908/689/115 909/690/115
f 906/687/115 909/690/115 910/691/115
f 911/692/419 912/693/420 913/694/419
f 914/695/420 912/693/420 911/692/419
f 915/696/421 912/693/420 914/695/420
f 912/693/420 915/696/421 916/697/421
f 917/698/115 918/699/126 919/700/126
f 917/698/115 919/700/126 920/701/115
f 921/702/115 919/700/126 918/699/126
f 919/700/126 921/702/115 922/703/115
f 921/702/115 923/704/115 922/703/115
f 917/698/115 923/704/115 924/705/115
f 921/702/115 924/705/115 923/704/115
f 925/704/422 926/698/422 927/701/422
f 928/706/115 929/707/115 930/708/115
f 929/707/115 931/709/128 930/708/115
f 928/706/115 930/708/115 932/710/115
f 930/708/115 931/709/128 933/711/128
f 928/706/115 932/710/115 934/712/115
f 931/709/128 934/712/115 933/711/128
f 935/713/115 928/706/115 934/712/115
f 931/709/128 935/713/115 934/712/115
f 936/714/115 937/715/115 938/716/115
f 937/715/115 939/717/115 938/716/115
f 940/718/115 936/714/115 938/716/115
f 939/717/115 937/715/115 941/719/115
f 941/719/115 942/720/126 939/717/115
f 943/721/126 939/717/115 942/720/126
f 939/717/115 943/721/126 944/722/115
f 939/717/115 944/722/115 945/723/115
f 944/722/115 946/724/115 945/723/115
f 946/724/115 940/718/115 945/723/115
f 940/718/115 946/724/115 947/725/115
f 940/718/115 947/725/115 948/726/115
f 936/714/115 940/718/115 949/727/115
f 948/726/115 949/727/115 940/718/115
f 950/728/115 949/727/115 948/726/115
f 949/727/115 950/728/115 951/729/115
f 952/730/115 949/727/115 951/729/115
f 951/729/115 953/731/115 952/730/115
f 951/729/115 950/728/115 954/732/115
f 950/728/115 955/733/115 954/732/115
f 956/734/115 954/732/115 955/733/115
f 957/735/185 958/734/115 959/736/185
f 959/736/185 958/734/115 960/733/115
f 957/735/185 961/730/115 958/734/115
f 958/734/115 961/730/115 962/731/115
f 963/737/423 964/738/423 965/739/423
f 964/738/423 966/740/423 965/739/423
f 964/738/423 963/737/423 967/741/423
f 970/591/424 968/742/230 969/743/232
f 968/742/230 970/591/424 971/587/425
f 971/587/425 972/607/426 968/742/230
f 972/607/426 971/587/425 973/585/427
f 972/607/426 974/744/428 968/742/230
f 974/744/428 972/607/426 975/609/429
f 976/613/430 974/744/428 975/609/429
f 977/745/431 974/744/428 976/613/430
f 976/613/430 978/617/432 977/745/431
f 977/745/431 978/617/432 979/746/433
f 979/746/433 980/747/115 977/745/431
f 979/746/433 978/617/432 981/621/434
f 980/747/115 979/746/433 982/748/435
f 981/621/434 982/748/435 979/746/433
f 982/748/435 981/621/434 983/623/436
f 983/623/436 984/749/437 982/748/435
f 984/749/437 983/623/436 985/625/437
s 0
f 986/558/438 987/750/91 988/750/439
s 1
f 989/595/440 970/591/424 990/751/441
f 990/751/441 970/591/424 969/743/232
f 990/751/441 991/598/442 989/595/440
f 991/598/442 990/751/441 992/752/443
f 993/753/444 991/598/442 992/752/443
f 994/599/445 991/598/442 993/753/444
f 993/753/444 995/602/446 994/599/445
f 997/604/447 995/602/446 996/754/448
f 995/602/446 993/753/444 998/755/449
f 996/754/448 995/602/446 998/755/449
f 999/756/450 1000/757/451 1001/758/452
f 1002/759/453 1000/757/451 999/756/450
f 1003/760/454 1004/761/115 1000/757/455
f 1004/761/115 1003/760/454 1005/762/99
f 1006/758/120 1007/763/115 1008/756/115
f 1009/561/363 1010/764/456 1011/564/366
f 1010/764/456 1009/561/363 1012/763/457
f 1009/561/363 1013/765/458 1012/763/457
f 1013/765/458 1009/561/363 1014/560/288
f 1015/765/99 1016/759/99 1017/763/126
f 1017/763/126 1016/759/99 1018/756/115
f 1017/763/115 1019/758/120 1020/764/120
f 1023/757/451 1021/759/453 1022/760/336
f 1024/758/459 1023/757/451 1025/766/460
f 1023/757/451 1026/761/115 1025/766/460
f 1025/766/460 1026/761/115 1027/767/120
f 1028/768/461 1029/769/283 1030/770/461
f 1029/769/283 1028/768/461 1031/771/283
f 1035/772/462 1033/773/463 1032/774/464
f 1034/775/465 1035/772/462 1032/774/464
f 1033/773/463 1035/772/462 1036/776/466
f 1037/777/467 1035/772/462 1034/775/465
f 1040/778/468 1041/779/469 1038/780/470
f 1040/778/468 1039/781/471 1042/782/472
f 1044/783/473 1041/779/474 1043/784/475
f 1042/782/476 1044/783/473 1043/784/475
f 1041/779/474 1044/783/473 1045/785/477
f 1042/782/476 1046/786/478 1044/783/473
f 1044/783/473 1047/341/479 1045/785/477
f 1048/343/480 1044/783/473 1046/786/478
f 1047/341/479 1044/783/473 1049/338/270
f 1044/783/473 1048/343/480 1049/338/270
f 1050/787/481 1051/347/482 1052/788/483
f 1051/347/482 1053/345/482 1052/788/483
f 1054/789/484 1055/790/485 1056/791/486
f 1056/791/486 1055/790/485 1057/792/484
f 1058/790/487 1059/793/487 1060/792/487
f 1059/793/487 1058/790/487 1061/794/488
f 1065/347/489 1064/795/490 1063/796/490
f 1064/795/490 1065/347/489 1066/345/491
f 1067/788/284 1068/797/284 1062/798/284
f 1068/797/284 1067/788/284 1069/787/284
f 1070/248/492 1071/249/318 1072/250/492
f 1073/251/318 1071/249/318 1070/248/492
f 1074/252/493 1071/249/318 1073/251/318
f 1071/249/318 1074/252/493 1075/253/493
f 1077/799/494 1076/800/494 1078/801/495
f 1079/802/496 1077/799/494 1078/801/495
f 1078/801/495 1080/803/497 1079/802/496
f 1080/803/497 1078/801/495 1081/804/498
f 1082/254/499 1083/255/499 1084/256/499
f 1083/255/499 1082/254/499 1085/257/500
f 1086/259/500 1083/255/499 1085/257/500
f 1083/255/499 1086/259/500 1087/258/500
f 1088/805/501 1089/806/501 1090/807/502
f 1091/808/502 1088/805/501 1090/807/502
f 1092/275/37 1093/278/37 1094/279/37
f 1092/275/37 1095/272/37 1093/278/37
f 1092/275/37 1096/273/37 1095/272/37
f 1095/272/37 1096/273/37 1097/274/37
f 1096/273/37 1092/275/37 1098/276/37
f 1098/276/37 1092/275/37 1099/277/37
f 1100/291/503 1101/278/504 1102/272/503
f 1101/278/504 1100/291/503 1103/290/504
f 1104/274/483 1100/291/503 1102/272/503
f 1100/291/503 1104/274/483 1105/292/483
f 1104/274/483 1106/293/505 1105/292/483
f 1106/293/505 1104/274/483 1107/273/505
f 1108/276/506 1106/293/505 1107/273/505
f 1106/293/505 1108/276/506 1109/286/506
f 1110/277/507 1109/286/508 1111/276/508
f 1109/286/508 1110/277/507 1112/287/507
f 1110/277/507 1113/288/509 1112/287/507
f 1113/288/509 1110/277/507 1114/275/509
f 1115/279/510 1113/288/509 1114/275/509
f 1113/288/509 1115/279/510 1116/289/510
f 1115/279/510 1117/290/511 1116/289/510
f 1117/290/511 1115/279/510 1118/278/504
f 1122/809/305 1124/810/93 1123/811/305
f 1124/810/93 1122/809/305 1125/812/93
f 1120/813/512 1125/812/93 1122/809/305
f 1125/812/93 1120/813/512 1126/814/93
f 1128/269/513 1127/815/513 1121/816/513
f 1129/266/513 1119/817/513 1127/815/513
f 1127/815/513 1128/269/513 1129/266/513
f 1119/817/513 1129/266/513 1130/267/513
f 1134/818/138 1132/819/514 1131/820/514
f 1133/821/514 1134/818/138 1131/820/514
f 1134/818/138 1133/821/514 1135/822/138
f 1136/823/514 1134/818/138 1135/822/138
f 1134/818/138 1137/824/138 1132/819/514
f 1136/823/514 1138/825/514 1134/818/138
f 1138/825/514 1137/824/138 1134/818/138
f 1138/825/514 1139/826/514 1137/824/138
f 1140/827/515 1141/828/310 1142/829/515
f 1141/828/310 1140/827/515 1143/830/310
f 1144/831/516 1145/832/516 1146/833/516
f 1145/832/516 1144/831/516 1147/834/516
f 1148/790/517 1149/835/517 1150/794/517
f 1149/835/517 1148/790/517 1151/836/517
f 1152/837/518 1154/836/518 1153/790/518
f 1155/838/318 1156/839/318 1157/840/519
f 1157/840/519 1158/841/519 1155/838/318
f 1160/842/520 1161/843/519 1159/844/520
f 1161/843/519 1160/842/520 1162/845/519
f 1165/846/501 1163/847/521 1164/848/522
f 1163/847/521 1165/846/501 1166/849/501
f 1167/850/523 1168/851/524 1169/852/525
f 1168/851/524 1167/850/523 1170/853/215
f 1171/854/526 1168/851/524 1170/853/215
f 1168/851/524 1171/854/526 1172/855/527
f 1173/856/528 1174/857/529 1175/858/530
f 1176/859/531 1174/857/529 1173/856/528
f 1175/858/530 1174/857/529 1177/860/532
f 1174/857/529 1176/859/531 1178/861/533
f 1179/862/534 1182/863/535 1180/864/536
f 1181/865/537 1183/866/538 1179/862/534
f 1182/863/535 1179/862/534 1184/867/539
f 1179/862/534 1183/866/538 1184/867/539
f 1184/867/539 1185/868/540 1182/863/535
f 1186/869/541 1184/867/539 1183/866/538
f 1185/868/540 1184/867/539 1187/870/542
f 1184/867/539 1186/869/541 1187/870/542
f 1188/871/543 1187/870/468 1190/872/544
f 1187/870/468 1189/873/472 1190/872/544
f 1191/874/545 1192/875/546 1193/876/547
f 1192/875/546 1191/874/545 1194/877/546
f 1195/875/548 1196/877/549 1197/878/549
f 1197/878/549 1198/879/548 1195/875/548
f 1199/880/550 1201/881/551 1200/882/552
f 1201/881/551 1202/883/553 1200/882/552
f 1201/881/551 1203/884/366 1202/883/553
f 1203/884/366 1201/881/551 1204/885/554
f 1205/886/151 1206/887/514 1207/888/514
f 1206/887/514 1205/886/151 1208/889/151
f 1207/888/514 1209/890/151 1205/886/151
f 1209/890/151 1207/888/514 1210/891/514
f 1211/892/151 1212/886/151 1213/893/151
f 1213/893/151 1212/886/151 1214/890/151
f 1211/892/151 1215/889/151 1212/886/151
f 1216/854/555 1211/892/151 1213/893/151
f 1217/894/151 1215/889/151 1211/892/151
f 1218/853/556 1211/892/151 1216/854/555
f 1218/853/556 1217/894/151 1211/892/151
f 1219/850/557 1217/894/151 1218/853/556
f 1220/895/151 1221/896/151 1222/897/151
f 1221/896/151 1220/895/151 1223/898/151
f 1223/898/151 1220/895/151 1224/899/151
f 1224/899/151 1225/900/151 1223/898/151
f 1225/900/151 1224/899/151 1226/901/151
f 1227/902/156 1229/903/151 1228/904/156
f 1229/903/151 1227/902/156 1230/905/151
f 1229/903/151 1230/905/151 1231/906/120
f 1231/906/120 1232/907/120 1229/903/151
f 1233/908/212 1235/909/215 1234/910/212
f 1236/911/556 1237/912/558 1235/909/556
f 1237/912/558 1236/911/556 1238/913/558
f 1239/914/559 1240/915/559 1241/916/560
f 1239/914/559 1242/917/561 1240/915/559
f 1242/917/561 1239/914/559 1243/918/561
f 1243/918/561 1244/919/562 1242/917/561
f 1244/919/562 1243/918/561 1245/920/562
f 1246/921/563 1242/917/561 1244/919/562
f 1242/917/561 1246/921/563 1247/922/561
f 1247/922/561 1240/915/559 1242/917/561
f 1244/919/562 1248/923/514 1246/921/563
f 1240/915/559 1247/922/561 1249/924/559
f 1250/925/560 1240/915/559 1249/924/559
f 1245/920/562 1251/926/514 1244/919/562
f 1248/923/514 1244/919/562 1251/926/514
f 1251/926/514 1245/920/562 1252/927/514
f 1253/928/514 1248/923/514 1251/926/514
f 1252/927/514 1253/928/514 1251/926/514
f 1254/929/514 1248/923/514 1253/928/514
f 1253/928/514 1252/927/514 1255/930/514
f 1240/915/559 1250/925/560 1256/931/560
f 1250/925/560 1257/932/560 1256/931/560
f 1240/915/559 1256/931/560 1241/916/560
f 1256/931/560 1257/932/560 1258/933/560
f 1258/933/560 1241/916/560 1256/931/560
f 1257/932/560 1259/934/564 1258/933/560
f 1241/916/560 1258/933/560 1260/935/565
f 1258/933/560 1259/934/564 1261/936/564
f 1258/933/560 1261/936/564 1260/935/565
f 1260/935/565 1261/936/564 1262/937/564
f 1263/938/151 1264/939/151 1265/940/151
f 1265/940/151 1264/939/151 1266/941/151
f 1267/942/566 1269/943/567 1268/944/566
f 1269/943/567 1267/942/566 1270/945/567
f 1269/943/567 1271/946/568 1268/944/566
f 1273/947/569 1274/948/514 1272/949/569
f 1274/948/514 1273/947/569 1275/950/514
f 1276/951/514 1274/948/514 1275/950/514
f 1277/952/514 1274/948/514 1276/951/514
f 1278/953/151 1277/952/514 1276/951/514
f 1279/954/151 1277/952/514 1278/953/151
f 1280/955/151 1281/956/151 1282/957/151
f 1282/957/151 1281/956/151 1283/958/151
f 1284/959/151 1285/960/151 1286/961/151
f 1286/961/151 1287/962/151 1284/959/151
f 1288/963/489 1289/964/260 1290/965/227
f 1289/964/260 1288/963/489 1291/966/489
f 1292/967/482 1293/968/261 1294/969/482
f 1293/968/261 1292/967/482 1295/970/261
f 1296/971/441 1271/946/568 1269/943/567
f 1269/943/567 1297/972/443 1296/971/441
f 1297/972/443 1269/943/567 1299/973/567
f 1270/945/567 1299/973/567 1269/943/567
f 1299/973/567 1270/945/567 1300/974/567
f 1301/975/570 1299/973/567 1300/974/567
f 1302/976/570 1299/973/567 1301/975/570
f 1302/976/570 1297/972/443 1299/973/567
f 1298/977/571 1297/972/443 1302/976/570
f 1303/978/570 1302/976/570 1301/975/570
f 1303/978/570 1304/979/572 1302/976/570
f 1304/979/572 1298/977/571 1302/976/570
f 1305/980/151 1304/979/572 1303/978/570
f 1306/981/151 1304/979/572 1305/980/151
f 1307/982/573 1304/979/572 1306/981/151
f 1304/979/572 1308/983/449 1298/977/571
f 1304/979/572 1307/982/573 1308/983/449
f 1309/984/236 1311/985/574 1310/986/575
f 1311/985/574 1309/984/236 1312/987/574
f 1312/987/574 1313/988/151 1311/985/574
f 1313/988/151 1312/987/574 1314/989/151
f 1317/990/576 1316/991/577 1315/992/577
f 1318/993/576 1316/991/577 1317/990/576
f 1319/994/578 1320/995/579 1321/996/261
f 1320/995/580 1322/997/120 1323/998/151
f 1322/997/120 1320/995/580 1324/999/581
f 1327/1000/582 1325/1001/577 1326/1002/577
f 1328/1003/582 1327/1000/582 1326/1002/577
f 1329/1004/583 1327/1000/582 1328/1003/582
f 1330/1005/583 1329/1004/583 1328/1003/582
f 1331/1006/151 1329/1004/583 1330/1005/583
f 1329/1004/583 1331/1006/151 1332/1007/584
f 1333/1008/585 1332/1007/584 1331/1006/151
f 1333/1008/585 1334/901/586 1332/1007/584
f 1334/901/586 1333/1008/585 1335/900/587
f 1336/1009/120 1337/994/120 1338/1010/151
f 1339/1009/588 1341/883/589 1340/884/366
f 1341/883/589 1339/1009/588 1342/1010/590
f 1343/1011/591 1341/883/589 1342/1010/590
f 1341/883/589 1343/1011/591 1344/882/592
f 1346/1010/151 1345/994/120 1347/996/151
f 1348/1012/156 1346/1010/151 1347/996/151
f 1346/1010/151 1348/1012/156 1349/1011/156
f 1350/1013/563 1351/1014/593 1352/955/594
f 1350/1013/563 1352/955/594 1353/957/595
f 1354/1015/563 1355/960/563 1356/1016/563
f 1355/960/563 1354/1015/563 1357/961/596
f 1360/995/579 1358/994/578 1359/999/460
f 1361/996/261 1360/995/580 1362/1012/597
f 1362/1012/597 1360/995/580 1363/1017/598
f 1360/995/580 1364/998/151 1363/1017/598
f 1363/1017/598 1364/998/151 1365/1018/156
f 1368/1019/599 1367/1020/600 1366/1021/601
f 1367/1020/600 1368/1019/599 1369/1022/599
f 1372/1023/602 1371/1024/558 1370/1025/603
f 1371/1024/558 1372/1023/602 1373/1026/602
f 1377/1027/604 1376/1028/605 1374/1029/606
f 1376/1028/605 1378/1030/607 1375/1031/608
f 1379/1032/609 1376/1028/605 1377/1027/604
f 1376/1028/605 1380/1033/610 1378/1030/607
f 1376/1028/605 1379/1032/609 1381/1034/611
f 1380/1033/610 1376/1028/605 1381/1034/611
f 1382/938/612 1383/1035/612 1384/1036/613
f 1383/1035/612 1382/938/612 1385/940/613
f 1386/1037/614 1387/1038/615 1388/1039/616
f 1387/1038/615 1386/1037/614 1389/1040/615
f 1386/1037/614 1388/1039/616 1390/1041/617
f 1391/1042/617 1390/1041/617 1388/1039/616
f 1392/1043/173 1393/1044/618 1394/1045/173
f 1394/1045/173 1393/1044/618 1395/1046/619
f 1396/1047/620 1398/1048/621 1397/1049/291
f 1398/1048/621 1399/1050/622 1397/1049/291
f 1398/1048/621 1400/1051/623 1399/1050/622
f 1400/1051/623 1401/1052/592 1399/1050/622
f 1402/1053/98 1403/1054/173 1404/1055/98
f 1405/1056/624 1406/1057/625 1407/1054/626
f 1407/1054/626 1406/1057/625 1408/1055/627
f 1408/1055/627 1406/1057/625 1409/1058/334
f 1410/1059/598 1411/1060/173 1406/1057/628
f 1409/1058/334 1411/1060/173 1412/1061/98
f 1413/1062/98 1414/1063/98 1415/1064/629
f 1415/1064/629 1416/1065/629 1413/1062/98
f 1416/1065/629 1415/1064/629 1417/1066/156
f 1417/1066/156 1418/1067/156 1416/1065/629
f 1419/1068/630 1420/1069/630 1421/1070/631
f 1421/1070/631 1420/1069/630 1422/1071/631
f 1420/1069/630 1419/1068/630 1423/1072/630
f 1424/1073/630 1423/1072/630 1419/1068/630
f 1425/1074/632 1426/1075/633 1427/1076/634
f 1426/1075/633 1425/1074/632 1428/1077/635
f 1427/1076/634 1429/1078/636 1425/1074/632
f 1428/1077/635 1430/1079/637 1426/1075/633
f 1429/1078/636 1427/1076/634 1431/1080/638
f 1430/1079/637 1428/1077/635 1432/1081/639
f 1433/1082/640 1429/1078/636 1431/1080/638
f 1428/1077/635 1434/1083/641 1432/1081/639
f 1435/1084/642 1429/1078/636 1433/1082/640
f 1433/1082/640 1436/1085/643 1435/1084/642
f 1436/1085/643 1433/1082/640 1437/1086/643
f 1432/1081/639 1434/1083/641 1438/1087/644
f 1434/1083/641 1439/1088/645 1438/1087/644
f 1439/1088/645 1434/1083/641 1440/1089/646
f 1440/1089/646 1441/1090/647 1439/1088/645
f 1442/1091/648 1439/1088/645 1441/1090/647
f 1441/1090/647 1443/1092/649 1442/1091/648
f 1443/1092/649 1441/1090/647 1444/1093/650
f 1444/1093/650 1445/1094/651 1443/1092/649
f 1446/1095/652 1443/1092/649 1445/1094/651
f 1447/1096/653 1446/1095/652 1445/1094/651
f 1448/1097/653 1446/1095/652 1447/1096/653
f 1449/1098/654 1450/1099/654 1451/1100/654
f 1451/1100/654 1450/1099/654 1452/1101/654
f 1453/1102/655 1454/1080/656 1455/1076/657
f 1454/1080/656 1453/1102/655 1456/1103/658
f 1455/1076/657 1457/1104/659 1453/1102/655
f 1458/1105/660 1454/1080/656 1456/1103/658
f 1457/1104/659 1455/1076/657 1459/1075/661
f 1460/1082/662 1454/1080/656 1458/1105/660
f 1460/1082/662 1458/1105/660 1461/1106/663
f 1462/1086/664 1460/1082/662 1461/1106/663
f 1459/1075/661 1463/1107/665 1457/1104/659
f 1463/1107/665 1459/1075/661 1464/1079/666
f 1464/1079/666 1465/1108/667 1463/1107/665
f 1465/1108/667 1464/1079/666 1466/1109/667
f 1466/1109/667 1467/1110/668 1465/1108/667
f 1468/1111/669 1465/1108/667 1467/1110/668
f 1467/1110/668 1469/1112/670 1468/1111/669
f 1469/1112/670 1467/1110/668 1470/1113/671
f 1470/1113/671 1471/1114/672 1469/1112/670
f 1471/1114/672 1470/1113/671 1472/1115/673
f 1472/1115/673 1473/1116/674 1471/1114/672
f 1473/1116/674 1472/1115/673 1474/1117/675
f 1474/1117/675 1472/1115/673 1475/1118/676
f 1475/1118/676 1476/1119/677 1474/1117/675
f 1476/1119/677 1475/1118/676 1477/1120/678
f 1477/1120/678 1478/1121/679 1476/1119/677
f 1478/1121/679 1477/1120/678 1479/1122/679
f 1480/1123/173 1481/1124/173 1482/1125/173
f 1481/1124/173 1480/1123/173 1483/1126/173
f 1483/1126/173 1480/1123/173 1484/1127/173
f 1485/1128/173 1483/1126/173 1484/1127/173
f 1483/1126/173 1485/1128/173 1486/1129/173
f 1485/1128/173 1487/1130/183 1486/1129/173
f 1487/1130/183 1485/1128/173 1488/1131/680
f 1487/1130/183 1489/1132/173 1486/1129/173
f 1487/1130/183 1490/1133/173 1489/1132/173
f 1491/1134/173 1489/1132/173 1490/1133/173
f 1489/1132/173 1491/1134/173 1492/1135/173
f 1493/1136/173 1492/1135/173 1491/1134/173
f 1492/1135/173 1493/1136/173 1494/1137/173
f 1495/1081/681 1496/1109/682 1497/1079/683
f 1496/1109/682 1495/1081/681 1498/1138/684
f 1495/1081/681 1499/1087/685 1498/1138/684
f 1498/1138/684 1500/1139/686 1496/1109/682
f 1498/1138/684 1499/1087/685 1501/1140/687
f 1502/1110/688 1496/1109/682 1500/1139/686
f 1499/1087/685 1503/1141/689 1501/1140/687
f 1500/1139/686 1504/1113/690 1502/1110/688
f 1503/1141/689 1499/1087/685 1505/1088/691
f 1504/1113/690 1500/1139/686 1506/1142/692
f 1505/1088/691 1507/1091/693 1503/1141/689
f 1508/1143/694 1503/1141/689 1507/1091/693
f 1507/1091/693 1509/1144/695 1508/1143/694
f 1509/1144/695 1507/1091/693 1510/1092/696
f 1510/1092/696 1511/1095/697 1509/1144/695
f 1512/1145/698 1509/1144/695 1511/1095/697
f 1511/1095/697 1513/1146/699 1512/1145/698
f 1513/1146/699 1511/1095/697 1514/1097/699
f 1506/1142/692 1515/1115/700 1504/1113/690
f 1515/1115/700 1506/1142/692 1516/1147/701
f 1517/1148/173 1516/1147/701 1506/1142/692
f 1515/1115/700 1516/1147/701 1518/1118/702
f 1519/1149/703 1516/1147/701 1517/1148/173
f 1519/1149/703 1518/1118/702 1516/1147/701
f 1520/1120/704 1518/1118/702 1519/1149/703
f 1521/1150/705 1520/1120/704 1519/1149/703
f 1522/1122/706 1520/1120/704 1521/1150/705
f 1523/1151/173 1524/1152/173 1525/1153/173
f 1524/1152/173 1523/1151/173 1526/1154/173
f 1527/1155/173 1528/1154/173 1529/1156/173
f 1528/1154/173 1527/1155/173 1530/1152/173
f 1531/1157/173 1532/1158/173 1533/1159/173
f 1532/1158/173 1531/1157/173 1534/1160/173
f 1533/1159/173 1532/1158/173 1535/1161/173
f 1533/1159/173 1536/1162/173 1531/1157/173
f 1535/1161/173 1537/1163/173 1533/1159/173
f 1538/1164/173 1531/1157/173 1536/1162/173
f 1537/1163/173 1535/1161/173 1539/1165/173
f 1531/1157/173 1538/1164/173 1540/1166/173
f 1541/1167/707 1537/1163/173 1539/1165/173
f 1538/1164/173 1542/1168/174 1540/1166/173
f 1539/1165/173 1543/1169/174 1541/1167/707
f 1542/1168/174 1538/1164/173 1544/1170/174
f 1543/1169/174 1545/1171/173 1541/1167/707
f 1545/1171/173 1543/1169/174 1546/1172/173
f 1546/1172/173 1547/1173/173 1545/1171/173
f 1548/1174/173 1542/1168/174 1544/1170/174
f 1542/1168/174 1548/1174/173 1546/1172/173
f 1546/1172/173 1548/1174/173 1547/1173/173
f 1548/1174/173 1549/1159/680 1547/1173/173
f 1549/1159/680 1548/1174/173 1550/1162/680
f 1551/1175/173 1552/1176/173 1553/1177/173
f 1552/1176/173 1551/1175/173 1554/1178/173
f 1555/1179/173 1552/1176/173 1554/1178/173
f 1552/1176/173 1555/1179/173 1556/1180/173
f 1557/1181/173 1556/1180/173 1555/1179/173
f 1556/1180/173 1557/1181/173 1558/1182/183
f 1558/1182/183 1557/1181/173 1559/1183/183
f 1560/1184/708 1561/1185/709 1562/1186/710
f 1561/1185/709 1560/1184/708 1563/1187/708
f 1560/1184/708 1564/1188/711 1563/1187/708
f 1565/1189/711 1564/1188/711 1560/1184/708
f 1566/1190/173 1567/1191/173 1568/1192/173
f 1568/1192/173 1567/1191/173 1569/1193/173
f 1567/1191/173 1570/1194/183 1569/1193/173
f 1567/1191/173 1571/1195/183 1570/1194/183
f 1571/1195/183 1572/1196/174 1570/1194/183
f 1568/1192/707 1573/1197/174 1572/1196/174
f 1570/1194/183 1572/1196/174 1573/1197/174
f 1574/1196/680 1575/1190/680 1576/1192/680
f 1577/1198/707 1578/1199/173 1579/1200/183
f 1580/1201/173 1577/1198/707 1579/1200/183
f 1578/1199/173 1577/1198/707 1581/1202/173
f 1582/1203/173 1577/1198/707 1580/1201/173
f 1581/1202/173 1583/1204/173 1578/1199/173
f 1580/1201/173 1583/1204/173 1582/1203/173
f 1578/1199/173 1583/1204/173 1584/1205/173
f 1583/1204/173 1580/1201/173 1584/1205/173
f 1585/1206/174 1586/1207/174 1587/1208/173
f 1586/1207/174 1588/1209/173 1587/1208/173
f 1586/1207/174 1589/1210/173 1588/1209/173
f 1586/1207/174 1585/1206/174 1590/1211/173
f 1586/1207/174 1590/1211/173 1591/1212/173
f 1592/1213/173 1591/1212/173 1590/1211/173
f 1591/1212/173 1592/1213/173 1593/1214/173
f 1592/1213/173 1594/1215/173 1593/1214/173
f 1592/1213/173 1595/1216/173 1594/1215/173
f 1596/1217/173 1594/1215/173 1595/1216/173
f 1597/1218/173 1596/1217/173 1595/1216/173
f 1598/1219/173 1596/1217/173 1597/1218/173
f 1599/1220/173 1594/1215/173 1596/1217/173
f 1600/1221/173 1594/1215/173 1599/1220/173
f 1599/1220/173 1601/1222/173 1600/1221/173
f 1599/1220/173 1602/1223/173 1601/1222/173
f 1603/1224/173 1604/1225/173 1605/1226/173
f 1604/1225/173 1606/1227/173 1605/1226/173
f 1607/1228/173 1604/1225/173 1603/1224/173
f 1606/1227/173 1604/1225/173 1608/1229/173
f 1604/1225/173 1607/1228/173 1609/1230/173
f 1607/1228/173 1610/1231/183 1609/1230/173
f 1611/1232/183 1609/1230/173 1610/1231/183
f 1608/1229/173 1604/1225/173 1612/1233/173
f 1613/1234/183 1608/1229/173 1612/1233/173
f 1614/1235/183 1613/1234/183 1612/1233/173
f 1615/1236/173 1613/1234/183 1614/1235/183
f 1616/1237/174 1615/1236/173 1614/1235/183
f 1616/1237/174 1617/1238/707 1615/1236/173
f 1618/1237/173 1619/1239/173 1617/1238/173
f 1619/1239/173 1618/1237/173 1611/1232/183
f 1620/1240/173 1619/1239/173 1611/1232/183
f 1620/1240/173 1621/1241/173 1619/1239/173
f 1622/1242/173 1621/1241/173 1620/1240/173
f 1620/1240/173 1623/1243/173 1622/1242/173
f 1624/1244/173 1622/1242/173 1623/1243/173
f 1621/1241/173 1622/1242/173 1625/1245/173
f 1626/1246/173 1621/1241/173 1625/1245/173
f 1625/1245/173 1627/1247/173 1626/1246/173
f 1628/1232/174 1629/1231/174 1630/1240/174
f 1631/1248/712 1632/1247/173 1633/1249/712
f 1631/1248/712 1634/1246/173 1632/1247/173
f 1633/1249/712 1632/1247/173 1635/1243/174
f 1632/1247/173 1636/1244/183 1635/1243/174
f 1637/1250/713 1638/1251/713 1639/1252/713
f 1638/1251/713 1637/1250/713 1640/1253/713
f 1641/1254/713 1638/1251/713 1640/1253/713
f 1642/1255/714 1644/1050/622 1643/1052/592
f 1644/1050/622 1642/1255/714 1645/1256/715
f 1646/1053/716 1644/1050/622 1645/1256/715
f 1644/1050/622 1646/1053/716 1647/1049/291
f 1649/1255/156 1648/1056/156 1650/1256/629
f 1650/1256/629 1648/1056/156 1651/1054/173
f 1651/1054/173 1652/1053/717 1650/1256/629
f 1654/1057/628 1655/1060/629 1653/1058/297
f 1654/1057/625 1656/1056/624 1657/1059/598
f 1655/1060/718 1657/1059/598 1658/1257/156
f 1661/1258/719 1660/1259/720 1659/1260/721
f 1659/1260/721 1662/1261/722 1661/1258/719
f 1663/1262/723 1661/1258/719 1662/1261/722
f 1660/1259/724 1665/1263/725 1664/1264/726
f 1660/1259/724 1666/1258/719 1665/1263/725
f 1661/1258/719 1663/1262/723 1667/1265/727
f 1667/1265/728 1668/1263/725 1666/1258/719
f 1668/1263/725 1667/1265/728 1669/1266/729
f 1672/1267/730 1670/1266/731 1671/1268/732
f 1670/1266/731 1672/1267/730 1665/1263/725
f 1672/1267/730 1673/1264/733 1665/1263/725
f 1673/1264/733 1672/1267/730 1674/1269/734
f 1675/1270/735 1676/1271/736 1677/1272/737
f 1676/1271/736 1675/1270/735 1678/1273/738
f 1678/1273/739 1679/1274/740 1680/1271/741
f 1679/1274/740 1678/1273/739 1681/1275/742
f 1683/1272/737 1682/1276/743 1675/1270/744
f 1682/1276/743 1683/1272/737 1684/1277/745
f 1686/1278/746 1688/1271/747 1687/1279/748
f 1689/1272/737 1686/1278/746 1685/1280/749
f 1686/1278/746 1689/1272/737 1688/1271/747
f 1685/1280/749 1690/1277/745 1689/1272/737
f 1691/1274/740 1692/1279/748 1688/1271/736
f 1692/1279/748 1691/1274/740 1693/1281/750
f 1694/1282/751 1695/1283/752 1696/1284/753
f 1694/1282/751 1696/1284/753 1697/1285/754
f 1695/1283/752 1694/1282/751 1699/1286/755
f 1699/1286/755 1700/1267/756 1695/1283/752
f 1701/1287/757 1696/1284/753 1695/1283/752
f 1696/1284/753 1701/1287/757 1702/1288/758
f 1703/1289/759 1704/1283/752 1700/1267/760
f 1704/1283/752 1703/1289/759 1701/1287/761
f 1707/1261/762 1705/1288/758 1706/1290/763
f 1705/1288/758 1707/1261/762 1708/1284/753
f 1707/1261/762 1709/1285/754 1708/1284/753
f 1709/1285/754 1707/1261/762 1698/1291/764
f 1710/1278/765 1712/1271/766 1711/1279/767
f 1714/1272/768 1710/1278/765 1713/1280/769
f 1713/1280/769 1715/1277/770 1714/1272/768
f 1716/1276/771 1714/1272/768 1715/1277/770
f 1710/1278/765 1717/1272/772 1712/1271/766
f 1714/1272/768 1716/1276/771 1718/1270/773
f 1718/1270/774 1712/1271/766 1717/1272/772
f 1712/1271/766 1718/1270/774 1719/1273/775
f 1722/1274/776 1720/1273/777 1721/1275/778
f 1720/1273/777 1722/1274/776 1712/1271/766
f 1722/1274/776 1723/1279/779 1712/1271/766
f 1723/1279/779 1722/1274/776 1724/1281/780
f 1725/1292/722 1726/1293/745 1727/1294/723
f 1726/1293/745 1725/1292/722 1728/1295/770
f 1728/1295/770 1725/1292/722 1729/1296/781
f 1728/1295/770 1730/1297/760 1726/1293/745
f 1726/1293/745 1730/1297/760 1731/1298/782
f 1730/1297/760 1728/1295/770 1732/1299/759
o archcbwings1
v 0.896163 -0.138684 0.012073
v 0.741055 -0.064556 0.268218
v 0.835120 -0.138684 0.317208
v 0.796640 -0.064556 0.048289
v 0.678308 -0.064556 0.382709
v 0.757686 -0.138684 0.453004
v 0.563107 -0.138684 0.616492
v 0.514153 -0.072864 0.536080
v 0.331034 -0.138684 0.725652
v 0.309531 -0.072864 0.634059
v 0.268500 -0.138684 0.751751
v 0.193228 -0.072864 0.695830
v 0.051870 -0.105668 0.906715
v 0.089322 -0.138684 0.934936
v -0.016820 -0.138684 1.100553
v 0.741055 -0.064556 0.268218
v 0.796640 -0.064556 0.048289
v 0.646985 -0.138684 0.219757
v 0.697111 -0.138684 0.084497
v 0.598930 -0.138684 0.312414
v 0.678308 -0.064556 0.382709
v 0.514153 -0.072864 0.536080
v 0.465198 -0.138684 0.455669
v 0.465198 -0.138684 0.455669
v 0.309531 -0.072864 0.634059
v 0.288028 -0.138684 0.542467
v 0.193228 -0.072864 0.695830
v 0.117956 -0.138684 0.639390
v 0.014412 -0.138684 0.877959
v 0.051870 -0.105668 0.906715
v -0.016820 -0.138684 1.100553
v 0.896163 -0.138684 0.012073
v 0.741055 -0.212810 0.268218
v 0.796634 -0.212810 0.048289
v 0.835120 -0.138684 0.317208
v 0.678308 -0.212810 0.382709
v 0.757686 -0.138684 0.453004
v 0.563107 -0.138684 0.616492
v 0.514153 -0.204504 0.536080
v 0.331034 -0.138684 0.725652
v 0.309531 -0.204504 0.634059
v 0.268500 -0.138684 0.751751
v 0.193228 -0.204504 0.695830
v 0.051870 -0.171701 0.906715
v 0.089322 -0.138684 0.934936
v -0.016820 -0.138684 1.100553
v 0.741055 -0.212810 0.268218
v 0.598930 -0.138684 0.312414
v 0.646985 -0.138684 0.219757
v 0.796634 -0.212810 0.048289
v 0.697111 -0.138684 0.084497
v 0.678308 -0.212810 0.382709
v 0.514153 -0.204504 0.536080
v 0.465198 -0.138684 0.455669
v 0.309531 -0.204504 0.634059
v 0.465198 -0.138684 0.455669
v 0.288028 -0.138684 0.542467
v 0.193228 -0.204504 0.695830
v 0.117956 -0.138684 0.639390
v 0.014412 -0.138684 0.877959
v 0.051870 -0.171701 0.906715
v -0.016820 -0.138684 1.100553
v 0.498459 -0.162754 0.545132
v 0.644509 -0.114614 0.419989
v 0.644509 -0.162807 0.419989
v 0.498459 -0.114614 0.545132
v 0.601981 -0.162754 0.929077
v 0.721496 -0.162754 1.379060
v 0.601981 -0.114614 0.929077
v 0.721496 -0.114614 1.379060
v 0.498459 -0.114614 0.545132
v 0.498459 -0.162754 0.545132
v 0.862614 -0.114614 0.816716
v 0.768837 -0.114614 0.571224
v 0.601981 -0.114614 0.929077
v 0.891919 -0.114614 0.939730
v 0.882014 -0.114614 1.008961
v 0.823809 -0.114614 1.166582
v 0.721496 -0.114614 1.379060
v 0.498459 -0.114614 0.545132
v 0.644509 -0.114614 0.419989
v 0.721496 -0.162754 1.379060
v 0.823809 -0.114614 1.166582
v 0.721496 -0.114614 1.379060
v 0.823809 -0.162754 1.166582
v 0.823809 -0.114614 1.166582
v 0.823809 -0.162754 1.166582
v 0.882014 -0.114614 1.008961
v 0.882014 -0.162754 1.008961
v 0.891919 -0.114614 0.939730
v 0.891919 -0.162754 0.939730
v 0.862614 -0.114614 0.816716
v 0.862614 -0.162754 0.816716
v 0.862614 -0.162754 0.816716
v 0.768837 -0.114614 0.571224
v 0.768837 -0.162807 0.571224
v 0.644509 -0.114614 0.419989
v 0.644509 -0.162807 0.419989
v 0.601981 -0.162754 0.929077
v 0.768837 -0.162807 0.571224
v 0.862614 -0.162754 0.816716
v 0.891919 -0.162754 0.939730
v 0.882014 -0.162754 1.008961
v 0.823809 -0.162754 1.166582
v 0.721496 -0.162754 1.379060
v 0.498459 -0.162754 0.545132
v 0.644509 -0.162807 0.419989
v 1.056628 -0.121216 0.143075
v 1.056628 -0.156150 0.143075
v 0.995755 -0.121216 0.136688
v 0.995755 -0.156150 0.136688
v 0.868962 -0.121216 0.140410
v 0.868962 -0.156150 0.140410
v 0.780137 -0.156150 0.172896
v 0.780137 -0.121216 0.172896
v 0.780137 -0.156150 0.172896
v 0.813963 -0.121216 0.259694
v 0.780137 -0.121216 0.172896
v 0.813963 -0.156150 0.259694
v 0.995755 -0.121216 0.136688
v 0.868962 -0.121216 0.140410
v 0.813963 -0.121216 0.259694
v 0.780137 -0.121216 0.172896
v 1.005575 -0.121216 0.273540
v 1.056628 -0.121216 0.143075
v 1.086513 -0.121216 0.158522
v 1.149117 -0.121216 0.210177
v 1.229692 -0.121216 0.290580
v 0.813963 -0.121216 0.259694
v 0.813963 -0.156150 0.259694
v 1.005575 -0.156150 0.273540
v 1.005575 -0.121216 0.273540
v 1.005575 -0.156150 0.273540
v 1.229692 -0.156150 0.290580
v 1.005575 -0.121216 0.273540
v 1.229692 -0.121216 0.290580
v 1.229692 -0.156150 0.290580
v 1.149117 -0.121216 0.210177
v 1.229692 -0.121216 0.290580
v 1.149117 -0.156150 0.210177
v 1.086513 -0.121216 0.158522
v 1.086513 -0.156150 0.158522
v 1.056628 -0.121216 0.143075
v 1.056628 -0.156150 0.143075
v 0.995755 -0.156150 0.136688
v 1.005575 -0.156150 0.273540
v 0.813963 -0.156150 0.259694
v 0.868962 -0.156150 0.140410
v 0.780137 -0.156150 0.172896
v 1.056628 -0.156150 0.143075
v 1.086513 -0.156150 0.158522
v 1.149117 -0.156150 0.210177
v 1.229692 -0.156150 0.290580
v 0.724376 -0.117809 0.344900
v 0.667865 -0.159559 0.470579
v 0.667865 -0.117809 0.470579
v 0.724376 -0.159559 0.344900
v 0.852507 -0.159559 0.688379
v 1.067619 -0.159559 0.943460
v 0.852507 -0.117809 0.688379
v 1.067619 -0.117809 0.943460
v 0.667865 -0.117809 0.470579
v 0.667865 -0.159559 0.470579
v 0.852507 -0.117809 0.688379
v 0.987256 -0.117809 0.535544
v 0.667865 -0.117809 0.470579
v 0.851373 -0.117809 0.405078
v 0.724376 -0.117809 0.344900
v 1.043970 -0.117809 0.606367
v 1.058641 -0.117809 0.654300
v 1.069062 -0.117809 0.774649
v 1.067619 -0.117809 0.943460
v 1.067619 -0.159559 0.943460
v 1.069062 -0.117809 0.774649
v 1.067619 -0.117809 0.943460
v 1.069062 -0.159559 0.774649
v 1.058641 -0.117809 0.654300
v 1.058641 -0.159559 0.654300
v 1.043970 -0.159559 0.606367
v 1.043970 -0.117809 0.606367
v 0.987256 -0.159559 0.535544
v 0.987256 -0.117809 0.535544
v 0.987256 -0.159559 0.535544
v 0.851373 -0.117809 0.405078
v 0.987256 -0.117809 0.535544
v 0.851373 -0.159559 0.405078
v 0.724376 -0.117809 0.344900
v 0.724376 -0.159559 0.344900
v 1.058641 -0.159559 0.654300
v 1.069062 -0.159559 0.774649
v 0.852507 -0.159559 0.688379
v 1.067619 -0.159559 0.943460
v 1.043970 -0.159559 0.606367
v 0.987256 -0.159559 0.535544
v 0.667865 -0.159559 0.470579
v 0.851373 -0.159559 0.405078
v 0.724376 -0.159559 0.344900
v 0.381549 -0.166374 0.655365
v 0.515324 -0.110992 0.580276
v 0.515324 -0.166374 0.580276
v 0.381549 -0.110992 0.655365
v 0.340401 -0.166374 1.240070
v 0.325501 -0.166374 1.705499
v 0.340401 -0.110992 1.240070
v 0.325501 -0.110992 1.705499
v 0.381549 -0.110992 0.655365
v 0.381549 -0.166374 0.655365
v 0.603164 -0.110992 0.945589
v 0.381549 -0.110992 0.655365
v 0.340401 -0.110992 1.240070
v 0.515324 -0.110992 0.580276
v 0.622425 -0.110992 1.207584
v 0.615039 -0.110992 1.333791
v 0.585702 -0.110992 1.397164
v 0.484608 -0.110992 1.531359
v 0.325501 -0.110992 1.705499
v 0.325501 -0.166374 1.705499
v 0.484608 -0.110992 1.531359
v 0.325501 -0.110992 1.705499
v 0.484608 -0.166374 1.531359
v 0.585702 -0.110992 1.397164
v 0.585702 -0.166374 1.397164
v 0.585702 -0.110992 1.397164
v 0.585702 -0.166374 1.397164
v 0.615039 -0.110992 1.333791
v 0.615039 -0.166374 1.333791
v 0.622425 -0.110992 1.207584
v 0.622425 -0.166374 1.207584
v 0.603164 -0.110992 0.945589
v 0.603164 -0.166374 0.945589
v 0.515324 -0.110992 0.580276
v 0.515324 -0.166374 0.580276
v 0.622425 -0.166374 1.207584
v 0.340401 -0.166374 1.240070
v 0.603164 -0.166374 0.945589
v 0.615039 -0.166374 1.333791
v 0.585702 -0.166374 1.397164
v 0.484608 -0.166374 1.531359
v 0.325501 -0.166374 1.705499
v 0.381549 -0.166374 0.655365
v 0.515324 -0.166374 0.580276
v 0.222186 -0.104443 0.661752
v 0.387609 -0.172978 0.650571
v 0.222186 -0.172978 0.661752
v 0.387609 -0.104443 0.650571
v 0.100010 -0.104443 0.801805
v 0.100010 -0.172978 0.801805
v 0.222186 -0.104443 0.661752
v 0.222186 -0.172978 0.661752
v -0.085015 -0.172979 1.357762
v -0.199609 -0.172979 1.644793
v -0.085015 -0.104390 1.357762
v -0.199609 -0.104390 1.644793
v -0.306705 -0.172979 1.880697
v -0.306705 -0.104390 1.880697
v 0.100010 -0.104443 0.801805
v 0.100010 -0.172978 0.801805
v -0.085015 -0.104390 1.357762
v 0.157304 -0.104390 1.529766
v 0.287245 -0.104390 1.295455
v 0.335422 -0.104443 1.062744
v -0.199609 -0.104390 1.644793
v 0.100010 -0.104443 0.801805
v 0.387609 -0.104443 0.650571
v 0.222186 -0.104443 0.661752
v 0.065800 -0.104390 1.622959
v -0.099782 -0.104390 1.754489
v -0.306705 -0.104390 1.880697
v -0.306705 -0.172979 1.880697
v -0.099782 -0.104390 1.754489
v -0.306705 -0.104390 1.880697
v -0.099782 -0.172979 1.754489
v 0.065800 -0.104390 1.622959
v 0.065800 -0.172978 1.622959
v 0.157304 -0.104390 1.529766
v 0.157304 -0.172978 1.529766
v 0.287245 -0.104390 1.295455
v 0.287245 -0.172978 1.295455
v 0.287245 -0.104390 1.295455
v 0.287245 -0.172978 1.295455
v 0.335422 -0.104443 1.062744
v 0.335422 -0.172978 1.062744
v 0.387609 -0.104443 0.650571
v 0.387609 -0.172978 0.650571
v 0.335422 -0.172978 1.062744
v 0.100010 -0.172978 0.801805
v 0.387609 -0.172978 0.650571
v 0.222186 -0.172978 0.661752
v -0.085015 -0.172979 1.357762
v 0.287245 -0.172978 1.295455
v 0.157304 -0.172978 1.529766
v -0.199609 -0.172979 1.644793
v 0.065800 -0.172978 1.622959
v -0.099782 -0.172979 1.754489
v -0.306705 -0.172979 1.880697
v 1.016726 -0.157056 0.303898
v 0.866736 -0.120365 0.247985
v 1.016726 -0.120365 0.303898
v 0.866736 -0.157056 0.247985
v 0.747339 -0.120365 0.243719
v 0.747339 -0.157056 0.243719
v 0.747339 -0.120365 0.243719
v 0.745587 -0.157056 0.360875
v 0.745592 -0.120365 0.360875
v 0.747339 -0.157056 0.243719
v 0.962936 -0.157056 0.468442
v 1.216774 -0.157056 0.595722
v 0.962936 -0.120365 0.468442
v 1.216774 -0.120365 0.595722
v 0.745592 -0.120365 0.360875
v 0.962936 -0.157056 0.468442
v 0.962936 -0.120365 0.468442
v 0.745587 -0.157056 0.360875
v 0.962936 -0.120365 0.468442
v 1.016726 -0.120365 0.303898
v 0.745592 -0.120365 0.360875
v 0.866736 -0.120365 0.247985
v 0.747339 -0.120365 0.243719
v 1.084900 -0.120365 0.340642
v 1.112436 -0.120365 0.372592
v 1.160981 -0.120365 0.463120
v 1.216774 -0.120365 0.595722
v 1.216774 -0.157056 0.595722
v 1.160981 -0.120365 0.463120
v 1.216774 -0.120365 0.595722
v 1.160981 -0.157056 0.463120
v 1.112436 -0.120365 0.372592
v 1.112436 -0.157056 0.372592
v 1.112436 -0.157056 0.372592
v 1.084900 -0.120365 0.340642
v 1.112436 -0.120365 0.372592
v 1.084900 -0.157056 0.340642
v 1.016726 -0.120365 0.303898
v 1.016726 -0.157056 0.303898
v 0.962936 -0.157056 0.468442
v 1.016726 -0.157056 0.303898
v 1.084900 -0.157056 0.340642
v 1.112436 -0.157056 0.372592
v 1.160981 -0.157056 0.463120
v 1.216774 -0.157056 0.595722
v 0.745587 -0.157056 0.360875
v 0.866736 -0.157056 0.247985
v 0.747339 -0.157056 0.243719
vn 0.5996 0.7890 0.1341
vn 0.5601 0.8046 0.1972
vn 0.5363 0.8124 0.2287
vn 0.4493 0.8199 0.3548
vn 0.4187 0.8215 0.3871
vn 0.2994 0.8195 0.4886
vn 0.3149 0.8187 0.4802
vn 0.2599 0.8034 0.5356
vn 0.2520 0.8112 0.5277
vn 0.3393 0.8128 0.4735
vn 0.3145 0.8098 0.4953
vn 0.4329 0.8185 0.3777
vn 0.4556 0.8170 0.3535
vn 0.4814 0.8207 0.3078
vn -0.5444 0.8048 -0.2367
vn -0.5909 0.7879 -0.1733
vn -0.5573 0.8007 -0.2198
vn -0.5909 0.7879 -0.1734
vn -0.4717 0.8176 -0.3302
vn -0.4556 0.8170 -0.3535
vn -0.3232 0.8197 -0.4729
vn -0.3466 0.8192 -0.4569
vn -0.2750 0.8095 -0.5187
vn -0.3231 0.8197 -0.4729
vn -0.2678 0.8112 -0.5198
vn -0.4030 0.8217 -0.4030
vn -0.3778 0.8185 -0.4328
vn -0.5663 0.8023 -0.1888
vn -0.5836 0.7965 -0.1577
vn -0.6214 0.7787 -0.0865
vn 0.5996 -0.7890 0.1341
vn 0.5601 -0.8046 0.1972
vn 0.5364 -0.8124 0.2287
vn 0.4494 -0.8199 0.3548
vn 0.4187 -0.8215 0.3871
vn 0.2995 -0.8195 0.4886
vn 0.3149 -0.8187 0.4802
vn 0.2599 -0.8034 0.5356
vn 0.2521 -0.8112 0.5277
vn 0.3393 -0.8128 0.4735
vn 0.3145 -0.8098 0.4953
vn 0.4329 -0.8185 0.3777
vn 0.4556 -0.8170 0.3535
vn 0.4814 -0.8207 0.3078
vn -0.5444 -0.8048 -0.2367
vn -0.4717 -0.8176 -0.3302
vn -0.5573 -0.8007 -0.2198
vn -0.5909 -0.7879 -0.1733
vn -0.4556 -0.8170 -0.3535
vn -0.3232 -0.8197 -0.4729
vn -0.3466 -0.8192 -0.4569
vn -0.2751 -0.8095 -0.5187
vn -0.3231 -0.8197 -0.4729
vn -0.2678 -0.8112 -0.5199
vn -0.4030 -0.8217 -0.4030
vn -0.3778 -0.8185 -0.4328
vn -0.5662 -0.8023 -0.1887
vn -0.5836 -0.7966 -0.1577
vn -0.6214 -0.7787 -0.0865
vn -0.6540 -0.0000 -0.7565
vn -0.9658 -0.0000 0.2592
vn -0.9658 -0.0000 0.2591
vn -0.9658 -0.0000 0.2593
vn -0.0000 1.0000 -0.0000
vn 0.9007 -0.0000 0.4344
vn 0.9196 -0.0000 0.3930
vn 0.9196 -0.0000 0.3929
vn 0.9678 -0.0000 0.2518
vn 0.9992 -0.0000 -0.0394
vn 0.9992 -0.0000 -0.0393
vn 0.9563 -0.0000 -0.2924
vn 0.9563 -0.0000 -0.2925
vn 0.8643 -0.0000 -0.5029
vn 0.8646 -0.0000 -0.5025
vn 0.7708 -0.0000 -0.6371
vn -0.0000 -1.0000 0.0001
vn -0.0001 -1.0000 0.0001
vn -0.0000 -1.0000 -0.0000
vn -0.0002 -1.0000 0.0001
vn 0.0002 -1.0000 -0.0001
vn 0.2684 0.0001 -0.9633
vn 0.0315 -0.0000 -0.9995
vn 0.2684 -0.0000 -0.9633
vn -0.1976 -0.0000 -0.9803
vn -0.3468 -0.0000 -0.9379
vn -0.9317 -0.0000 0.3631
vn -0.0708 -0.0000 0.9975
vn -0.0707 -0.0000 0.9975
vn -0.0785 -0.0000 0.9969
vn 0.7071 -0.0000 -0.7071
vn 0.6707 -0.0000 -0.7417
vn 0.5510 -0.0000 -0.8345
vn 0.2685 -0.0000 -0.9633
vn -0.9125 -0.0000 -0.4091
vn -0.7636 -0.0000 0.6457
vn -0.7637 -0.0000 0.6456
vn -0.7637 -0.0000 0.6455
vn 1.0000 -0.0000 0.0080
vn 0.9992 -0.0000 -0.0389
vn 1.0000 -0.0000 0.0079
vn 0.9821 -0.0000 -0.1886
vn 0.8815 -0.0000 -0.4722
vn 0.7378 -0.0000 -0.6750
vn 0.5602 -0.0000 -0.8284
vn 0.4250 -0.0000 -0.9052
vn -0.4877 -0.0000 -0.8730
vn -0.4876 -0.0000 -0.8730
vn -0.9989 -0.0000 -0.0472
vn -0.9995 -0.0000 -0.0314
vn -0.9975 -0.0000 -0.0702
vn -0.9975 -0.0000 -0.0705
vn 0.7378 -0.0000 0.6750
vn 0.7708 -0.0000 0.6371
vn 0.8533 -0.0000 0.5215
vn 0.8533 -0.0000 0.5214
vn 0.9658 -0.0000 0.2591
vn 1.0000 -0.0000 -0.0078
vn 0.9886 -0.0000 -0.1503
vn 0.9715 -0.0000 -0.2370
vn -0.0629 -0.0000 -0.9980
vn -0.7565 -0.0000 -0.6540
vn -0.8554 -0.0000 -0.5180
vn -0.9379 -0.0000 -0.3468
vn -0.9196 -0.0000 -0.3928
vn -0.9096 -0.0000 -0.4156
vn -0.8554 -0.0000 -0.5179
vn -0.0000 1.0000 -0.0002
vn -0.0000 1.0000 -0.0001
vn 0.5214 -0.0000 0.8533
vn 0.5692 -0.0000 0.8222
vn 0.6668 -0.0000 0.7452
vn 0.7953 -0.0000 0.6063
vn 0.9327 -0.0000 0.3606
vn 0.9327 -0.0000 0.3605
vn 0.9862 -0.0000 0.1655
vn 0.9862 -0.0000 0.1656
vn 0.9921 -0.0000 0.1256
vn 0.9920 -0.0000 0.1259
vn 0.4090 -0.0000 -0.9125
vn 0.1810 -0.0000 -0.9835
vn 0.0393 -0.0000 -0.9992
vn -0.9999 -0.0000 -0.0158
vn -0.9999 -0.0000 -0.0157
vn -0.9999 -0.0000 -0.0156
vn -0.4473 -0.0000 0.8944
vn -0.4472 -0.0000 0.8944
vn -0.4474 -0.0000 0.8944
vn -0.4409 -0.0000 0.8975
vn -0.4409 -0.0000 0.8976
vn 0.9224 -0.0000 -0.3863
vn 0.9022 -0.0000 -0.4313
vn 0.9022 -0.0000 -0.4314
vn 0.8248 -0.0000 -0.5655
vn 0.8247 -0.0000 -0.5656
vn 0.6150 -0.0000 -0.7885
vn 0.8247 -0.0000 -0.5655
vn 0.4091 -0.0000 -0.9125
vt 1.280300 1.604360
vt 1.236190 1.659160
vt 1.217900 1.642320
vt 1.280300 1.629220
vt 1.215990 1.682190
vt 1.194150 1.670310
vt 1.173700 1.726350
vt 1.195350 1.730710
vt 1.168260 1.786300
vt 1.190180 1.783700
vt 1.167450 1.802220
vt 1.185930 1.814300
vt 1.150760 1.862410
vt 1.141440 1.856440
vt 1.113470 1.893140
vt 1.254480 1.676000
vt 1.280300 1.654090
vt 1.237830 1.694070
vt 1.216990 1.735060
vt 1.212100 1.781090
vt 1.204410 1.826370
vt 1.160090 1.868370
vt 1.113470 1.604360
vt 1.157580 1.659160
vt 1.113470 1.629220
vt 1.175870 1.642320
vt 1.177770 1.682190
vt 1.199610 1.670310
vt 1.220060 1.726350
vt 1.198420 1.730710
vt 1.225500 1.786300
vt 1.203580 1.783700
vt 1.226310 1.802220
vt 1.207830 1.814300
vt 1.243000 1.862410
vt 1.252320 1.856440
vt 1.280300 1.893140
vt 1.155940 1.694070
vt 1.139290 1.676000
vt 1.113470 1.654090
vt 1.176780 1.735060
vt 1.181660 1.781090
vt 1.189360 1.826370
vt 1.233680 1.868370
vt 0.070337 1.568250
vt 0.059029 1.525980
vt 0.070337 1.525980
vt 0.059029 1.568250
vt 0.064746 1.542200
vt 0.173533 1.542200
vt 0.064746 1.553500
vt 0.173533 1.553500
vt -0.028268 1.553500
vt -0.028268 1.542200
vt 0.068544 1.509710
vt 0.130172 1.510710
vt 0.064620 1.576250
vt 0.039006 1.513140
vt 0.024583 1.520870
vt -0.005516 1.546360
vt -0.044167 1.585990
vt 0.157634 1.568250
vt 0.173533 1.525980
vt 0.059029 1.585990
vt 0.070337 1.546360
vt 0.070337 1.585990
vt 0.059029 1.546360
vt -0.005516 1.542200
vt 0.024583 1.553500
vt -0.005516 1.553500
vt 0.024583 1.542200
vt 0.039006 1.553500
vt 0.039006 1.542200
vt 0.068544 1.553500
vt 0.068544 1.542200
vt 0.130172 1.553500
vt 0.130172 1.542200
vt 0.064746 1.576250
vt -0.000806 1.510710
vt 0.060822 1.509710
vt 0.090360 1.513140
vt 0.104783 1.520870
vt 0.134882 1.546360
vt 0.173533 1.585990
vt -0.028268 1.568250
vt -0.044167 1.525980
vt 0.536579 1.146230
vt 0.528380 1.159150
vt 0.528380 1.146230
vt 0.536579 1.159150
vt 0.528380 1.187410
vt 0.536579 1.187410
vt 0.536579 1.209620
vt 0.528380 1.209620
vt 0.501473 1.160670
vt 0.523283 1.168860
vt 0.501473 1.168860
vt 0.523283 1.160670
vt 0.554169 1.159150
vt 0.563539 1.187410
vt 0.541676 1.209110
vt 0.563486 1.209620
vt 0.523204 1.167970
vt 0.547896 1.146230
vt 0.542074 1.140880
vt 0.525651 1.131220
vt 0.501420 1.119910
vt 0.536579 1.209110
vt 0.528380 1.209110
vt 0.528380 1.167970
vt 0.536579 1.167970
vt 0.528380 1.119910
vt 0.536579 1.119910
vt 0.501420 1.160670
vt 0.525651 1.168860
vt 0.501420 1.168860
vt 0.525651 1.160670
vt 0.542074 1.168860
vt 0.542074 1.160670
vt 0.547896 1.168860
vt 0.547896 1.160670
vt 0.510791 1.159150
vt 0.541756 1.167970
vt 0.523283 1.209110
vt 0.501420 1.187410
vt 0.501473 1.209620
vt 0.517063 1.146230
vt 0.522885 1.140880
vt 0.539309 1.131220
vt 0.563539 1.119910
vt -0.166855 0.439724
vt -0.143607 0.429926
vt -0.143607 0.439724
vt -0.166855 0.429926
vt -0.080778 0.429926
vt -0.007176 0.429926
vt -0.080778 0.439724
vt -0.007176 0.439724
vt -0.093253 0.447597
vt -0.070358 0.405604
vt -0.030424 0.470853
vt -0.030655 0.425097
vt -0.007176 0.448275
vt -0.090583 0.398798
vt -0.102309 0.399401
vt -0.129645 0.406747
vt -0.166855 0.420650
vt -0.129645 0.439724
vt -0.129645 0.429926
vt -0.102309 0.439724
vt -0.102309 0.429926
vt -0.090583 0.429926
vt -0.090583 0.439724
vt -0.070358 0.429926
vt -0.070358 0.439724
vt -0.030655 0.439724
vt -0.030655 0.429926
vt -0.071722 0.399401
vt -0.044386 0.406747
vt -0.080778 0.447597
vt -0.007176 0.420650
vt -0.083448 0.398798
vt -0.103673 0.405604
vt -0.143607 0.470853
vt -0.143376 0.425097
vt -0.166855 0.448275
vt -1.358870 1.739780
vt -1.371870 1.704240
vt -1.358870 1.704240
vt -1.371870 1.739780
vt -1.350320 1.763830
vt -1.248930 1.763830
vt -1.350320 1.776830
vt -1.248930 1.776830
vt -1.475980 1.776830
vt -1.475980 1.763830
vt -1.336490 1.714170
vt -1.254760 1.739780
vt -1.380420 1.795790
vt -1.248930 1.704240
vt -1.395800 1.730940
vt -1.423100 1.742730
vt -1.434690 1.754270
vt -1.456190 1.787350
vt -1.481810 1.836410
vt -1.371870 1.836410
vt -1.358870 1.787350
vt -1.358870 1.836410
vt -1.371870 1.787350
vt -1.358870 1.754270
vt -1.371870 1.754270
vt -1.434690 1.763830
vt -1.423100 1.776830
vt -1.434690 1.776830
vt -1.423100 1.763830
vt -1.395800 1.776830
vt -1.395800 1.763830
vt -1.336490 1.776830
vt -1.336490 1.763830
vt -1.334940 1.730940
vt -1.350320 1.795790
vt -1.394240 1.714170
vt -1.307630 1.742730
vt -1.296040 1.754270
vt -1.274550 1.787350
vt -1.248930 1.836410
vt -1.475980 1.739780
vt -1.481810 1.704240
vt 0.704926 -0.245398
vt 0.721017 -0.282769
vt 0.721017 -0.245398
vt 0.704926 -0.282769
vt 0.721017 -0.207209
vt 0.704926 -0.207209
vt 0.728722 -0.164872
vt 0.782816 -0.164872
vt 0.728722 -0.148780
vt 0.782816 -0.148780
vt 0.826173 -0.164872
vt 0.826173 -0.148780
vt 0.620842 -0.148780
vt 0.620842 -0.164872
vt 0.697220 -0.121727
vt 0.639824 -0.161368
vt 0.681116 -0.208855
vt 0.728603 -0.238173
vt 0.643127 -0.073415
vt 0.805101 -0.207209
vt 0.815317 -0.282769
vt 0.826173 -0.245398
vt 0.626610 -0.133702
vt 0.610919 -0.086629
vt 0.599770 -0.030883
vt 0.704926 -0.030883
vt 0.721017 -0.086629
vt 0.721017 -0.030883
vt 0.704926 -0.086629
vt 0.721017 -0.133702
vt 0.704926 -0.133702
vt 0.721017 -0.161368
vt 0.704926 -0.161368
vt 0.721017 -0.208855
vt 0.704926 -0.208855
vt 0.681116 -0.164872
vt 0.728603 -0.148780
vt 0.681116 -0.148780
vt 0.728603 -0.164872
vt 0.815317 -0.148780
vt 0.815317 -0.164872
vt 0.697340 -0.238173
vt 0.620842 -0.207209
vt 0.610625 -0.282769
vt 0.599770 -0.245398
vt 0.728722 -0.121727
vt 0.744827 -0.208855
vt 0.786119 -0.161368
vt 0.782816 -0.073415
vt 0.799333 -0.133702
vt 0.815024 -0.086629
vt 0.826173 -0.030883
vt 0.810663 0.933876
vt 0.802048 0.962448
vt 0.802048 0.933876
vt 0.810663 0.962448
vt 0.802048 0.988439
vt 0.810663 0.988439
vt 0.748674 0.960012
vt 0.774417 0.951397
vt 0.774417 0.960012
vt 0.748674 0.951397
vt 0.815643 0.951397
vt 0.864038 0.951397
vt 0.815643 0.960012
vt 0.864038 0.960012
vt 0.797069 0.958957
vt 0.829066 0.933876
vt 0.838294 0.998245
vt 0.853505 0.962448
vt 0.864038 0.988439
vt 0.815567 0.921759
vt 0.806210 0.918286
vt 0.782398 0.914826
vt 0.748674 0.913163
vt 0.782398 0.960012
vt 0.782398 0.951397
vt 0.806210 0.960012
vt 0.806210 0.951397
vt 0.815567 0.960012
vt 0.815567 0.951397
vt 0.829066 0.960012
vt 0.829066 0.951397
vt 0.815643 0.958957
vt 0.783645 0.933876
vt 0.797145 0.921759
vt 0.806502 0.918286
vt 0.830313 0.914826
vt 0.864038 0.913163
vt 0.774417 0.998245
vt 0.759207 0.962448
vt 0.748674 0.988439
s 1
usemtl Meshpart1Mtl.001
f 1805/1358/832 1806/1359/833 1807/1360/834
f 1806/1359/833 1805/1358/832 1808/1361/832
f 1807/1360/834 1806/1359/833 1809/1362/835
f 1809/1362/835 1810/1363/836 1807/1360/834
f 1809/1362/835 1811/1364/837 1810/1363/836
f 1811/1364/837 1809/1362/835 1812/1365/838
f 1812/1365/838 1813/1366/839 1811/1364/837
f 1813/1366/839 1812/1365/838 1814/1367/840
f 1814/1367/840 1815/1368/841 1813/1366/839
f 1815/1368/841 1814/1367/840 1816/1369/842
f 1815/1368/841 1816/1369/842 1817/1370/843
f 1818/1371/844 1815/1368/841 1817/1370/843
f 1818/1371/844 1817/1370/843 1819/1372/845
f 1820/1359/846 1821/1361/847 1822/1373/848
f 1821/1361/847 1823/1374/849 1822/1373/848
f 1820/1359/846 1822/1373/848 1824/1375/850
f 1824/1375/850 1825/1362/851 1820/1359/846
f 1824/1375/850 1826/1365/852 1825/1362/851
f 1826/1365/852 1824/1375/850 1827/1376/853
f 1828/1376/853 1829/1367/854 1826/1365/855
f 1829/1367/854 1828/1376/853 1830/1377/856
f 1830/1377/856 1831/1369/857 1829/1367/854
f 1831/1369/857 1830/1377/856 1832/1378/858
f 1831/1369/857 1832/1378/858 1833/1379/859
f 1834/1370/860 1831/1369/857 1833/1379/859
f 1834/1370/860 1833/1379/859 1835/1372/861
f 1836/1380/862 1837/1381/863 1838/1382/862
f 1837/1381/863 1836/1380/862 1839/1383/864
f 1839/1383/864 1840/1384/865 1837/1381/863
f 1840/1384/865 1839/1383/864 1841/1385/866
f 1842/1386/867 1840/1384/865 1841/1385/866
f 1842/1386/867 1843/1387/868 1840/1384/865
f 1844/1388/869 1843/1387/868 1842/1386/867
f 1844/1388/869 1845/1389/870 1843/1387/868
f 1846/1390/871 1845/1389/870 1844/1388/869
f 1846/1390/871 1847/1391/872 1845/1389/870
f 1846/1390/871 1848/1392/873 1847/1391/872
f 1848/1392/873 1846/1390/871 1849/1393/874
f 1848/1392/873 1849/1393/874 1850/1394/875
f 1851/1381/876 1852/1395/877 1853/1396/878
f 1853/1396/878 1854/1382/879 1851/1381/876
f 1855/1397/879 1854/1382/879 1853/1396/878
f 1852/1395/877 1851/1381/876 1856/1384/880
f 1857/1387/881 1852/1395/877 1856/1384/880
f 1857/1387/881 1858/1398/882 1852/1395/877
f 1859/1389/883 1860/1398/882 1857/1387/884
f 1859/1389/883 1861/1399/885 1860/1398/882
f 1862/1391/886 1861/1399/885 1859/1389/883
f 1862/1391/886 1863/1400/887 1861/1399/885
f 1862/1391/886 1864/1401/888 1863/1400/887
f 1864/1401/888 1862/1391/886 1865/1392/889
f 1864/1401/888 1865/1392/889 1866/1394/890
f 1867/1402/891 1868/1403/891 1869/1404/891
f 1868/1403/891 1867/1402/891 1870/1405/891
f 1871/1406/892 1872/1407/893 1873/1408/894
f 1874/1409/893 1873/1408/894 1872/1407/893
f 1875/1410/893 1871/1406/892 1873/1408/894
f 1871/1406/892 1875/1410/893 1876/1411/893
f 1877/1412/895 1878/1413/895 1879/1414/895
f 1879/1414/895 1880/1415/895 1877/1412/895
f 1880/1415/895 1879/1414/895 1881/1416/895
f 1881/1416/895 1879/1414/895 1882/1417/895
f 1882/1417/895 1879/1414/895 1883/1418/895
f 1878/1413/895 1884/1419/895 1879/1414/895
f 1884/1419/895 1878/1413/895 1885/1420/895
f 1886/1421/896 1887/1422/897 1888/1423/896
f 1887/1422/897 1886/1421/896 1889/1424/897
f 1891/1425/898 1892/1426/899 1890/1427/898
f 1892/1426/899 1891/1425/898 1893/1428/899
f 1893/1428/899 1894/1429/900 1892/1426/899
f 1894/1429/900 1893/1428/899 1895/1430/901
f 1895/1430/901 1896/1431/902 1894/1429/900
f 1896/1431/902 1895/1430/901 1897/1432/902
f 1898/1432/903 1899/1433/904 1896/1431/903
f 1899/1433/904 1898/1432/903 1900/1434/905
f 1900/1434/905 1901/1409/906 1899/1433/904
f 1901/1409/906 1900/1434/905 1902/1407/906
f 1903/1435/907 1904/1436/908 1905/1437/907
f 1906/1438/909 1903/1435/907 1905/1437/907
f 1903/1435/907 1906/1438/909 1907/1439/909
f 1903/1435/907 1907/1439/909 1908/1440/909
f 1908/1440/909 1909/1441/909 1903/1435/907
f 1904/1436/908 1903/1435/907 1910/1442/910
f 1904/1436/908 1910/1442/910 1911/1443/911
f 1913/1444/912 1914/1445/913 1912/1446/914
f 1914/1445/913 1913/1444/912 1915/1447/913
f 1915/1447/913 1916/1448/915 1914/1445/913
f 1916/1448/915 1915/1447/913 1917/1449/915
f 1918/1450/916 1916/1448/915 1917/1449/915
f 1918/1450/916 1919/1451/916 1916/1448/915
f 1920/1452/917 1921/1453/917 1922/1454/917
f 1921/1453/917 1920/1452/917 1923/1455/917
f 1924/1456/895 1925/1457/895 1926/1458/895
f 1927/1459/895 1926/1458/895 1925/1457/895
f 1928/1460/895 1924/1456/895 1926/1458/895
f 1924/1456/895 1928/1460/895 1929/1461/895
f 1928/1460/895 1930/1462/895 1929/1461/895
f 1930/1462/895 1928/1460/895 1931/1463/895
f 1931/1463/895 1928/1460/895 1932/1464/895
f 1933/1465/918 1934/1466/919 1935/1467/919
f 1933/1465/918 1935/1467/919 1936/1468/919
f 1937/1467/919 1938/1469/920 1939/1468/919
f 1939/1468/919 1938/1469/920 1940/1470/920
f 1941/1471/921 1942/1472/922 1943/1473/921
f 1942/1472/922 1941/1471/921 1944/1474/922
f 1944/1474/922 1945/1475/923 1942/1472/922
f 1945/1475/923 1944/1474/922 1946/1476/923
f 1946/1476/923 1947/1477/924 1945/1475/923
f 1947/1477/924 1946/1476/923 1948/1478/924
f 1949/1479/909 1950/1480/909 1951/1481/909
f 1949/1479/909 1951/1481/909 1952/1482/909
f 1952/1482/909 1951/1481/909 1953/1483/909
f 1950/1480/909 1949/1479/909 1954/1484/909
f 1955/1485/909 1950/1480/909 1954/1484/909
f 1950/1480/909 1955/1485/909 1956/1486/909
f 1950/1480/909 1956/1486/909 1957/1487/909
f 1958/1488/925 1959/1489/925 1960/1490/925
f 1959/1489/925 1958/1488/925 1961/1491/925
f 1962/1492/926 1963/1493/927 1964/1494/926
f 1965/1495/928 1964/1494/926 1963/1493/927
f 1966/1490/926 1962/1492/926 1964/1494/926
f 1962/1492/926 1966/1490/926 1967/1489/926
f 1968/1496/895 1969/1497/895 1970/1498/895
f 1970/1498/895 1969/1497/895 1971/1499/895
f 1971/1499/895 1972/1500/895 1970/1498/895
f 1969/1497/895 1968/1496/895 1973/1501/895
f 1968/1496/895 1974/1502/895 1973/1501/895
f 1974/1502/895 1968/1496/895 1975/1503/895
f 1975/1503/895 1968/1496/895 1976/1504/895
f 1977/1491/929 1978/1505/930 1979/1488/931
f 1978/1505/930 1977/1491/929 1980/1506/930
f 1980/1506/930 1981/1507/932 1978/1505/930
f 1981/1507/932 1980/1506/930 1982/1508/932
f 1983/1509/933 1981/1507/932 1982/1508/932
f 1981/1507/932 1983/1509/933 1984/1510/933
f 1985/1511/934 1984/1510/933 1983/1509/933
f 1984/1510/933 1985/1511/934 1986/1512/934
f 1987/1511/934 1988/1513/935 1989/1512/934
f 1988/1513/935 1987/1511/934 1990/1514/935
f 1990/1514/935 1991/1495/936 1988/1513/935
f 1991/1495/936 1990/1514/935 1992/1493/936
f 1993/1515/909 1994/1516/909 1995/1517/909
f 1996/1518/909 1995/1517/909 1994/1516/909
f 1995/1517/909 1997/1519/909 1993/1515/909
f 1995/1517/909 1998/1520/909 1997/1519/909
f 1999/1521/909 1998/1520/909 1995/1517/909
f 1998/1520/909 1999/1521/909 2000/1522/909
f 2000/1522/909 1999/1521/909 2001/1523/909
f 2002/1524/937 2003/1525/938 2004/1526/938
f 2003/1525/938 2002/1524/937 2005/1527/937
f 2006/1528/939 2007/1529/940 2008/1530/939
f 2009/1531/940 2008/1530/939 2007/1529/940
f 2010/1532/941 2006/1528/939 2008/1530/939
f 2006/1528/939 2010/1532/941 2011/1533/942
f 2012/1534/895 2013/1535/895 2014/1536/895
f 2013/1535/895 2012/1534/895 2015/1537/895
f 2014/1536/895 2016/1538/895 2012/1534/895
f 2014/1536/895 2017/1539/895 2016/1538/895
f 2017/1539/895 2014/1536/895 2018/1540/895
f 2018/1540/895 2014/1536/895 2019/1541/895
f 2019/1541/895 2014/1536/895 2020/1542/895
f 2021/1543/943 2022/1544/944 2023/1545/943
f 2022/1544/944 2021/1543/943 2024/1546/944
f 2024/1546/944 2025/1547/945 2022/1544/944
f 2025/1547/945 2024/1546/944 2026/1548/945
f 2028/1549/946 2029/1550/947 2027/1551/946
f 2029/1550/947 2028/1549/946 2030/1552/947
f 2030/1552/947 2031/1553/948 2029/1550/947
f 2031/1553/948 2030/1552/947 2032/1554/948
f 2032/1554/948 2033/1555/949 2031/1553/948
f 2033/1555/949 2032/1554/948 2034/1556/949
f 2034/1556/949 2035/1531/950 2033/1555/949
f 2035/1531/950 2034/1556/949 2036/1529/950
f 2037/1557/909 2038/1558/909 2039/1559/909
f 2040/1560/909 2038/1558/909 2037/1557/909
f 2038/1558/909 2040/1560/909 2041/1561/909
f 2038/1558/909 2041/1561/909 2042/1562/909
f 2038/1558/909 2042/1562/909 2043/1563/909
f 2039/1559/909 2038/1558/909 2044/1564/909
f 2039/1559/909 2044/1564/909 2045/1565/909
f 2046/1566/951 2047/1567/951 2048/1568/951
f 2047/1567/951 2046/1566/951 2049/1569/951
f 2052/1566/952 2051/1570/953 2050/1571/953
f 2051/1570/953 2052/1566/952 2053/1568/952
f 2054/1572/954 2055/1573/955 2056/1574/954
f 2057/1575/955 2056/1574/954 2055/1573/955
f 2057/1575/955 2055/1573/955 2058/1576/956
f 2059/1577/956 2057/1575/955 2058/1576/956
f 2060/1578/957 2054/1572/954 2056/1574/954
f 2054/1572/954 2060/1578/957 2061/1579/957
f 2062/1580/895 2063/1581/895 2064/1582/958
f 2062/1580/895 2064/1582/958 2065/1583/959
f 2066/1584/895 2063/1581/895 2062/1580/895
f 2065/1583/959 2067/1585/895 2062/1580/895
f 2068/1586/895 2067/1585/895 2065/1583/959
f 2067/1585/895 2068/1586/895 2069/1587/895
f 2063/1581/895 2066/1584/895 2070/1588/895
f 2070/1588/895 2066/1584/895 2071/1589/895
f 2071/1589/895 2066/1584/895 2072/1590/895
f 2073/1591/960 2074/1592/961 2075/1593/960
f 2074/1592/961 2073/1591/960 2076/1594/961
f 2076/1594/961 2077/1595/962 2074/1592/961
f 2077/1595/962 2076/1594/961 2078/1596/962
f 2078/1596/962 2079/1597/963 2077/1595/962
f 2079/1597/963 2078/1596/962 2080/1598/963
f 2080/1598/963 2081/1599/964 2079/1597/963
f 2081/1599/964 2080/1598/963 2082/1600/964
f 2084/1601/965 2085/1602/966 2083/1603/965
f 2085/1602/966 2084/1601/965 2086/1604/967
f 2086/1604/967 2087/1605/968 2085/1602/966
f 2087/1605/968 2086/1604/967 2088/1606/969
f 2089/1607/909 2090/1608/909 2091/1609/909
f 2091/1609/909 2090/1608/909 2092/1610/909
f 2090/1608/909 2089/1607/909 2093/1611/909
f 2094/1612/909 2093/1611/909 2089/1607/909
f 2093/1611/909 2094/1612/909 2095/1613/909
f 2095/1613/909 2096/1614/909 2093/1611/909
f 2096/1614/909 2095/1613/909 2097/1615/909
f 2096/1614/909 2097/1615/909 2098/1616/909
f 2098/1616/909 2099/1617/909 2096/1614/909
f 2100/1618/970 2101/1619/971 2102/1620/970
f 2101/1619/971 2100/1618/970 2103/1621/971
f 2103/1621/971 2104/1622/972 2101/1619/971
f 2104/1622/972 2103/1621/971 2105/1623/972
f 2106/1624/973 2107/1625/973 2108/1626/974
f 2107/1625/973 2106/1624/973 2109/1627/975
f 2110/1628/976 2111/1629/977 2112/1630/976
f 2113/1631/978 2112/1630/976 2111/1629/977
f 2114/1626/979 2115/1628/977 2116/1630/977
f 2115/1628/977 2114/1626/979 2117/1625/980
f 2118/1632/895 2119/1633/895 2120/1634/895
f 2120/1634/895 2119/1633/895 2121/1635/895
f 2122/1636/895 2120/1634/895 2121/1635/895
f 2119/1633/895 2118/1632/895 2123/1637/895
f 2118/1632/895 2124/1638/895 2123/1637/895
f 2124/1638/895 2118/1632/895 2125/1639/895
f 2125/1639/895 2118/1632/895 2126/1640/895
f 2127/1627/981 2128/1641/982 2129/1624/981
f 2128/1641/982 2127/1627/981 2130/1642/983
f 2130/1642/983 2131/1643/984 2128/1641/982
f 2131/1643/984 2130/1642/983 2132/1644/984
f 2133/1644/985 2134/1645/986 2135/1643/987
f 2134/1645/986 2133/1644/985 2136/1646/986
f 2136/1646/986 2137/1647/988 2134/1645/986
f 2137/1647/988 2136/1646/986 2138/1648/988
f 2139/1649/909 2140/1650/909 2141/1651/909
f 2139/1649/909 2141/1651/909 2142/1652/909
f 2139/1649/909 2142/1652/909 2143/1653/909
f 2143/1653/909 2144/1654/909 2139/1649/909
f 2140/1650/909 2139/1649/909 2145/1655/909
f 2140/1650/909 2145/1655/909 2146/1656/909
f 2146/1656/909 2145/1655/909 2147/1657/909
o archcbwings2
v 0.891332 -0.139991 -0.016215
v 0.736224 -0.214117 -0.272896
v 0.830289 -0.139991 -0.321349
v 0.791809 -0.214117 -0.052431
v 0.673477 -0.214117 -0.386850
v 0.752855 -0.139991 -0.457145
v 0.558276 -0.139991 -0.620633
v 0.509322 -0.205811 -0.540221
v 0.326203 -0.139991 -0.729793
v 0.304700 -0.205811 -0.638201
v 0.263669 -0.139991 -0.756421
v 0.188397 -0.205811 -0.699972
v 0.047039 -0.173008 -0.910857
v 0.084491 -0.139991 -0.939613
v -0.021652 -0.139991 -1.104694
v 0.736224 -0.214117 -0.272896
v 0.791809 -0.214117 -0.052431
v 0.642154 -0.139991 -0.223898
v 0.692280 -0.139991 -0.088638
v 0.594099 -0.139991 -0.317091
v 0.673477 -0.214117 -0.386850
v 0.509322 -0.205811 -0.540221
v 0.460367 -0.139991 -0.460338
v 0.460367 -0.139991 -0.460338
v 0.304700 -0.205811 -0.638201
v 0.283197 -0.139991 -0.546608
v 0.188397 -0.205811 -0.699972
v 0.113125 -0.139991 -0.643531
v 0.009581 -0.139991 -0.882100
v 0.047039 -0.173008 -0.910857
v -0.021652 -0.139991 -1.104694
v 0.891332 -0.139991 -0.016215
v 0.736219 -0.065863 -0.272896
v 0.791804 -0.065863 -0.052431
v 0.830289 -0.139991 -0.321349
v 0.673477 -0.065863 -0.386850
v 0.752855 -0.139991 -0.457145
v 0.558276 -0.139991 -0.620633
v 0.509322 -0.074171 -0.540221
v 0.326203 -0.139991 -0.729793
v 0.304700 -0.074171 -0.638201
v 0.263669 -0.139991 -0.756421
v 0.188397 -0.074171 -0.699972
v 0.047033 -0.107027 -0.910857
v 0.084491 -0.139991 -0.939613
v -0.021652 -0.139991 -1.104694
v 0.736219 -0.065863 -0.272896
v 0.594099 -0.139991 -0.317091
v 0.642154 -0.139991 -0.223898
v 0.791804 -0.065863 -0.052431
v 0.692280 -0.139991 -0.088638
v 0.673477 -0.065863 -0.386850
v 0.509322 -0.074171 -0.540221
v 0.460367 -0.139991 -0.460338
v 0.304700 -0.074171 -0.638201
v 0.460367 -0.139991 -0.460338
v 0.283197 -0.139991 -0.546608
v 0.188397 -0.074171 -0.699972
v 0.113125 -0.139991 -0.643531
v 0.009581 -0.139991 -0.882100
v 0.047033 -0.107027 -0.910857
v -0.021652 -0.139991 -1.104694
v 0.493596 -0.115921 -0.549273
v 0.639646 -0.164061 -0.424130
v 0.639646 -0.115921 -0.424130
v 0.493596 -0.164061 -0.549273
v 0.597119 -0.115921 -0.933219
v 0.716633 -0.115921 -1.383201
v 0.597119 -0.164061 -0.933219
v 0.716633 -0.164114 -1.383201
v 0.493596 -0.164061 -0.549273
v 0.493596 -0.115921 -0.549273
v 0.857751 -0.164061 -0.820857
v 0.763974 -0.164061 -0.575365
v 0.597119 -0.164061 -0.933219
v 0.887056 -0.164061 -0.943871
v 0.877151 -0.164061 -1.013102
v 0.818946 -0.164061 -1.170723
v 0.716633 -0.164114 -1.383201
v 0.493596 -0.164061 -0.549273
v 0.639646 -0.164061 -0.424130
v 0.716633 -0.115921 -1.383201
v 0.818946 -0.164061 -1.170723
v 0.716633 -0.164114 -1.383201
v 0.818941 -0.115921 -1.170723
v 0.818946 -0.164061 -1.170723
v 0.818941 -0.115921 -1.170723
v 0.877151 -0.164061 -1.013102
v 0.877146 -0.115921 -1.013102
v 0.887056 -0.164061 -0.943871
v 0.887056 -0.115921 -0.943871
v 0.857751 -0.164061 -0.820857
v 0.857751 -0.115921 -0.820857
v 0.857751 -0.115921 -0.820857
v 0.763974 -0.164061 -0.575365
v 0.763974 -0.115921 -0.575365
v 0.639646 -0.164061 -0.424130
v 0.639646 -0.115921 -0.424130
v 0.597119 -0.115921 -0.933219
v 0.763974 -0.115921 -0.575365
v 0.857751 -0.115921 -0.820857
v 0.887056 -0.115921 -0.943871
v 0.877146 -0.115921 -1.013102
v 0.818941 -0.115921 -1.170723
v 0.716633 -0.115921 -1.383201
v 0.493596 -0.115921 -0.549273
v 0.639646 -0.115921 -0.424130
v 1.051813 -0.157457 -0.147216
v 1.051813 -0.122523 -0.147216
v 0.990940 -0.157457 -0.140830
v 0.990940 -0.122523 -0.140830
v 0.864147 -0.157457 -0.144551
v 0.864147 -0.122523 -0.144551
v 0.775322 -0.122523 -0.177037
v 0.775322 -0.157457 -0.177037
v 0.775322 -0.122523 -0.177037
v 0.809148 -0.157457 -0.263836
v 0.775322 -0.157457 -0.177037
v 0.809148 -0.122523 -0.263836
v 0.990940 -0.157457 -0.140830
v 0.864147 -0.157457 -0.144551
v 0.809148 -0.157457 -0.263836
v 0.775322 -0.157457 -0.177037
v 1.000760 -0.157457 -0.277682
v 1.051813 -0.157457 -0.147216
v 1.081698 -0.157457 -0.162663
v 1.144301 -0.157457 -0.214318
v 1.224877 -0.157457 -0.295257
v 0.809148 -0.157457 -0.263836
v 0.809148 -0.122523 -0.263836
v 1.000760 -0.122523 -0.277682
v 1.000760 -0.157457 -0.277682
v 1.000760 -0.122523 -0.277682
v 1.224877 -0.122523 -0.295257
v 1.000760 -0.157457 -0.277682
v 1.224877 -0.157457 -0.295257
v 1.224877 -0.122523 -0.295257
v 1.144301 -0.157457 -0.214318
v 1.224877 -0.157457 -0.295257
v 1.144301 -0.122523 -0.214318
v 1.081698 -0.157457 -0.162663
v 1.081698 -0.122523 -0.162663
v 1.051813 -0.157457 -0.147216
v 1.051813 -0.122523 -0.147216
v 0.990940 -0.122523 -0.140830
v 1.000760 -0.122523 -0.277682
v 0.809148 -0.122523 -0.263836
v 0.864147 -0.122523 -0.144551
v 0.775322 -0.122523 -0.177037
v 1.051813 -0.122523 -0.147216
v 1.081698 -0.122523 -0.162663
v 1.144301 -0.122523 -0.214318
v 1.224877 -0.122523 -0.295257
v 0.719561 -0.160866 -0.349041
v 0.663050 -0.119116 -0.474721
v 0.663050 -0.160866 -0.474721
v 0.719561 -0.119116 -0.349041
v 0.847692 -0.119116 -0.692520
v 1.062804 -0.119116 -0.948129
v 0.847692 -0.160866 -0.692520
v 1.062804 -0.160866 -0.948129
v 0.663050 -0.160866 -0.474721
v 0.663050 -0.119116 -0.474721
v 0.847692 -0.160866 -0.692520
v 0.982441 -0.160866 -0.539685
v 0.663050 -0.160866 -0.474721
v 0.846557 -0.160866 -0.409220
v 0.719561 -0.160866 -0.349041
v 1.039155 -0.160866 -0.610508
v 1.053826 -0.160866 -0.658442
v 1.064247 -0.160866 -0.778791
v 1.062804 -0.160866 -0.948129
v 1.062804 -0.119116 -0.948129
v 1.064247 -0.160866 -0.778791
v 1.062804 -0.160866 -0.948129
v 1.064247 -0.119116 -0.778791
v 1.053826 -0.160866 -0.658442
v 1.053826 -0.119116 -0.658442
v 1.039155 -0.119116 -0.610508
v 1.039155 -0.160866 -0.610508
v 0.982441 -0.119116 -0.539685
v 0.982441 -0.160866 -0.539685
v 0.982441 -0.119116 -0.539685
v 0.846557 -0.160866 -0.409220
v 0.982441 -0.160866 -0.539685
v 0.846557 -0.119116 -0.409220
v 0.719561 -0.160866 -0.349041
v 0.719561 -0.119116 -0.349041
v 1.053826 -0.119116 -0.658442
v 1.064247 -0.119116 -0.778791
v 0.847692 -0.119116 -0.692520
v 1.062804 -0.119116 -0.948129
v 1.039155 -0.119116 -0.610508
v 0.982441 -0.119116 -0.539685
v 0.663050 -0.119116 -0.474721
v 0.846557 -0.119116 -0.409220
v 0.719561 -0.119116 -0.349041
v 0.376718 -0.112299 -0.659506
v 0.510493 -0.167681 -0.584417
v 0.510493 -0.112299 -0.584417
v 0.376718 -0.167681 -0.659506
v 0.335570 -0.112299 -1.244212
v 0.320670 -0.112299 -1.709104
v 0.335570 -0.167681 -1.244212
v 0.320670 -0.167681 -1.709104
v 0.376718 -0.167681 -0.659506
v 0.376718 -0.112299 -0.659506
v 0.598333 -0.167681 -0.949194
v 0.376718 -0.167681 -0.659506
v 0.335570 -0.167681 -1.244212
v 0.510493 -0.167681 -0.584417
v 0.617594 -0.167681 -1.211197
v 0.610208 -0.167681 -1.337405
v 0.580871 -0.167681 -1.400777
v 0.479777 -0.167681 -1.534972
v 0.320670 -0.167681 -1.709104
v 0.320670 -0.112299 -1.709104
v 0.479777 -0.167681 -1.534972
v 0.320670 -0.167681 -1.709104
v 0.479777 -0.112299 -1.534972
v 0.580871 -0.167681 -1.400777
v 0.580866 -0.112299 -1.400777
v 0.580871 -0.167681 -1.400777
v 0.580866 -0.112299 -1.400777
v 0.610208 -0.167681 -1.337405
v 0.610203 -0.112299 -1.337405
v 0.617594 -0.167681 -1.211197
v 0.617589 -0.112299 -1.211197
v 0.598333 -0.167681 -0.949194
v 0.598333 -0.112299 -0.949194
v 0.510493 -0.167681 -0.584417
v 0.510493 -0.112299 -0.584417
v 0.617589 -0.112299 -1.211197
v 0.335570 -0.112299 -1.244212
v 0.598333 -0.112299 -0.949194
v 0.610203 -0.112299 -1.337405
v 0.580866 -0.112299 -1.400777
v 0.479777 -0.112299 -1.534972
v 0.320670 -0.112299 -1.709104
v 0.376718 -0.112299 -0.659506
v 0.510493 -0.112299 -0.584417
v 0.217339 -0.174285 -0.665893
v 0.382762 -0.105697 -0.654712
v 0.217339 -0.105697 -0.665893
v 0.382762 -0.174285 -0.654712
v 0.095163 -0.174285 -0.805947
v 0.095163 -0.105697 -0.805947
v 0.217339 -0.174285 -0.665893
v 0.217339 -0.105697 -0.665893
v -0.089862 -0.105697 -1.362432
v -0.204456 -0.105750 -1.648934
v -0.089862 -0.174285 -1.362432
v -0.204456 -0.174285 -1.648934
v -0.311551 -0.105750 -1.884838
v -0.311551 -0.174285 -1.884838
v 0.095163 -0.174285 -0.805947
v 0.095163 -0.105697 -0.805947
v -0.089862 -0.174285 -1.362432
v 0.152457 -0.174285 -1.534435
v 0.282398 -0.174285 -1.299596
v 0.330575 -0.174285 -1.066885
v -0.204456 -0.174285 -1.648934
v 0.095163 -0.174285 -0.805947
v 0.382762 -0.174285 -0.654712
v 0.217339 -0.174285 -0.665893
v 0.060954 -0.174285 -1.627629
v -0.104629 -0.174285 -1.758630
v -0.311551 -0.174285 -1.884838
v -0.311551 -0.105750 -1.884838
v -0.104629 -0.174285 -1.758630
v -0.311551 -0.174285 -1.884838
v -0.104634 -0.105750 -1.758630
v 0.060954 -0.174285 -1.627629
v 0.060954 -0.105697 -1.627629
v 0.152457 -0.174285 -1.534435
v 0.152457 -0.105697 -1.534435
v 0.282398 -0.174285 -1.299596
v 0.282398 -0.105697 -1.299596
v 0.282398 -0.174285 -1.299596
v 0.282398 -0.105697 -1.299596
v 0.330575 -0.174285 -1.066885
v 0.330575 -0.105697 -1.066885
v 0.382762 -0.174285 -0.654712
v 0.382762 -0.105697 -0.654712
v 0.330575 -0.105697 -1.066885
v 0.095163 -0.105697 -0.805947
v 0.382762 -0.105697 -0.654712
v 0.217339 -0.105697 -0.665893
v -0.089862 -0.105697 -1.362432
v 0.282398 -0.105697 -1.299596
v 0.152457 -0.105697 -1.534435
v -0.204456 -0.105750 -1.648934
v 0.060954 -0.105697 -1.627629
v -0.104634 -0.105750 -1.758630
v -0.311551 -0.105750 -1.884838
v 1.011895 -0.121619 -0.308039
v 0.861905 -0.158363 -0.251590
v 1.011895 -0.158363 -0.308039
v 0.861905 -0.121619 -0.251590
v 0.742508 -0.158363 -0.247332
v 0.742508 -0.121672 -0.247332
v 0.742508 -0.158363 -0.247332
v 0.740756 -0.121672 -0.364488
v 0.740756 -0.158363 -0.364488
v 0.742508 -0.121672 -0.247332
v 0.958105 -0.121672 -0.472592
v 1.211942 -0.121672 -0.599327
v 0.958105 -0.158363 -0.472592
v 1.211942 -0.158363 -0.599327
v 0.740756 -0.158363 -0.364488
v 0.958105 -0.121672 -0.472592
v 0.958105 -0.158363 -0.472592
v 0.740756 -0.121672 -0.364488
v 0.958105 -0.158363 -0.472592
v 1.011895 -0.158363 -0.308039
v 0.740756 -0.158363 -0.364488
v 0.861905 -0.158363 -0.251590
v 0.742508 -0.158363 -0.247332
v 1.080069 -0.158363 -0.344247
v 1.107605 -0.158363 -0.376733
v 1.156150 -0.158363 -0.466733
v 1.211942 -0.158363 -0.599327
v 1.211942 -0.121672 -0.599327
v 1.156150 -0.158363 -0.466733
v 1.211942 -0.158363 -0.599327
v 1.156150 -0.121619 -0.466733
v 1.107605 -0.158363 -0.376733
v 1.107605 -0.121619 -0.376733
v 1.107605 -0.121619 -0.376733
v 1.080069 -0.158363 -0.344247
v 1.107605 -0.158363 -0.376733
v 1.080069 -0.121619 -0.344247
v 1.011895 -0.158363 -0.308039
v 1.011895 -0.121619 -0.308039
v 0.958105 -0.121672 -0.472592
v 1.011895 -0.121619 -0.308039
v 1.080069 -0.121619 -0.344247
v 1.107605 -0.121619 -0.376733
v 1.156150 -0.121619 -0.466733
v 1.211942 -0.121672 -0.599327
v 0.740756 -0.121672 -0.364488
v 0.861905 -0.121619 -0.251590
v 0.742508 -0.121672 -0.247332
vn 0.5996 -0.7890 -0.1341
vn 0.5601 -0.8046 -0.1972
vn 0.5364 -0.8124 -0.2287
vn 0.5996 -0.7889 -0.1341
vn 0.4494 -0.8199 -0.3548
vn 0.4187 -0.8215 -0.3871
vn 0.2995 -0.8195 -0.4886
vn 0.3149 -0.8187 -0.4802
vn 0.2599 -0.8035 -0.5356
vn 0.2520 -0.8112 -0.5277
vn 0.3393 -0.8128 -0.4735
vn 0.3145 -0.8098 -0.4953
vn 0.4329 -0.8185 -0.3778
vn 0.4556 -0.8170 -0.3535
vn 0.4814 -0.8207 -0.3078
vn -0.5444 -0.8048 0.2367
vn -0.5909 -0.7879 0.1734
vn -0.5573 -0.8007 0.2198
vn -0.4717 -0.8176 0.3302
vn -0.4556 -0.8170 0.3535
vn -0.3232 -0.8197 0.4729
vn -0.3466 -0.8192 0.4569
vn -0.2751 -0.8095 0.5187
vn -0.3231 -0.8197 0.4729
vn -0.2678 -0.8112 0.5198
vn -0.4030 -0.8217 0.4030
vn -0.3778 -0.8185 0.4329
vn -0.5663 -0.8023 0.1888
vn -0.5837 -0.7965 0.1577
vn -0.6213 -0.7787 0.0865
vn 0.5996 0.7890 -0.1341
vn 0.5601 0.8046 -0.1972
vn 0.5364 0.8124 -0.2287
vn 0.4493 0.8199 -0.3548
vn 0.4187 0.8214 -0.3872
vn 0.2995 0.8195 -0.4886
vn 0.3149 0.8187 -0.4802
vn 0.2599 0.8035 -0.5356
vn 0.2521 0.8112 -0.5277
vn 0.3393 0.8128 -0.4735
vn 0.3145 0.8098 -0.4953
vn 0.4329 0.8185 -0.3778
vn 0.4556 0.8170 -0.3535
vn 0.4814 0.8207 -0.3078
vn -0.5444 0.8048 0.2367
vn -0.4717 0.8176 0.3302
vn -0.5573 0.8007 0.2198
vn -0.5909 0.7879 0.1733
vn -0.4556 0.8170 0.3535
vn -0.3232 0.8197 0.4729
vn -0.3466 0.8192 0.4569
vn -0.2750 0.8095 0.5187
vn -0.3231 0.8197 0.4729
vn -0.2678 0.8112 0.5198
vn -0.4029 0.8217 0.4030
vn -0.3778 0.8185 0.4328
vn -0.5663 0.8023 0.1888
vn -0.5836 0.7966 0.1577
vn -0.6214 0.7787 0.0865
vn -0.6540 -0.0000 0.7565
vn -0.9659 -0.0000 -0.2591
vn -0.9658 -0.0000 -0.2591
vn -0.9658 -0.0000 -0.2592
vn -0.0000 -1.0000 -0.0000
vn 0.0001 -1.0000 0.0001
vn 0.0002 -1.0000 0.0002
vn 0.9007 -0.0000 -0.4345
vn 0.9195 -0.0000 -0.3930
vn 0.9196 -0.0000 -0.3930
vn 0.9678 -0.0000 -0.2518
vn 0.9196 -0.0000 -0.3929
vn 0.9992 -0.0000 0.0394
vn 0.9563 -0.0000 0.2924
vn 0.8646 -0.0000 0.5025
vn 0.8644 -0.0000 0.5028
vn 0.7708 -0.0000 0.6370
vn 0.7708 -0.0000 0.6371
vn -0.0000 1.0000 -0.0000
vn 0.2684 -0.0001 0.9633
vn 0.0315 -0.0000 0.9995
vn 0.2684 -0.0000 0.9633
vn -0.1976 -0.0000 0.9803
vn -0.3468 -0.0000 0.9379
vn -0.9317 -0.0000 -0.3631
vn -0.0707 -0.0000 -0.9975
vn -0.0782 -0.0000 -0.9969
vn 0.7071 -0.0000 0.7071
vn 0.6707 -0.0000 0.7417
vn 0.5508 -0.0000 0.8346
vn 0.5512 -0.0000 0.8344
vn 0.2685 -0.0000 0.9633
vn -0.9125 -0.0000 0.4091
vn -0.7639 -0.0000 -0.6453
vn -0.7637 -0.0000 -0.6456
vn -0.7636 -0.0000 -0.6457
vn 1.0000 -0.0000 -0.0079
vn 0.9992 -0.0000 0.0393
vn 0.9992 -0.0000 0.0389
vn 0.9821 -0.0000 0.1885
vn 0.9821 -0.0000 0.1886
vn 0.8815 -0.0000 0.4722
vn 0.7378 -0.0000 0.6750
vn 0.5602 -0.0000 0.8284
vn 0.4250 -0.0000 0.9052
vn 0.4251 -0.0000 0.9052
vn -0.4877 -0.0000 0.8730
vn -0.4876 -0.0000 0.8731
vn -0.9989 -0.0000 0.0472
vn -0.9995 -0.0000 0.0314
vn -0.9989 -0.0000 0.0473
vn -0.9995 -0.0000 0.0315
vn -0.9975 -0.0000 0.0705
vn 0.7379 -0.0000 -0.6750
vn 0.7708 -0.0000 -0.6371
vn 0.7378 -0.0000 -0.6750
vn 0.8533 -0.0000 -0.5215
vn 0.8533 -0.0000 -0.5214
vn 0.9658 0.0001 -0.2591
vn 0.9658 -0.0000 -0.2591
vn 1.0000 -0.0000 0.0078
vn 1.0000 -0.0000 0.0079
vn 0.9886 -0.0000 0.1503
vn 0.9715 -0.0000 0.2369
vn 0.9715 -0.0000 0.2370
vn -0.0629 -0.0000 0.9980
vn -0.7565 -0.0000 0.6540
vn -0.8554 -0.0000 0.5180
vn -0.9379 -0.0000 0.3468
vn -0.9196 -0.0000 0.3928
vn -0.9196 -0.0000 0.3929
vn -0.9095 -0.0000 0.4156
vn -0.9096 -0.0000 0.4156
vn -0.8554 -0.0000 0.5179
vn -0.8554 -0.0001 0.5179
vn 0.5214 -0.0000 -0.8533
vn 0.5692 -0.0000 -0.8222
vn 0.5693 -0.0000 -0.8222
vn 0.6668 -0.0000 -0.7452
vn 0.7953 -0.0000 -0.6063
vn 0.9327 -0.0000 -0.3606
vn 0.9328 -0.0000 -0.3605
vn 0.9862 -0.0000 -0.1656
vn 0.9920 -0.0000 -0.1259
vn 0.9920 -0.0000 -0.1261
vn -0.0000 1.0000 -0.0001
vn -0.0001 1.0000 -0.0000
vn -0.0001 1.0000 -0.0001
vn 0.0001 1.0000 -0.0000
vn 0.4090 -0.0000 0.9125
vn 0.1810 -0.0000 0.9835
vn 0.4091 -0.0000 0.9125
vn 0.0393 -0.0000 0.9992
vn -0.9999 -0.0000 0.0159
vn -0.9999 -0.0000 0.0157
vn -0.4470 -0.0000 -0.8945
vn -0.4471 -0.0000 -0.8945
vn -0.4409 -0.0000 -0.8976
vn -0.4472 -0.0000 -0.8944
vn 0.9224 -0.0000 0.3863
vn 0.9020 -0.0000 0.4318
vn 0.8247 -0.0000 0.5655
vn 0.8247 -0.0000 0.5656
vn 0.6150 -0.0000 0.7885
vn -0.0001 1.0000 -0.0003
vn -0.0002 1.0000 -0.0002
vn -0.0003 1.0000 -0.0002
vt 1.448880 1.604360
vt 1.404770 1.659160
vt 1.386480 1.642320
vt 1.448880 1.629220
vt 1.384570 1.682190
vt 1.362730 1.670310
vt 1.342280 1.726350
vt 1.363930 1.730710
vt 1.336840 1.786300
vt 1.358770 1.783700
vt 1.336030 1.802220
vt 1.354510 1.814300
vt 1.319350 1.862410
vt 1.310020 1.856440
vt 1.282050 1.893140
vt 1.423060 1.676000
vt 1.448880 1.654090
vt 1.406410 1.694070
vt 1.385570 1.735060
vt 1.380690 1.781090
vt 1.372990 1.826370
vt 1.328670 1.868370
vt 1.282050 1.604360
vt 1.326160 1.659160
vt 1.282050 1.629220
vt 1.344450 1.642320
vt 1.346360 1.682190
vt 1.368200 1.670310
vt 1.388650 1.726350
vt 1.367000 1.730710
vt 1.394090 1.786300
vt 1.372160 1.783700
vt 1.394900 1.802220
vt 1.376420 1.814300
vt 1.411580 1.862410
vt 1.420910 1.856440
vt 1.448880 1.893140
vt 1.324520 1.694070
vt 1.307870 1.676000
vt 1.282050 1.654090
vt 1.345360 1.735060
vt 1.350240 1.781090
vt 1.357940 1.826370
vt 1.402260 1.868370
vt -0.694023 1.976910
vt -0.705332 1.934640
vt -0.694023 1.934640
vt -0.705332 1.976910
vt -0.699615 1.950850
vt -0.590827 1.950850
vt -0.699615 1.962160
vt -0.590827 1.962160
vt -0.792629 1.962160
vt -0.792629 1.950850
vt -0.695816 1.918370
vt -0.634189 1.919370
vt -0.699740 1.984900
vt -0.725354 1.921800
vt -0.739778 1.929530
vt -0.769877 1.955020
vt -0.808528 1.994640
vt -0.606726 1.976910
vt -0.590827 1.934640
vt -0.705332 1.994640
vt -0.694023 1.955020
vt -0.694023 1.994640
vt -0.705332 1.955020
vt -0.769877 1.950850
vt -0.739778 1.962160
vt -0.769877 1.962160
vt -0.739778 1.950850
vt -0.725354 1.962160
vt -0.725354 1.950850
vt -0.695816 1.962160
vt -0.695816 1.950850
vt -0.634189 1.962160
vt -0.634189 1.950850
vt -0.699615 1.984900
vt -0.765166 1.919370
vt -0.703539 1.918370
vt -0.674001 1.921800
vt -0.659577 1.929530
vt -0.629478 1.955020
vt -0.590827 1.994640
vt -0.792629 1.976910
vt -0.808528 1.934640
vt -0.053552 1.553460
vt -0.061751 1.566380
vt -0.061751 1.553460
vt -0.053552 1.566380
vt -0.061751 1.594640
vt -0.053552 1.594640
vt -0.053552 1.616850
vt -0.061751 1.616850
vt -0.088658 1.567890
vt -0.066848 1.576090
vt -0.088658 1.576090
vt -0.066848 1.567890
vt -0.035963 1.566380
vt -0.026592 1.594640
vt -0.048455 1.616340
vt -0.026645 1.616850
vt -0.066928 1.575190
vt -0.042235 1.553460
vt -0.048057 1.548110
vt -0.064481 1.538450
vt -0.088711 1.527140
vt -0.053552 1.616340
vt -0.061751 1.616340
vt -0.061751 1.575190
vt -0.053552 1.575190
vt -0.061751 1.527140
vt -0.053552 1.527140
vt -0.088711 1.567890
vt -0.064481 1.576090
vt -0.088711 1.576090
vt -0.064481 1.567890
vt -0.048057 1.576090
vt -0.048057 1.567890
vt -0.042235 1.576090
vt -0.042235 1.567890
vt -0.079341 1.566380
vt -0.048376 1.575190
vt -0.066848 1.616340
vt -0.088711 1.594640
vt -0.088658 1.616850
vt -0.073068 1.553460
vt -0.067246 1.548110
vt -0.050823 1.538450
vt -0.026592 1.527140
vt -0.503173 0.434928
vt -0.479925 0.425130
vt -0.479925 0.434928
vt -0.503173 0.425130
vt -0.417096 0.425130
vt -0.343494 0.425130
vt -0.417096 0.434928
vt -0.343494 0.434928
vt -0.429571 0.442801
vt -0.406676 0.400809
vt -0.366742 0.466057
vt -0.366972 0.420301
vt -0.343494 0.443479
vt -0.426901 0.394002
vt -0.438627 0.394605
vt -0.465963 0.401951
vt -0.503173 0.415854
vt -0.465963 0.434928
vt -0.465963 0.425130
vt -0.438627 0.434928
vt -0.438627 0.425130
vt -0.426901 0.425130
vt -0.426901 0.434928
vt -0.406676 0.425130
vt -0.406676 0.434928
vt -0.366972 0.434928
vt -0.366972 0.425130
vt -0.408040 0.394605
vt -0.380703 0.401951
vt -0.417096 0.442801
vt -0.343494 0.415854
vt -0.419766 0.394002
vt -0.439990 0.400809
vt -0.479925 0.466057
vt -0.479694 0.420301
vt -0.503173 0.443479
vt 1.509870 1.377040
vt 1.496870 1.341510
vt 1.509870 1.341510
vt 1.496870 1.377040
vt 1.518420 1.401090
vt 1.619810 1.401090
vt 1.518420 1.414090
vt 1.619810 1.414090
vt 1.392760 1.414090
vt 1.392760 1.401090
vt 1.532250 1.351430
vt 1.613980 1.377040
vt 1.488320 1.433060
vt 1.619810 1.341510
vt 1.472940 1.368210
vt 1.445640 1.379990
vt 1.434040 1.391540
vt 1.412550 1.424610
vt 1.386930 1.473680
vt 1.496870 1.473680
vt 1.509870 1.424610
vt 1.509870 1.473680
vt 1.496870 1.424610
vt 1.509870 1.391540
vt 1.496870 1.391540
vt 1.434040 1.401090
vt 1.445640 1.414090
vt 1.434040 1.414090
vt 1.445640 1.401090
vt 1.472940 1.414090
vt 1.472940 1.401090
vt 1.532250 1.414090
vt 1.532250 1.401090
vt 1.533800 1.368210
vt 1.518420 1.433060
vt 1.474500 1.351430
vt 1.561110 1.379990
vt 1.572700 1.391540
vt 1.594190 1.424610
vt 1.619810 1.473680
vt 1.392760 1.377040
vt 1.386930 1.341510
vt 1.898800 -0.265478
vt 1.914890 -0.302848
vt 1.914890 -0.265478
vt 1.898800 -0.302848
vt 1.914890 -0.227289
vt 1.898800 -0.227289
vt 1.922600 -0.184952
vt 1.976690 -0.184952
vt 1.922600 -0.168860
vt 1.976690 -0.168860
vt 2.020050 -0.184952
vt 2.020050 -0.168860
vt 1.814720 -0.168860
vt 1.814720 -0.184952
vt 1.891100 -0.141807
vt 1.833700 -0.181448
vt 1.874990 -0.228935
vt 1.922480 -0.258252
vt 1.837000 -0.093494
vt 1.998980 -0.227289
vt 2.009190 -0.302848
vt 2.020050 -0.265478
vt 1.820490 -0.153782
vt 1.804800 -0.106708
vt 1.793650 -0.050963
vt 1.898800 -0.050963
vt 1.914890 -0.106708
vt 1.914890 -0.050963
vt 1.898800 -0.106708
vt 1.914890 -0.153782
vt 1.898800 -0.153782
vt 1.914890 -0.181448
vt 1.898800 -0.181448
vt 1.914890 -0.228935
vt 1.898800 -0.228935
vt 1.874990 -0.184952
vt 1.922480 -0.168860
vt 1.874990 -0.168860
vt 1.922480 -0.184952
vt 2.009190 -0.168860
vt 2.009190 -0.184952
vt 1.891220 -0.258252
vt 1.814720 -0.227289
vt 1.804500 -0.302848
vt 1.793650 -0.265478
vt 1.922600 -0.141807
vt 1.938700 -0.228935
vt 1.980000 -0.181448
vt 1.976690 -0.093494
vt 1.993210 -0.153782
vt 2.008900 -0.106708
vt 2.020050 -0.050963
vt -0.454913 0.484829
vt -0.463527 0.513401
vt -0.463527 0.484829
vt -0.454913 0.513401
vt -0.463527 0.539392
vt -0.454913 0.539392
vt -0.516902 0.510965
vt -0.491159 0.502351
vt -0.491159 0.510965
vt -0.516902 0.502351
vt -0.449933 0.502351
vt -0.401538 0.502351
vt -0.449933 0.510965
vt -0.401538 0.510965
vt -0.468507 0.509910
vt -0.436510 0.484829
vt -0.427282 0.549199
vt -0.412071 0.513401
vt -0.401538 0.539392
vt -0.450009 0.472713
vt -0.459366 0.469240
vt -0.483177 0.465779
vt -0.516902 0.464117
vt -0.483177 0.510965
vt -0.483177 0.502351
vt -0.459366 0.510965
vt -0.459366 0.502351
vt -0.450009 0.510965
vt -0.450009 0.502351
vt -0.436510 0.510965
vt -0.436510 0.502351
vt -0.449933 0.509910
vt -0.481930 0.484829
vt -0.468431 0.472713
vt -0.459074 0.469240
vt -0.435263 0.465779
vt -0.401538 0.464117
vt -0.491159 0.549199
vt -0.506369 0.513401
vt -0.516902 0.539392
s 1
usemtl Meshpart1Mtl.002
f 2148/1658/989 2149/1659/990 2150/1660/991
f 2149/1659/990 2148/1658/989 2151/1661/992
f 2150/1660/991 2149/1659/990 2152/1662/993
f 2152/1662/993 2153/1663/994 2150/1660/991
f 2152/1662/993 2154/1664/995 2153/1663/994
f 2154/1664/995 2152/1662/993 2155/1665/996
f 2155/1665/996 2156/1666/997 2154/1664/995
f 2156/1666/997 2155/1665/996 2157/1667/998
f 2157/1667/998 2158/1668/999 2156/1666/997
f 2158/1668/999 2157/1667/998 2159/1669/1000
f 2158/1668/999 2159/1669/1000 2160/1670/1001
f 2161/1671/1002 2158/1668/999 2160/1670/1001
f 2161/1671/1002 2160/1670/1001 2162/1672/1003
f 2163/1659/1004 2164/1661/1005 2165/1673/1006
f 2164/1661/1005 2166/1674/1005 2165/1673/1006
f 2163/1659/1004 2165/1673/1006 2167/1675/1007
f 2167/1675/1007 2168/1662/1008 2163/1659/1004
f 2167/1675/1007 2169/1665/1009 2168/1662/1008
f 2169/1665/1009 2167/1675/1007 2170/1676/1010
f 2171/1676/1010 2172/1667/1011 2169/1665/1012
f 2172/1667/1011 2171/1676/1010 2173/1677/1013
f 2173/1677/1013 2174/1669/1014 2172/1667/1011
f 2174/1669/1014 2173/1677/1013 2175/1678/1015
f 2174/1669/1014 2175/1678/1015 2176/1679/1016
f 2177/1670/1017 2174/1669/1014 2176/1679/1016
f 2177/1670/1017 2176/1679/1016 2178/1672/1018
f 2179/1680/1019 2180/1681/1020 2181/1682/1019
f 2180/1681/1020 2179/1680/1019 2182/1683/1021
f 2182/1683/1021 2183/1684/1022 2180/1681/1020
f 2183/1684/1022 2182/1683/1021 2184/1685/1023
f 2185/1686/1024 2183/1684/1022 2184/1685/1023
f 2185/1686/1024 2186/1687/1025 2183/1684/1022
f 2187/1688/1026 2186/1687/1025 2185/1686/1024
f 2187/1688/1026 2188/1689/1027 2186/1687/1025
f 2189/1690/1028 2188/1689/1027 2187/1688/1026
f 2189/1690/1028 2190/1691/1029 2188/1689/1027
f 2189/1690/1028 2191/1692/1030 2190/1691/1029
f 2191/1692/1030 2189/1690/1028 2192/1693/1031
f 2191/1692/1030 2192/1693/1031 2193/1694/1032
f 2194/1681/1033 2195/1695/1034 2196/1696/1035
f 2196/1696/1035 2197/1682/1036 2194/1681/1033
f 2198/1697/1036 2197/1682/1036 2196/1696/1035
f 2195/1695/1034 2194/1681/1033 2199/1684/1037
f 2200/1687/1038 2195/1695/1034 2199/1684/1037
f 2200/1687/1038 2201/1698/1039 2195/1695/1034
f 2202/1689/1040 2203/1698/1039 2200/1687/1041
f 2202/1689/1040 2204/1699/1042 2203/1698/1039
f 2205/1691/1043 2204/1699/1042 2202/1689/1040
f 2205/1691/1043 2206/1700/1044 2204/1699/1042
f 2205/1691/1043 2207/1701/1045 2206/1700/1044
f 2207/1701/1045 2205/1691/1043 2208/1692/1046
f 2207/1701/1045 2208/1692/1046 2209/1694/1047
f 2210/1702/1048 2211/1703/1048 2212/1704/1048
f 2211/1703/1048 2210/1702/1048 2213/1705/1048
f 2214/1706/1049 2215/1707/1050 2216/1708/1049
f 2217/1709/1051 2216/1708/1049 2215/1707/1050
f 2218/1710/1049 2214/1706/1049 2216/1708/1049
f 2214/1706/1049 2218/1710/1049 2219/1711/1051
f 2220/1712/1052 2221/1713/1052 2222/1714/1052
f 2222/1714/1052 2223/1715/1052 2220/1712/1052
f 2223/1715/1052 2222/1714/1052 2224/1716/1052
f 2224/1716/1052 2222/1714/1052 2225/1717/1053
f 2225/1717/1053 2222/1714/1052 2226/1718/1054
f 2221/1713/1052 2227/1719/1052 2222/1714/1052
f 2227/1719/1052 2221/1713/1052 2228/1720/1052
f 2229/1721/1055 2230/1722/1056 2231/1723/1055
f 2230/1722/1056 2229/1721/1055 2232/1724/1056
f 2234/1725/1057 2235/1726/1058 2233/1727/1059
f 2235/1726/1058 2234/1725/1057 2236/1728/1058
f 2236/1728/1058 2237/1729/1060 2235/1726/1058
f 2237/1729/1060 2236/1728/1058 2238/1730/1060
f 2238/1730/1060 2239/1731/1061 2237/1729/1060
f 2239/1731/1061 2238/1730/1060 2240/1732/1061
f 2241/1732/1061 2242/1733/1062 2239/1731/1061
f 2242/1733/1062 2241/1732/1061 2243/1734/1063
f 2243/1734/1063 2244/1709/1064 2242/1733/1062
f 2244/1709/1064 2243/1734/1063 2245/1707/1065
f 2246/1735/1066 2247/1736/1066 2248/1737/1066
f 2249/1738/1066 2246/1735/1066 2248/1737/1066
f 2246/1735/1066 2249/1738/1066 2250/1739/1066
f 2246/1735/1066 2250/1739/1066 2251/1740/1066
f 2251/1740/1066 2252/1741/1066 2246/1735/1066
f 2247/1736/1066 2246/1735/1066 2253/1742/1066
f 2247/1736/1066 2253/1742/1066 2254/1743/1066
f 2256/1744/1067 2257/1745/1068 2255/1746/1069
f 2257/1745/1068 2256/1744/1067 2258/1747/1068
f 2258/1747/1068 2259/1748/1070 2257/1745/1068
f 2259/1748/1070 2258/1747/1068 2260/1749/1070
f 2261/1750/1071 2259/1748/1070 2260/1749/1070
f 2261/1750/1071 2262/1751/1071 2259/1748/1070
f 2263/1752/1072 2264/1753/1072 2265/1754/1072
f 2264/1753/1072 2263/1752/1072 2266/1755/1072
f 2267/1756/1052 2268/1757/1052 2269/1758/1052
f 2270/1759/1052 2269/1758/1052 2268/1757/1052
f 2271/1760/1052 2267/1756/1052 2269/1758/1052
f 2267/1756/1052 2271/1760/1052 2272/1761/1052
f 2271/1760/1052 2273/1762/1052 2272/1761/1052
f 2273/1762/1052 2271/1760/1052 2274/1763/1052
f 2274/1763/1052 2271/1760/1052 2275/1764/1052
f 2276/1765/1073 2277/1766/1073 2278/1767/1073
f 2276/1765/1073 2278/1767/1073 2279/1768/1073
f 2280/1767/1073 2281/1769/1074 2282/1768/1073
f 2282/1768/1073 2281/1769/1074 2283/1770/1074
f 2284/1771/1075 2285/1772/1076 2286/1773/1075
f 2285/1772/1076 2284/1771/1075 2287/1774/1076
f 2287/1774/1076 2288/1775/1077 2285/1772/1076
f 2288/1775/1077 2287/1774/1076 2289/1776/1078
f 2289/1776/1078 2290/1777/1079 2288/1775/1077
f 2290/1777/1079 2289/1776/1078 2291/1778/1079
f 2292/1779/1066 2293/1780/1066 2294/1781/1066
f 2292/1779/1066 2294/1781/1066 2295/1782/1066
f 2295/1782/1066 2294/1781/1066 2296/1783/1066
f 2293/1780/1066 2292/1779/1066 2297/1784/1066
f 2298/1785/1066 2293/1780/1066 2297/1784/1066
f 2293/1780/1066 2298/1785/1066 2299/1786/1066
f 2293/1780/1066 2299/1786/1066 2300/1787/1066
f 2301/1788/1080 2302/1789/1080 2303/1790/1080
f 2302/1789/1080 2301/1788/1080 2304/1791/1080
f 2305/1792/1081 2306/1793/1082 2307/1794/1081
f 2308/1795/1082 2307/1794/1081 2306/1793/1082
f 2309/1790/1083 2305/1792/1081 2307/1794/1081
f 2305/1792/1081 2309/1790/1083 2310/1789/1083
f 2311/1796/1052 2312/1797/1052 2313/1798/1052
f 2313/1798/1052 2312/1797/1052 2314/1799/1052
f 2314/1799/1052 2315/1800/1052 2313/1798/1052
f 2312/1797/1052 2311/1796/1052 2316/1801/1052
f 2311/1796/1052 2317/1802/1052 2316/1801/1052
f 2317/1802/1052 2311/1796/1052 2318/1803/1052
f 2318/1803/1052 2311/1796/1052 2319/1804/1052
f 2320/1791/1084 2321/1805/1085 2322/1788/1084
f 2321/1805/1085 2320/1791/1084 2323/1806/1086
f 2323/1806/1086 2324/1807/1087 2321/1805/1085
f 2324/1807/1087 2323/1806/1086 2325/1808/1088
f 2326/1809/1089 2324/1807/1087 2325/1808/1088
f 2324/1807/1087 2326/1809/1089 2327/1810/1089
f 2328/1811/1090 2327/1810/1089 2326/1809/1089
f 2327/1810/1089 2328/1811/1090 2329/1812/1090
f 2330/1811/1090 2331/1813/1091 2332/1812/1090
f 2331/1813/1091 2330/1811/1090 2333/1814/1091
f 2333/1814/1091 2334/1795/1092 2331/1813/1091
f 2334/1795/1092 2333/1814/1091 2335/1793/1093
f 2336/1815/1066 2337/1816/1066 2338/1817/1066
f 2339/1818/1066 2338/1817/1066 2337/1816/1066
f 2338/1817/1066 2340/1819/1066 2336/1815/1066
f 2338/1817/1066 2341/1820/1066 2340/1819/1066
f 2342/1821/1066 2341/1820/1066 2338/1817/1066
f 2341/1820/1066 2342/1821/1066 2343/1822/1066
f 2343/1822/1066 2342/1821/1066 2344/1823/1066
f 2345/1824/1094 2346/1825/1094 2347/1826/1094
f 2346/1825/1094 2345/1824/1094 2348/1827/1095
f 2349/1828/1096 2350/1829/1097 2351/1830/1098
f 2352/1831/1099 2351/1830/1098 2350/1829/1097
f 2353/1832/1100 2349/1828/1096 2351/1830/1098
f 2349/1828/1096 2353/1832/1100 2354/1833/1100
f 2355/1834/1052 2356/1835/1052 2357/1836/1052
f 2356/1835/1052 2355/1834/1052 2358/1837/1052
f 2357/1836/1052 2359/1838/1052 2355/1834/1052
f 2357/1836/1052 2360/1839/1052 2359/1838/1052
f 2360/1839/1052 2357/1836/1052 2361/1840/1052
f 2361/1840/1052 2357/1836/1052 2362/1841/1052
f 2362/1841/1052 2357/1836/1052 2363/1842/1052
f 2364/1843/1101 2365/1844/1102 2366/1845/1103
f 2365/1844/1102 2364/1843/1101 2367/1846/1102
f 2367/1846/1102 2368/1847/1104 2365/1844/1102
f 2368/1847/1104 2367/1846/1102 2369/1848/1104
f 2371/1849/1105 2372/1850/1106 2370/1851/1105
f 2372/1850/1106 2371/1849/1105 2373/1852/1107
f 2373/1852/1107 2374/1853/1108 2372/1850/1106
f 2374/1853/1108 2373/1852/1107 2375/1854/1109
f 2375/1854/1109 2376/1855/1110 2374/1853/1108
f 2376/1855/1110 2375/1854/1109 2377/1856/1110
f 2377/1856/1110 2378/1831/1111 2376/1855/1110
f 2378/1831/1111 2377/1856/1110 2379/1829/1112
f 2380/1857/1066 2381/1858/1066 2382/1859/1066
f 2383/1860/1066 2381/1858/1066 2380/1857/1066
f 2381/1858/1066 2383/1860/1066 2384/1861/1066
f 2381/1858/1066 2384/1861/1066 2385/1862/1066
f 2381/1858/1066 2385/1862/1066 2386/1863/1066
f 2382/1859/1066 2381/1858/1066 2387/1864/1066
f 2382/1859/1066 2387/1864/1066 2388/1865/1066
f 2389/1866/1113 2390/1867/1113 2391/1868/1113
f 2390/1867/1113 2389/1866/1113 2392/1869/1113
f 2395/1866/1114 2394/1870/1115 2393/1871/1115
f 2394/1870/1115 2395/1866/1114 2396/1868/1114
f 2397/1872/1116 2398/1873/1117 2399/1874/1116
f 2400/1875/1118 2399/1874/1116 2398/1873/1117
f 2400/1875/1118 2398/1873/1117 2401/1876/1119
f 2402/1877/1120 2400/1875/1118 2401/1876/1119
f 2403/1878/1121 2397/1872/1116 2399/1874/1116
f 2397/1872/1116 2403/1878/1121 2404/1879/1122
f 2405/1880/1052 2406/1881/1052 2407/1882/1052
f 2405/1880/1052 2407/1882/1052 2408/1883/1052
f 2409/1884/1052 2406/1881/1052 2405/1880/1052
f 2408/1883/1052 2410/1885/1052 2405/1880/1052
f 2411/1886/1052 2410/1885/1052 2408/1883/1052
f 2410/1885/1052 2411/1886/1052 2412/1887/1052
f 2406/1881/1052 2409/1884/1052 2413/1888/1052
f 2413/1888/1052 2409/1884/1052 2414/1889/1052
f 2414/1889/1052 2409/1884/1052 2415/1890/1052
f 2416/1891/1123 2417/1892/1124 2418/1893/1123
f 2417/1892/1124 2416/1891/1123 2419/1894/1125
f 2419/1894/1125 2420/1895/1126 2417/1892/1124
f 2420/1895/1126 2419/1894/1125 2421/1896/1126
f 2421/1896/1126 2422/1897/1127 2420/1895/1126
f 2422/1897/1127 2421/1896/1126 2423/1898/1127
f 2423/1898/1127 2424/1899/1128 2422/1897/1127
f 2424/1899/1128 2423/1898/1127 2425/1900/1128
f 2427/1901/1129 2428/1902/1130 2426/1903/1129
f 2428/1902/1130 2427/1901/1129 2429/1904/1130
f 2429/1904/1130 2430/1905/1131 2428/1902/1130
f 2430/1905/1131 2429/1904/1130 2431/1906/1132
f 2432/1907/1066 2433/1908/1066 2434/1909/1066
f 2434/1909/1066 2433/1908/1066 2435/1910/1066
f 2433/1908/1066 2432/1907/1066 2436/1911/1133
f 2437/1912/1066 2436/1911/1133 2432/1907/1066
f 2436/1911/1133 2437/1912/1066 2438/1913/1134
f 2438/1913/1134 2439/1914/1135 2436/1911/1133
f 2439/1914/1135 2438/1913/1134 2440/1915/1136
f 2439/1914/1135 2440/1915/1136 2441/1916/1135
f 2441/1916/1135 2442/1917/1066 2439/1914/1135
f 2443/1918/1137 2444/1919/1138 2445/1920/1139
f 2444/1919/1138 2443/1918/1137 2446/1921/1138
f 2446/1921/1138 2447/1922/1140 2444/1919/1138
f 2447/1922/1140 2446/1921/1138 2448/1923/1140
f 2449/1924/1141 2450/1925/1141 2451/1926/1142
f 2450/1925/1141 2449/1924/1141 2452/1927/1142
f 2453/1928/1143 2454/1929/1144 2455/1930/1144
f 2456/1931/1144 2455/1930/1144 2454/1929/1144
f 2457/1926/1145 2458/1928/1146 2459/1930/1146
f 2458/1928/1146 2457/1926/1145 2460/1925/1145
f 2461/1932/1052 2462/1933/1052 2463/1934/1052
f 2463/1934/1052 2462/1933/1052 2464/1935/1052
f 2465/1936/1052 2463/1934/1052 2464/1935/1052
f 2462/1933/1052 2461/1932/1052 2466/1937/1052
f 2461/1932/1052 2467/1938/1052 2466/1937/1052
f 2467/1938/1052 2461/1932/1052 2468/1939/1052
f 2468/1939/1052 2461/1932/1052 2469/1940/1052
f 2470/1927/1147 2471/1941/1148 2472/1924/1147
f 2471/1941/1148 2470/1927/1147 2473/1942/1148
f 2473/1942/1148 2474/1943/1149 2471/1941/1148
f 2474/1943/1149 2473/1942/1148 2475/1944/1149
f 2476/1944/1150 2477/1945/1151 2478/1943/1150
f 2477/1945/1151 2476/1944/1150 2479/1946/1151
f 2479/1946/1151 2480/1947/1139 2477/1945/1151
f 2480/1947/1139 2479/1946/1151 2481/1948/1139
f 2482/1949/1066 2483/1950/1152 2484/1951/1153
f 2482/1949/1066 2484/1951/1153 2485/1952/1066
f 2482/1949/1066 2485/1952/1066 2486/1953/1135
f 2486/1953/1135 2487/1954/1066 2482/1949/1066
f 2483/1950/1152 2482/1949/1066 2488/1955/1154
f 2483/1950/1152 2488/1955/1154 2489/1956/1066
f 2489/1956/1066 2488/1955/1154 2490/1957/1066
