# Blender 5.1.1
# www.blender.org
mtllib eyethingsniperfinal.mtl
o Cube
o 101267690541460
v -1.214895 0.822933 -0.002880
v -1.284472 0.772817 0.082947
v -1.214895 0.783117 0.093245
v -1.214895 0.686990 0.133062
v -1.284472 0.686990 0.118498
v -1.320011 0.751123 0.053910
v -1.284472 0.601163 0.082947
v -1.214895 0.590865 0.093245
v -1.320011 0.622858 0.053910
v -1.214895 0.551047 -0.002880
v -1.284472 0.808368 -0.002880
v -1.320011 0.767304 -0.002880
v -1.320011 0.751123 -0.059671
v -1.284472 0.565612 -0.002880
v -1.320011 0.606677 -0.002880
v -1.320011 0.622858 -0.059671
v -1.284472 0.601163 -0.088708
v -1.214895 0.590865 -0.099008
v -1.284472 0.686990 -0.124258
v -1.214895 0.686990 -0.138823
v -1.284472 0.772817 -0.088708
v -1.214895 0.783117 -0.099008
v 0.683164 0.752717 -0.068606
v 0.629882 0.791094 -0.002880
v 0.683164 0.779940 -0.002880
v 0.629882 0.760603 -0.076494
v 0.629882 0.686990 -0.106984
v 0.683164 0.686990 -0.095831
v 0.710379 0.736102 -0.046370
v 0.710379 0.748494 -0.002880
v 0.710379 0.736102 0.040608
v 0.683164 0.752717 0.062844
v 0.629882 0.760603 0.070731
v 0.683164 0.686990 0.090070
v 0.629882 0.686990 0.101223
v 0.683164 0.621264 0.062844
v 0.629882 0.613378 0.070731
v 0.710379 0.637878 0.040608
v 0.629882 0.582886 -0.002880
v 0.683164 0.594041 -0.002880
v 0.710379 0.625487 -0.002880
v 0.710379 0.637878 -0.046370
v 0.683164 0.621264 -0.068606
v 0.629882 0.613378 -0.076494
v 0.697364 0.637878 -0.046370
v 0.683164 0.686990 -0.095831
v 0.670149 0.686990 -0.095831
v 0.710379 0.637878 -0.046370
v 0.710379 0.625487 -0.002880
v 0.697364 0.625487 -0.002880
v 0.710379 0.637878 0.040608
v 0.697364 0.637878 0.040608
v 0.683164 0.686990 0.090070
v 0.670149 0.686990 0.090070
v -1.284472 0.686990 0.118498
v -1.303016 0.622858 0.053910
v -1.320011 0.622858 0.053910
v -1.267477 0.686990 0.118498
v -1.320011 0.606677 -0.002880
v -1.303016 0.606677 -0.002880
v -1.320011 0.622858 -0.059671
v -1.303016 0.622858 -0.059671
v -1.284472 0.686990 -0.124258
v -1.267476 0.686990 -0.124258
v 1.190292 0.072128 -0.141196
v 1.178554 0.035082 -0.141196
v 1.178554 0.035082 -0.137531
v 1.141429 0.015681 -0.137531
v 1.190292 0.072128 -0.137531
v 1.141429 0.015681 -0.141196
v 1.169767 0.105118 -0.141196
v 1.100665 0.025289 -0.137531
v 1.169767 0.105118 -0.137531
v 1.100665 0.025289 -0.141196
v 1.129002 0.114726 -0.141196
v 1.080139 0.058280 -0.137531
v 1.129002 0.114726 -0.137531
v 1.080139 0.058280 -0.141196
v 1.091877 0.095325 -0.141196
v 1.091877 0.095325 -0.137531
v 1.491330 -0.002147 0.098277
v 1.522641 0.097271 0.150312
v 1.469895 0.042666 0.150312
v 1.394267 0.035863 0.150312
v 1.639309 0.114175 0.098277
v 1.307911 -0.044412 0.098277
v 1.521607 0.167695 0.150312
v 1.340060 0.080850 0.150312
v 1.665166 0.236410 0.098277
v 1.196499 0.012135 0.098277
v 1.553756 0.292957 0.098277
v 1.222357 0.134370 0.098277
v 1.467399 0.212682 0.150312
v 1.339025 0.151275 0.150312
v 1.370337 0.250692 0.098277
v 1.391771 0.205880 0.150312
v 1.114802 0.183780 0.136132
v 1.060875 0.146315 0.103350
v 1.179451 0.147227 0.103350
v 1.067470 0.176906 0.136132
v 1.141436 0.219268 0.136132
v 1.027166 0.202672 0.136132
v 1.239457 0.198163 0.103350
v 0.953190 0.195965 0.103350
v 1.205744 0.269288 0.103350
v 1.017499 0.245985 0.136132
v 1.131769 0.262581 0.136132
v 0.919478 0.267091 0.103350
v 1.098060 0.318938 0.103350
v 0.979484 0.318027 0.103350
v 1.091465 0.288348 0.136132
v 1.044133 0.281474 0.136132
v 0.462944 0.152243 0.101819
v 0.494123 0.216943 0.137674
v 0.452757 0.184919 0.137674
v 0.400512 0.187756 0.137674
v 0.575354 0.216939 0.101819
v 0.333688 0.141549 0.101819
v 0.500379 0.265069 0.137674
v 0.367992 0.223792 0.137674
v 0.605069 0.297739 0.101819
v 0.263302 0.191122 0.101819
v 0.534683 0.347312 0.101819
v 0.293017 0.271923 0.101819
v 0.467859 0.301105 0.137674
v 0.374248 0.271918 0.137674
v 0.405427 0.336619 0.101819
v 0.415614 0.303942 0.137674
v 1.614140 -0.112318 0.131119
v 1.569413 -0.140502 0.104726
v 1.664813 -0.144058 0.104726
v 1.575823 -0.116136 0.131119
v 1.636844 -0.084740 0.131119
v 1.544339 -0.093955 0.131119
v 1.714917 -0.105260 0.104726
v 1.484600 -0.096673 0.104726
v 1.690375 -0.046837 0.104726
v 1.538131 -0.058771 0.131119
v 1.630636 -0.049556 0.131119
v 1.460058 -0.038251 0.104726
v 1.605563 -0.003010 0.104726
v 1.510163 0.000547 0.104726
v 1.599152 -0.027374 0.131119
v 1.560836 -0.031190 0.131119
v 0.853867 -0.214913 0.130635
v 0.812732 -0.249601 0.103772
v 0.909407 -0.239795 0.103772
v 0.815774 -0.224137 0.130635
v 0.872885 -0.183921 0.130635
v 0.780921 -0.206196 0.130635
v 0.954472 -0.193648 0.103772
v 0.721078 -0.217324 0.103772
v 0.921530 -0.138195 0.103772
v 0.769724 -0.171597 0.130635
v 0.861687 -0.149322 0.130635
v 0.688136 -0.161869 0.103772
v 0.829877 -0.105918 0.103772
v 0.733202 -0.115723 0.103772
v 0.826834 -0.131381 0.130635
v 0.788741 -0.140607 0.130635
v -1.155670 0.205699 0.101929
v -1.129159 0.258640 0.131488
v -1.163658 0.232761 0.131488
v -1.206688 0.235753 0.131488
v -1.062201 0.257620 0.101929
v -1.262348 0.198502 0.101929
v -1.123400 0.298232 0.131488
v -1.233042 0.265865 0.131488
v -1.036696 0.323852 0.101929
v -1.319746 0.240246 0.101929
v -1.094094 0.365595 0.101929
v -1.294241 0.306477 0.101929
v -1.149754 0.328343 0.131488
v -1.227283 0.305457 0.131488
v -1.200773 0.358399 0.101929
v -1.192784 0.331336 0.131488
v -0.691697 0.211091 0.102013
v -0.663039 0.267256 0.133492
v -0.699986 0.239974 0.133492
v -0.745785 0.243507 0.133492
v -0.591743 0.265631 0.102013
v -0.805359 0.204284 0.102013
v -0.656588 0.309372 0.133492
v -0.773609 0.275785 0.133492
v -0.564049 0.335957 0.102013
v -0.866148 0.249200 0.102013
v -0.624838 0.380872 0.102013
v -0.838454 0.319526 0.102013
v -0.684411 0.341650 0.133492
v -0.767157 0.317901 0.133492
v -0.738500 0.374066 0.102013
v -0.730211 0.345183 0.133492
v -0.382628 0.194895 0.133348
v -0.437650 0.166471 0.102430
v -0.326654 0.152788 0.102430
v -0.427733 0.194269 0.133348
v -0.353372 0.224817 0.133348
v -0.462265 0.223305 0.133348
v -0.264296 0.193066 0.102430
v -0.532264 0.226100 0.102430
v -0.287103 0.263710 0.102430
v -0.465995 0.264994 0.133348
v -0.357102 0.266505 0.133348
v -0.555071 0.296745 0.102430
v -0.381717 0.323339 0.102430
v -0.492713 0.337023 0.102430
v -0.391634 0.295541 0.133348
v -0.436739 0.294914 0.133348
v -0.117977 0.099475 0.104578
v -0.097273 0.145189 0.129632
v -0.125636 0.122131 0.129632
v -0.162178 0.123244 0.129632
v -0.040531 0.146535 0.104578
v -0.208087 0.089857 0.104578
v -0.093703 0.178909 0.129632
v -0.185492 0.147876 0.129632
v -0.021118 0.203470 0.104578
v -0.258078 0.123315 0.104578
v -0.071108 0.236928 0.104578
v -0.238664 0.180250 0.104578
v -0.117018 0.203541 0.129632
v -0.181922 0.181597 0.129632
v -0.161219 0.227310 0.104578
v -0.153559 0.204654 0.129632
v 0.525294 -0.218209 0.131775
v 0.471830 -0.245370 0.101837
v 0.579217 -0.259349 0.101837
v 0.481615 -0.218518 0.131775
v 0.553819 -0.189428 0.131775
v 0.448369 -0.190176 0.131775
v 0.639862 -0.220757 0.101837
v 0.380608 -0.187010 0.101837
v 0.618242 -0.152204 0.101837
v 0.445031 -0.149785 0.131775
v 0.550481 -0.149037 0.131775
v 0.358988 -0.118456 0.101837
v 0.527020 -0.093843 0.101837
v 0.419634 -0.079865 0.101837
v 0.517235 -0.120694 0.131775
v 0.473556 -0.121005 0.131775
v 0.110680 0.246800 0.130019
v 0.066497 0.210003 0.101313
v 0.169864 0.219847 0.101313
v 0.069916 0.237192 0.130019
v 0.131206 0.279790 0.130019
v 0.032790 0.256593 0.130019
v 0.218323 0.268859 0.101313
v -0.031228 0.245097 0.101313
v 0.183487 0.328331 0.101313
v 0.021053 0.293638 0.130019
v 0.119468 0.316836 0.130019
v -0.066065 0.304569 0.101313
v 0.085762 0.363425 0.101313
v -0.017606 0.353582 0.101313
v 0.082343 0.336237 0.130019
v 0.041578 0.326628 0.130019
v 0.312134 0.087030 0.127485
v 0.274346 0.059245 0.104069
v 0.358995 0.062168 0.104069
v 0.278469 0.081215 0.127485
v 0.330472 0.112879 0.127485
v 0.249197 0.098840 0.127485
v 0.400866 0.099688 0.104069
v 0.196505 0.092633 0.104069
v 0.375431 0.149828 0.104069
v 0.241465 0.129582 0.127485
v 0.322740 0.143621 0.127485
v 0.171071 0.142774 0.104069
v 0.297590 0.183215 0.104069
v 0.212941 0.180294 0.104069
v 0.293468 0.161247 0.127485
v 0.259803 0.155432 0.127485
v -1.378841 0.285591 0.126348
v -1.417336 0.263607 0.104217
v -1.337542 0.257160 0.104217
v -1.411079 0.283786 0.126348
v -1.358816 0.307869 0.126348
v -1.436649 0.303514 0.126348
v -1.294156 0.287841 0.104217
v -1.486795 0.303408 0.104217
v -1.312592 0.337678 0.104217
v -1.440571 0.333216 0.126348
v -1.362738 0.337572 0.126348
v -1.505231 0.353246 0.104217
v -1.382051 0.377478 0.104217
v -1.461845 0.383926 0.104217
v -1.388308 0.357300 0.126348
v -1.420547 0.355495 0.126348
v -1.567811 0.267492 0.123737
v -1.592074 0.235400 0.103651
v -1.523200 0.258526 0.103651
v -1.594063 0.254469 0.123737
v -1.559065 0.293232 0.123737
v -1.622443 0.261793 0.123737
v -1.497965 0.299622 0.103651
v -1.664240 0.243791 0.103651
v -1.531149 0.334614 0.103651
v -1.636325 0.285173 0.123737
v -1.572947 0.316612 0.123737
v -1.697425 0.278783 0.103651
v -1.603316 0.343005 0.103651
v -1.672189 0.319879 0.103651
v -1.601327 0.323935 0.123737
v -1.627579 0.310913 0.123737
v -0.909874 0.301111 0.125234
v -0.940562 0.272872 0.104415
v -0.866036 0.283707 0.104415
v -0.939060 0.292690 0.125234
v -0.896188 0.325744 0.125234
v -0.966648 0.305413 0.125234
v -0.832689 0.320948 0.104415
v -1.012611 0.294792 0.104415
v -0.860056 0.362780 0.104415
v -0.976478 0.331828 0.125234
v -0.906019 0.352159 0.125234
v -1.039977 0.336625 0.104415
v -0.932105 0.384700 0.104415
v -1.006631 0.373865 0.104415
v -0.933607 0.364882 0.125234
v -0.962792 0.356461 0.125234
v 0.981330 -0.031987 0.120925
v 0.988966 -0.000090 0.104549
v 0.945081 -0.039867 0.104549
v 0.996683 -0.013684 0.120925
v 0.983209 -0.054071 0.120925
v 1.020273 -0.009880 0.120925
v 0.939661 -0.078808 0.104549
v 1.045609 0.017223 0.104549
v 0.975881 -0.094101 0.104549
v 1.038281 -0.022806 0.120925
v 1.001217 -0.066998 0.120925
v 1.081829 0.001931 0.104549
v 1.032524 -0.076788 0.104549
v 1.076409 -0.037010 0.104549
v 1.024807 -0.063194 0.120925
v 1.040159 -0.044890 0.120925
v -0.331440 0.253529 -0.110496
v -0.346216 0.193383 -0.141414
v -0.414765 0.178934 -0.110496
v -0.317020 0.227778 -0.141414
v -0.342931 0.151657 -0.141414
v -0.272444 0.234695 -0.141414
v -0.425452 0.105472 -0.110496
v -0.224289 0.285561 -0.110496
v -0.357242 0.076176 -0.110496
v -0.238601 0.210080 -0.141414
v -0.309088 0.127043 -0.141414
v -0.156079 0.256264 -0.110496
v -0.250091 0.108208 -0.110496
v -0.166767 0.182803 -0.110496
v -0.264512 0.133959 -0.141414
v -0.235315 0.168355 -0.141414
v -0.659543 0.388391 -0.110022
v -0.545881 0.381585 -0.110022
v -0.599969 0.349169 -0.141501
v -0.554170 0.352701 -0.141501
v -0.627792 0.316890 -0.141501
v -0.517223 0.325419 -0.141501
v -0.720332 0.343475 -0.110022
v -0.445927 0.327044 -0.110022
v -0.692638 0.273149 -0.110022
v -0.510772 0.283303 -0.141501
v -0.621341 0.274774 -0.141501
v -0.418233 0.256718 -0.110022
v -0.592684 0.218608 -0.110022
v -0.479022 0.211803 -0.110022
v -0.584395 0.247492 -0.141501
v -0.538595 0.251025 -0.141501
v 0.725317 -0.106887 -0.111814
v 0.832233 -0.110217 -0.111814
v 0.782315 -0.142114 -0.141385
v 0.825227 -0.137564 -0.141385
v 0.757057 -0.173173 -0.141385
v 0.860656 -0.162187 -0.141385
v 0.669443 -0.150701 -0.111814
v 0.927562 -0.158740 -0.111814
v 0.697342 -0.215994 -0.111814
v 0.867848 -0.201562 -0.141385
v 0.764249 -0.212549 -0.141385
v 0.955461 -0.224034 -0.111814
v 0.792671 -0.264517 -0.111814
v 0.899588 -0.267847 -0.111814
v 0.799678 -0.237172 -0.141385
v 0.842590 -0.232621 -0.141385
v 0.395557 -0.139854 -0.112626
v 0.487210 -0.107576 -0.112626
v 0.455400 -0.150981 -0.139490
v 0.490253 -0.133040 -0.139490
v 0.444202 -0.185582 -0.139490
v 0.528345 -0.142266 -0.139490
v 0.362614 -0.195309 -0.112626
v 0.583885 -0.117384 -0.112626
v 0.407680 -0.241454 -0.112626
v 0.547363 -0.173256 -0.139490
v 0.463220 -0.216572 -0.139490
v 0.628951 -0.163529 -0.112626
v 0.504355 -0.251261 -0.112626
v 0.596008 -0.218982 -0.112626
v 0.501312 -0.225798 -0.139490
v 0.536166 -0.207857 -0.139490
v 1.027858 0.106821 -0.112489
v 1.125583 0.141915 -0.112489
v 1.091877 0.095325 -0.141196
v 1.129002 0.114726 -0.141196
v 1.080139 0.058280 -0.141196
v 1.169767 0.105118 -0.141196
v 0.993022 0.047348 -0.112489
v 1.228951 0.132071 -0.112489
v 1.041480 -0.001664 -0.112489
v 1.190292 0.072128 -0.141196
v 1.100665 0.025289 -0.141196
v 1.277409 0.083058 -0.112489
v 1.144848 -0.011507 -0.112489
v 1.242573 0.023587 -0.112489
v 1.141429 0.015681 -0.141196
v 1.178554 0.035082 -0.141196
v -1.242873 0.394612 -0.110680
v -1.136194 0.387416 -0.110680
v -1.187212 0.357361 -0.140241
v -1.144183 0.360353 -0.140241
v -1.213567 0.327249 -0.140241
v -1.109684 0.334474 -0.140241
v -1.300271 0.352869 -0.110680
v -1.042726 0.335494 -0.110680
v -1.274766 0.286637 -0.110680
v -1.103925 0.294882 -0.140241
v -1.207808 0.287657 -0.140241
v -1.017221 0.269263 -0.110680
v -1.181297 0.234716 -0.110680
v -1.074619 0.227519 -0.110680
v -1.173309 0.261778 -0.140241
v -1.130279 0.264771 -0.140241
v -1.426042 0.276430 -0.135100
v -1.476188 0.276535 -0.112970
v -1.406729 0.316335 -0.112970
v -1.400472 0.296157 -0.135100
v -1.429963 0.246727 -0.135100
v -1.368233 0.294352 -0.135100
v -1.494624 0.226698 -0.112970
v -1.326935 0.322784 -0.112970
v -1.451237 0.196017 -0.112970
v -1.348209 0.272074 -0.135100
v -1.409940 0.224448 -0.135100
v -1.283549 0.292102 -0.112970
v -1.371444 0.202465 -0.112970
v -1.301985 0.242265 -0.112970
v -1.377700 0.222644 -0.135100
v -1.352131 0.242371 -0.135100
v 0.345081 0.332341 -0.107502
v 0.471704 0.360414 -0.107502
v 0.422593 0.308002 -0.143359
v 0.471653 0.326186 -0.143359
v 0.402207 0.263950 -0.143359
v 0.520649 0.307853 -0.143359
v 0.292538 0.264143 -0.107502
v 0.598233 0.331918 -0.107502
v 0.344854 0.195771 -0.107502
v 0.540879 0.263740 -0.143359
v 0.422438 0.219837 -0.143359
v 0.650548 0.263546 -0.107502
v 0.471382 0.167276 -0.107502
v 0.598005 0.195349 -0.107502
v 0.471433 0.201503 -0.143359
v 0.520494 0.219688 -0.143359
v 1.424165 0.243544 -0.150312
v 1.354105 0.249846 -0.150312
v 1.444022 0.285058 -0.102106
v 1.473028 0.192959 -0.150312
v 1.274107 0.324211 -0.102106
v 1.581107 0.177299 -0.102108
v 1.303889 0.208171 -0.150312
v 1.472070 0.127720 -0.150312
v 1.170897 0.271827 -0.102106
v 1.605061 0.064063 -0.102106
v 1.194851 0.158591 -0.102106
v 1.501852 0.011681 -0.102106
v 1.302930 0.142930 -0.150312
v 1.421853 0.086044 -0.150312
v 1.331937 0.050834 -0.102106
v 1.351793 0.092345 -0.150312
v 0.180235 0.258571 -0.109334
v 0.156774 0.203378 -0.139271
v 0.089013 0.200211 -0.109334
v 0.190020 0.231719 -0.139271
v 0.153436 0.162987 -0.139271
v 0.233699 0.231410 -0.139271
v 0.067393 0.131656 -0.109334
v 0.287622 0.272550 -0.109334
v 0.128038 0.093066 -0.109334
v 0.262224 0.202629 -0.139271
v 0.181961 0.134206 -0.139271
v 0.348267 0.233959 -0.109334
v 0.235425 0.107045 -0.109334
v 0.326647 0.165405 -0.109334
v 0.225640 0.133896 -0.139271
v 0.258886 0.162238 -0.139271
v -0.922169 0.298323 -0.113168
v -0.850120 0.320242 -0.113168
v -0.876206 0.287701 -0.133988
v -0.848618 0.300424 -0.133988
v -0.886037 0.261286 -0.133988
v -0.819433 0.292003 -0.133988
v -0.949536 0.256490 -0.113168
v -0.775594 0.309408 -0.113168
v -0.916189 0.219249 -0.113168
v -0.805746 0.267370 -0.133988
v -0.872350 0.236653 -0.133988
v -0.742248 0.272166 -0.113168
v -0.841663 0.208414 -0.113168
v -0.769614 0.230334 -0.113168
v -0.843165 0.228232 -0.133988
v -0.815577 0.240956 -0.133988
v 1.502155 -0.017460 -0.111722
v 1.572496 0.018889 -0.111722
v 1.551701 -0.019715 -0.133612
v 1.577813 -0.001318 -0.133612
v 1.546552 -0.048896 -0.133612
v 1.609592 -0.004485 -0.133612
v 1.481800 -0.065915 -0.111722
v 1.651619 0.021838 -0.111722
v 1.523356 -0.098093 -0.111722
v 1.628422 -0.027357 -0.133612
v 1.565383 -0.071770 -0.133612
v 1.693174 -0.010338 -0.111722
v 1.602479 -0.095143 -0.111722
v 1.672819 -0.058793 -0.111722
v 1.597162 -0.074936 -0.133612
v 1.623273 -0.056540 -0.133612
v -0.120481 0.341043 -0.110109
v -0.030371 0.331425 -0.110109
v -0.074572 0.307656 -0.135162
v -0.038030 0.308769 -0.135162
v -0.097886 0.283024 -0.135162
v -0.009667 0.285712 -0.135162
v -0.170472 0.307585 -0.110109
v 0.047075 0.284365 -0.110109
v -0.151058 0.250650 -0.110109
v -0.006097 0.251991 -0.135162
v -0.094316 0.249303 -0.135162
v 0.066488 0.227430 -0.110109
v -0.073613 0.203590 -0.110109
v 0.016498 0.193972 -0.110109
v -0.065953 0.226246 -0.135162
v -0.029412 0.227359 -0.135162
v -1.667676 0.349324 -0.112403
v -1.595509 0.357714 -0.112403
v -1.625878 0.331321 -0.132488
v -1.597498 0.338645 -0.132488
v -1.639760 0.307942 -0.132488
v -1.571246 0.325622 -0.132488
v -1.700861 0.314331 -0.112403
v -1.526636 0.334588 -0.112403
v -1.675625 0.273236 -0.112403
v -1.562500 0.299882 -0.132488
v -1.631014 0.282202 -0.132488
v -1.501400 0.293492 -0.112403
v -1.606751 0.250110 -0.112403
v -1.534585 0.258500 -0.112403
v -1.604762 0.269179 -0.132488
v -1.576383 0.276503 -0.132488
v 0.348081 -0.007555 -0.112852
v 0.407018 -0.001670 -0.112852
v 0.381914 -0.022783 -0.129225
v 0.405144 -0.017188 -0.129225
v 0.370289 -0.041657 -0.129225
v 0.426371 -0.028151 -0.129225
v 0.320568 -0.035641 -0.112852
v 0.462854 -0.021432 -0.112852
v 0.340596 -0.069474 -0.112852
v 0.433161 -0.049248 -0.129225
v 0.377078 -0.062755 -0.129225
v 0.482882 -0.055263 -0.112852
v 0.396432 -0.089235 -0.112852
v 0.455369 -0.083349 -0.112852
v 0.398305 -0.073716 -0.129225
v 0.421535 -0.068123 -0.129225
v 0.858245 0.322609 -0.108017
v 0.941664 0.337283 -0.108017
v 0.908115 0.304500 -0.131434
v 0.940646 0.314953 -0.131434
v 0.893548 0.276346 -0.131434
v 0.972084 0.301582 -0.131434
v 0.822003 0.279626 -0.108017
v 1.023394 0.315052 -0.108017
v 0.854168 0.233514 -0.108017
v 0.984014 0.272220 -0.131434
v 0.905478 0.246983 -0.131434
v 1.055558 0.268939 -0.108017
v 0.935898 0.211284 -0.108017
v 1.019317 0.225958 -0.108017
v 0.936916 0.233613 -0.131434
v 0.969447 0.244066 -0.131434
v 0.697364 0.748494 -0.002880
v 0.697364 0.736102 -0.046370
v 0.710379 0.736102 -0.046370
v 0.683164 0.686990 -0.095831
v 0.670149 0.686990 -0.095831
v 0.710379 0.748494 -0.002880
v 0.697364 0.736102 0.040608
v 0.710379 0.736102 0.040608
v 0.683164 0.686990 0.090070
v 0.670149 0.686990 0.090070
v -1.303016 0.767304 -0.002880
v -1.320011 0.751123 0.053910
v -1.320011 0.767304 -0.002880
v -1.303016 0.751123 0.053910
v -1.284472 0.686990 0.118498
v -1.267477 0.686990 0.118498
v -1.303016 0.751123 -0.059671
v -1.320011 0.751123 -0.059671
v -1.284472 0.686990 -0.124258
v -1.267476 0.686990 -0.124258
vn -0.2054 0.9787 0.0004
vn -0.4398 0.6875 0.5778
vn -0.2032 0.7722 0.6020
vn -0.2051 0.0006 0.9787
vn -0.3088 0.0005 0.9511
vn -0.7306 0.5026 0.4622
vn -0.4398 -0.6876 0.5778
vn -0.2031 -0.7722 0.6020
vn -0.7306 -0.5026 0.4622
vn -0.2052 -0.9787 0.0002
vn -0.3692 0.9293 0.0002
vn -0.7180 0.6960 0.0002
vn -0.7304 0.5025 -0.4627
vn -0.3692 -0.9293 0.0002
vn -0.7180 -0.6961 0.0002
vn -0.7304 -0.5025 -0.4627
vn -0.4396 -0.6873 -0.5783
vn -0.2031 -0.7720 -0.6023
vn -0.3086 0.0005 -0.9512
vn -0.2050 0.0003 -0.9788
vn -0.4396 0.6873 -0.5783
vn -0.2031 0.7719 -0.6024
vn 0.4397 0.6873 -0.5782
vn 0.2052 0.9787 0.0002
vn 0.3693 0.9293 0.0002
vn 0.2032 0.7719 -0.6024
vn 0.2052 0.0005 -0.9787
vn 0.3087 0.0005 -0.9512
vn 0.7300 0.5028 -0.4629
vn 0.7180 0.6960 0.0002
vn 0.7302 0.5029 0.4625
vn 0.4398 0.6875 0.5778
vn 0.2032 0.7722 0.6020
vn 0.3089 0.0005 0.9511
vn 0.2051 0.0004 0.9787
vn 0.4398 -0.6875 0.5778
vn 0.2032 -0.7722 0.6020
vn 0.7302 -0.5029 0.4625
vn 0.2049 -0.9788 -0.0000
vn 0.3692 -0.9293 0.0002
vn 0.7180 -0.6960 0.0002
vn 0.7300 -0.5027 -0.4630
vn 0.4397 -0.6873 -0.5782
vn 0.2032 -0.7720 -0.6023
vn -0.0000 0.8751 0.4839
vn -0.0000 0.7096 0.7046
vn -0.0000 0.8933 0.4495
vn -0.0000 1.0000 -0.0000
vn -0.0000 0.8934 -0.4492
vn -0.0000 0.8753 -0.4836
vn -0.0000 0.7096 -0.7046
vn 0.0001 0.7098 -0.7044
vn -0.9897 -0.1431 -0.0000
vn -0.7103 0.7039 0.0002
vn -0.7103 0.7039 -0.0000
vn -0.0928 0.9957 -0.0000
vn -0.9897 -0.1431 0.0002
vn -0.0928 0.9957 0.0002
vn -0.4983 -0.8670 -0.0000
vn 0.4983 0.8670 0.0002
vn -0.4983 -0.8670 0.0002
vn 0.4983 0.8670 -0.0000
vn 0.0928 -0.9957 0.0002
vn 0.9897 0.1431 0.0002
vn 0.0928 -0.9957 -0.0000
vn 0.9897 0.1431 -0.0000
vn 0.7103 -0.7039 0.0002
vn 0.7103 -0.7039 -0.0000
vn 0.2336 -0.6318 0.7391
vn 0.4366 -0.3687 0.8206
vn 0.3108 -0.5966 0.7399
vn -0.0205 -0.5380 0.8427
vn 0.4163 -0.2066 0.8855
vn -0.0762 -0.4791 0.8745
vn 0.3223 0.0982 0.9415
vn -0.3222 -0.0981 0.9416
vn 0.2648 0.2154 0.9399
vn -0.2647 -0.2154 0.9400
vn 0.0762 0.4791 0.8744
vn -0.4162 0.2066 0.8855
vn 0.0206 0.5380 0.8427
vn -0.4365 0.3687 0.8207
vn -0.2336 0.6318 0.7391
vn -0.3107 0.5966 0.7399
vn 0.1485 -0.5134 0.8452
vn -0.1065 -0.6641 0.7400
vn 0.1682 -0.4794 0.8613
vn -0.1514 -0.6553 0.7400
vn 0.3323 -0.0405 0.9423
vn -0.3429 -0.4294 0.8355
vn 0.3156 -0.1148 0.9419
vn -0.3526 -0.3454 0.8697
vn 0.3527 0.3453 0.8697
vn -0.3322 0.0406 0.9423
vn 0.3429 0.4294 0.8355
vn -0.3155 0.1148 0.9420
vn 0.1056 0.6641 0.7401
vn -0.1681 0.4794 0.8613
vn 0.1515 0.6553 0.7400
vn -0.1484 0.5134 0.8452
vn 0.1535 -0.6551 0.7398
vn 0.3801 -0.4089 0.8297
vn 0.2141 -0.6377 0.7400
vn -0.1006 -0.5255 0.8448
vn 0.3822 -0.2947 0.8759
vn -0.1299 -0.4843 0.8652
vn 0.3291 0.0611 0.9423
vn -0.3291 -0.0611 0.9423
vn 0.2990 0.1578 0.9411
vn -0.2989 -0.1578 0.9411
vn 0.1300 0.4843 0.8652
vn -0.3821 0.2946 0.8759
vn 0.1007 0.5255 0.8448
vn -0.3800 0.4089 0.8297
vn -0.1534 0.6551 0.7398
vn -0.2140 0.6377 0.7400
vn 0.1241 -0.5194 0.8455
vn -0.1299 -0.6601 0.7399
vn 0.1486 -0.4831 0.8629
vn -0.1827 -0.6474 0.7399
vn 0.3313 -0.0503 0.9422
vn -0.3614 -0.4196 0.8326
vn 0.3080 -0.1363 0.9416
vn -0.3682 -0.3209 0.8726
vn 0.3683 0.3209 0.8726
vn -0.3312 0.0503 0.9422
vn 0.3615 0.4196 0.8326
vn -0.3079 0.1364 0.9416
vn 0.1290 0.6601 0.7400
vn -0.1485 0.4831 0.8629
vn 0.1828 0.6474 0.7399
vn -0.1250 0.5193 0.8454
vn 0.1955 -0.4969 0.8455
vn -0.0586 -0.6700 0.7401
vn 0.2101 -0.4666 0.8592
vn -0.0849 -0.6667 0.7405
vn 0.3331 -0.0220 0.9426
vn -0.3039 -0.4501 0.8397
vn 0.3275 -0.0660 0.9425
vn -0.3163 -0.3910 0.8643
vn 0.3164 0.3910 0.8643
vn -0.3330 0.0220 0.9427
vn 0.3040 0.4500 0.8397
vn -0.3274 0.0660 0.9426
vn 0.0587 0.6700 0.7401
vn -0.2101 0.4666 0.8592
vn 0.0850 0.6666 0.7405
vn -0.1954 0.4969 0.8455
vn 0.1456 -0.6570 0.7397
vn 0.3744 -0.4121 0.8307
vn 0.2034 -0.6408 0.7403
vn -0.1084 -0.5232 0.8453
vn 0.3781 -0.3033 0.8747
vn -0.1367 -0.4839 0.8644
vn 0.3302 0.0582 0.9421
vn -0.3302 -0.0582 0.9421
vn 0.3020 0.1510 0.9413
vn -0.3019 -0.1510 0.9413
vn 0.1358 0.4839 0.8645
vn -0.3781 0.3034 0.8747
vn 0.1085 0.5232 0.8453
vn -0.3742 0.4119 0.8308
vn -0.1455 0.6570 0.7397
vn -0.2033 0.6409 0.7403
vn 0.1417 -0.6579 0.7397
vn 0.3712 -0.4136 0.8314
vn 0.1984 -0.6426 0.7400
vn -0.1123 -0.5223 0.8454
vn 0.3751 -0.3081 0.8743
vn -0.1397 -0.4833 0.8642
vn 0.3307 0.0561 0.9421
vn -0.3307 -0.0561 0.9421
vn 0.3040 0.1470 0.9413
vn -0.3039 -0.1470 0.9413
vn 0.1398 0.4833 0.8642
vn -0.3750 0.3081 0.8743
vn 0.1124 0.5223 0.8453
vn -0.3711 0.4136 0.8314
vn -0.1416 0.6579 0.7397
vn -0.1984 0.6426 0.7400
vn 0.0782 -0.5300 0.8444
vn -0.1759 -0.6504 0.7390
vn 0.1143 -0.4840 0.8676
vn -0.2413 -0.6279 0.7400
vn 0.3283 -0.0709 0.9419
vn -0.3964 -0.3980 0.8273
vn 0.2901 -0.1753 0.9408
vn -0.3937 -0.2702 0.8786
vn 0.3938 0.2701 0.8786
vn -0.3282 0.0709 0.9419
vn 0.3957 0.3981 0.8276
vn -0.2901 0.1753 0.9408
vn 0.1760 0.6503 0.7390
vn -0.1142 0.4840 0.8676
vn 0.2414 0.6279 0.7399
vn -0.0781 0.5300 0.8444
vn 0.1661 -0.6521 0.7397
vn 0.3898 -0.4020 0.8285
vn 0.2307 -0.6318 0.7400
vn -0.0879 -0.5282 0.8445
vn 0.3890 -0.2799 0.8777
vn -0.1211 -0.4840 0.8667
vn 0.3292 0.0669 0.9419
vn -0.3292 -0.0669 0.9419
vn 0.2940 0.1685 0.9408
vn -0.2940 -0.1685 0.9408
vn 0.1202 0.4841 0.8667
vn -0.3889 0.2799 0.8777
vn 0.0870 0.5282 0.8446
vn -0.3897 0.4020 0.8286
vn -0.1670 0.6520 0.7396
vn -0.2306 0.6318 0.7400
vn 0.0743 -0.5309 0.8442
vn -0.1798 -0.6493 0.7389
vn 0.1114 -0.4841 0.8679
vn -0.2462 -0.6260 0.7400
vn 0.3282 -0.0728 0.9418
vn -0.3987 -0.3963 0.8270
vn 0.2891 -0.1782 0.9406
vn -0.3946 -0.2662 0.8794
vn 0.3947 0.2662 0.8794
vn -0.3281 0.0728 0.9418
vn 0.3988 0.3963 0.8270
vn -0.2890 0.1782 0.9406
vn 0.1789 0.6494 0.7391
vn -0.1113 0.4841 0.8679
vn 0.2463 0.6259 0.7400
vn -0.0742 0.5309 0.8442
vn 0.1926 -0.4979 0.8456
vn -0.0615 -0.6699 0.7399
vn 0.2072 -0.4676 0.8593
vn -0.0889 -0.6658 0.7408
vn 0.3331 -0.0229 0.9426
vn -0.3067 -0.4489 0.8393
vn 0.3274 -0.0689 0.9424
vn -0.3184 -0.3883 0.8648
vn 0.3185 0.3883 0.8648
vn -0.3330 0.0229 0.9426
vn 0.3068 0.4489 0.8393
vn -0.3274 0.0689 0.9424
vn 0.0616 0.6699 0.7399
vn -0.2072 0.4676 0.8593
vn 0.0890 0.6658 0.7408
vn -0.1925 0.4980 0.8455
vn 0.1623 -0.5087 0.8455
vn -0.0918 -0.6661 0.7402
vn 0.1798 -0.4773 0.8602
vn -0.1318 -0.6589 0.7406
vn 0.3324 -0.0357 0.9425
vn -0.3322 -0.4354 0.8367
vn 0.3196 -0.1011 0.9422
vn -0.3430 -0.3591 0.8680
vn 0.3430 0.3591 0.8680
vn -0.3323 0.0357 0.9425
vn 0.3323 0.4353 0.8367
vn -0.3195 0.1011 0.9422
vn 0.0920 0.6661 0.7401
vn -0.1798 0.4773 0.8602
vn 0.1319 0.6589 0.7406
vn -0.1622 0.5087 0.8455
vn 0.1017 -0.5254 0.8447
vn -0.1523 -0.6558 0.7394
vn 0.1310 -0.4842 0.8651
vn -0.2130 -0.6378 0.7401
vn 0.3294 -0.0611 0.9422
vn -0.3792 -0.4090 0.8300
vn 0.3000 -0.1568 0.9410
vn -0.3820 -0.2956 0.8756
vn 0.3820 0.2955 0.8756
vn -0.3301 0.0611 0.9420
vn 0.3793 0.4090 0.8300
vn -0.2999 0.1568 0.9410
vn 0.1524 0.6557 0.7394
vn -0.1309 0.4842 0.8651
vn 0.2131 0.6378 0.7401
vn -0.1016 0.5254 0.8448
vn 0.2980 -0.4528 0.8403
vn 0.0509 -0.6708 0.7399
vn 0.3098 -0.3971 0.8639
vn 0.0743 -0.6677 0.7407
vn 0.3331 0.0190 0.9427
vn -0.2023 -0.4941 0.8455
vn 0.3291 0.0581 0.9425
vn -0.2169 -0.4636 0.8591
vn 0.2160 0.4636 0.8593
vn -0.3330 -0.0190 0.9427
vn 0.2023 0.4940 0.8456
vn -0.3290 -0.0581 0.9425
vn -0.0508 0.6708 0.7399
vn -0.3097 0.3971 0.8639
vn -0.0742 0.6677 0.7407
vn -0.2979 0.4528 0.8404
vn 0.2159 -0.4889 0.8452
vn -0.0371 -0.6717 0.7399
vn 0.2296 -0.4577 0.8590
vn -0.0537 -0.6697 0.7407
vn 0.3331 -0.0142 0.9428
vn -0.2853 -0.4588 0.8415
vn 0.3311 -0.0425 0.9426
vn -0.2981 -0.4091 0.8624
vn 0.2982 0.4091 0.8624
vn -0.3331 0.0142 0.9428
vn 0.2854 0.4588 0.8415
vn -0.3310 0.0425 0.9427
vn 0.0372 0.6717 0.7399
vn -0.2296 0.4577 0.8590
vn 0.0538 0.6697 0.7407
vn -0.2158 0.4889 0.8452
vn -0.4632 0.3454 0.8162
vn -0.2735 0.6160 0.7388
vn -0.4258 0.1626 0.8901
vn -0.3548 0.5713 0.7401
vn -0.3157 -0.1178 0.9415
vn -0.0195 0.5399 0.8415
vn -0.2462 -0.2389 0.9393
vn 0.0538 0.4732 0.8793
vn -0.0537 -0.4732 0.8793
vn 0.3158 0.1178 0.9415
vn 0.0196 -0.5399 0.8415
vn 0.2463 0.2389 0.9393
vn 0.2736 -0.6159 0.7388
vn 0.4259 -0.1626 0.8900
vn 0.3548 -0.5713 0.7401
vn 0.4632 -0.3454 0.8162
vn -0.2706 0.6178 -0.7383
vn -0.4603 0.3475 -0.8169
vn -0.4249 0.1666 -0.8898
vn -0.3506 0.5738 -0.7401
vn -0.3165 -0.1158 -0.9415
vn -0.0166 0.5408 -0.8410
vn -0.2471 -0.2369 -0.9396
vn 0.0557 0.4741 -0.8787
vn -0.0556 -0.4741 -0.8787
vn 0.3165 0.1158 -0.9415
vn 0.0167 -0.5408 -0.8410
vn 0.2472 0.2369 -0.9396
vn 0.2697 -0.6180 -0.7385
vn 0.4250 -0.1666 -0.8897
vn 0.3507 -0.5738 -0.7401
vn 0.4604 -0.3474 -0.8169
vn -0.1397 0.4830 -0.8644
vn 0.1417 0.6581 -0.7395
vn -0.1124 0.5224 -0.8452
vn 0.1984 0.6423 -0.7403
vn -0.3301 0.0562 -0.9423
vn 0.3713 0.4138 -0.8312
vn -0.3037 0.1470 -0.9414
vn 0.3752 0.3082 -0.8742
vn -0.3751 -0.3082 -0.8742
vn 0.3307 -0.0561 -0.9421
vn -0.3712 -0.4138 -0.8313
vn 0.3038 -0.1470 -0.9413
vn -0.1416 -0.6581 -0.7395
vn 0.1397 -0.4830 -0.8644
vn -0.1983 -0.6424 -0.7403
vn 0.1124 -0.5224 -0.8452
vn -0.1515 0.4823 -0.8628
vn 0.1261 0.6611 -0.7396
vn -0.1280 0.5186 -0.8454
vn 0.1779 0.6483 -0.7404
vn -0.3311 0.0493 -0.9423
vn 0.3595 0.4205 -0.8330
vn -0.3096 0.1333 -0.9415
vn 0.3664 0.3238 -0.8723
vn -0.3663 -0.3239 -0.8723
vn 0.3311 -0.0493 -0.9423
vn -0.3594 -0.4205 -0.8330
vn 0.3088 -0.1334 -0.9417
vn -0.1260 -0.6611 -0.7396
vn 0.1516 -0.4823 -0.8628
vn -0.1778 -0.6483 -0.7403
vn 0.1281 -0.5186 -0.8454
vn -0.3164 0.3912 -0.8642
vn -0.0586 0.6697 -0.7403
vn -0.3038 0.4498 -0.8399
vn -0.0850 0.6668 -0.7404
vn -0.3331 -0.0220 -0.9426
vn 0.1954 0.4967 -0.8457
vn -0.3273 -0.0659 -0.9426
vn 0.2101 0.4663 -0.8593
vn -0.2100 -0.4664 -0.8593
vn 0.3332 0.0220 -0.9426
vn -0.1953 -0.4967 -0.8457
vn 0.3273 0.0659 -0.9426
vn 0.0587 -0.6697 -0.7403
vn 0.3165 -0.3912 -0.8642
vn 0.0851 -0.6668 -0.7403
vn 0.3038 -0.4498 -0.8399
vn -0.3185 0.3884 -0.8647
vn -0.0615 0.6696 -0.7402
vn -0.3068 0.4490 -0.8392
vn -0.0889 0.6660 -0.7406
vn -0.3331 -0.0230 -0.9426
vn 0.1925 0.4977 -0.8457
vn -0.3272 -0.0688 -0.9425
vn 0.2072 0.4674 -0.8594
vn -0.2071 -0.4674 -0.8594
vn 0.3332 0.0230 -0.9426
vn -0.1924 -0.4977 -0.8457
vn 0.3273 0.0688 -0.9424
vn 0.0616 -0.6696 -0.7402
vn 0.3186 -0.3884 -0.8646
vn 0.0890 -0.6660 -0.7406
vn 0.3069 -0.4490 -0.8392
vn -0.1367 0.4840 -0.8643
vn 0.1457 0.6572 -0.7395
vn -0.1084 0.5234 -0.8452
vn 0.2033 0.6406 -0.7405
vn -0.3302 0.0582 -0.9421
vn 0.3741 0.4117 -0.8310
vn -0.3018 0.1509 -0.9414
vn 0.3780 0.3032 -0.8748
vn -0.3779 -0.3032 -0.8748
vn 0.3302 -0.0582 -0.9421
vn -0.3741 -0.4117 -0.8310
vn 0.3019 -0.1509 -0.9413
vn -0.1456 -0.6572 -0.7395
vn 0.1358 -0.4841 -0.8644
vn -0.2032 -0.6406 -0.7405
vn 0.1085 -0.5234 -0.8452
vn -0.3790 0.4089 -0.8302
vn -0.3818 0.2954 -0.8758
vn -0.1524 0.6560 -0.7392
vn -0.2130 0.6376 -0.7403
vn -0.3303 -0.0611 -0.9419
vn 0.1017 0.5252 -0.8449
vn -0.3000 -0.1568 -0.9410
vn 0.1310 0.4840 -0.8652
vn -0.1309 -0.4840 -0.8652
vn 0.3295 0.0611 -0.9422
vn -0.1016 -0.5252 -0.8449
vn 0.3001 0.1568 -0.9409
vn 0.1525 -0.6559 -0.7392
vn 0.3819 -0.2954 -0.8757
vn 0.2130 -0.6375 -0.7404
vn 0.3791 -0.4088 -0.8302
vn -0.2638 0.4372 -0.8598
vn 0.0010 0.6719 -0.7406
vn -0.2510 0.4743 -0.8438
vn -0.3332 0.0005 -0.9428
vn 0.2520 0.4742 -0.8436
vn -0.3332 0.0015 -0.9429
vn 0.2649 0.4364 -0.8599
vn -0.2648 -0.4364 -0.8599
vn 0.3333 -0.0005 -0.9428
vn -0.2519 -0.4742 -0.8436
vn 0.3333 -0.0015 -0.9428
vn -0.0009 -0.6719 -0.7406
vn 0.2630 -0.4373 -0.8600
vn 0.2511 -0.4743 -0.8438
vn 0.3107 0.5963 -0.7402
vn -0.0205 0.5378 -0.8428
vn 0.2336 0.6316 -0.7393
vn 0.4368 0.3688 -0.8205
vn -0.0762 0.4793 -0.8743
vn 0.4161 0.2065 -0.8856
vn -0.3223 0.0982 -0.9415
vn 0.3224 -0.0982 -0.9415
vn -0.2648 0.2155 -0.9399
vn 0.2649 -0.2155 -0.9399
vn -0.4160 -0.2066 -0.8856
vn 0.0763 -0.4793 -0.8743
vn -0.4367 -0.3688 -0.8205
vn 0.0206 -0.5378 -0.8428
vn -0.2335 -0.6316 -0.7393
vn -0.3106 -0.5964 -0.7401
vn -0.1797 0.6491 -0.7392
vn -0.3985 0.3961 -0.8272
vn -0.3948 0.2663 -0.8793
vn -0.2461 0.6257 -0.7402
vn -0.3283 -0.0728 -0.9418
vn 0.0743 0.5311 -0.8441
vn -0.2891 -0.1783 -0.9405
vn 0.1114 0.4839 -0.8680
vn -0.1113 -0.4839 -0.8680
vn 0.3284 0.0728 -0.9417
vn -0.0742 -0.5311 -0.8441
vn 0.2892 0.1783 -0.9405
vn 0.1788 -0.6492 -0.7393
vn 0.3948 -0.2663 -0.8793
vn 0.2462 -0.6257 -0.7402
vn 0.3986 -0.3961 -0.8272
vn -0.2980 0.4089 -0.8626
vn -0.0371 0.6715 -0.7401
vn -0.2854 0.4589 -0.8414
vn -0.0537 0.6699 -0.7405
vn -0.3332 -0.0142 -0.9428
vn 0.2160 0.4891 -0.8450
vn -0.3312 -0.0425 -0.9426
vn 0.2297 0.4578 -0.8589
vn -0.2296 -0.4578 -0.8589
vn 0.3333 0.0142 -0.9427
vn -0.2159 -0.4891 -0.8451
vn 0.3312 0.0425 -0.9426
vn 0.0372 -0.6715 -0.7401
vn 0.2981 -0.4089 -0.8625
vn 0.0538 -0.6699 -0.7405
vn 0.2855 -0.4589 -0.8414
vn -0.3684 0.3210 -0.8725
vn -0.1299 0.6603 -0.7397
vn -0.3616 0.4198 -0.8325
vn -0.1826 0.6471 -0.7402
vn -0.3310 -0.0503 -0.9423
vn 0.1242 0.5196 -0.8453
vn -0.3077 -0.1363 -0.9417
vn 0.1485 0.4828 -0.8630
vn -0.1484 -0.4829 -0.8630
vn 0.3311 0.0503 -0.9422
vn -0.1251 -0.5195 -0.8453
vn 0.3078 0.1363 -0.9416
vn 0.1291 -0.6603 -0.7398
vn 0.3685 -0.3210 -0.8725
vn 0.1827 -0.6471 -0.7402
vn 0.3616 -0.4198 -0.8325
vn -0.1211 0.4842 -0.8665
vn 0.1662 0.6523 -0.7395
vn -0.0879 0.5280 -0.8447
vn 0.2306 0.6315 -0.7403
vn -0.3293 0.0670 -0.9419
vn 0.3899 0.4021 -0.8284
vn -0.2941 0.1685 -0.9408
vn 0.3891 0.2800 -0.8776
vn -0.3889 -0.2809 -0.8774
vn 0.3294 -0.0670 -0.9418
vn -0.3899 -0.4021 -0.8284
vn 0.2942 -0.1685 -0.9408
vn -0.1670 -0.6522 -0.7394
vn 0.1203 -0.4842 -0.8667
vn -0.2305 -0.6316 -0.7402
vn 0.0870 -0.5280 -0.8448
vn -0.2168 0.4634 -0.8592
vn 0.0508 0.6705 -0.7401
vn -0.2023 0.4942 -0.8455
vn 0.0743 0.6679 -0.7405
vn -0.3331 0.0190 -0.9427
vn 0.2981 0.4530 -0.8402
vn -0.3292 0.0581 -0.9425
vn 0.3099 0.3973 -0.8638
vn -0.3098 -0.3973 -0.8638
vn 0.3332 -0.0190 -0.9427
vn -0.2980 -0.4530 -0.8402
vn 0.3292 -0.0581 -0.9425
vn -0.0508 -0.6705 -0.7401
vn 0.2159 -0.4635 -0.8594
vn -0.0742 -0.6679 -0.7405
vn 0.2024 -0.4942 -0.8455
vn -0.2090 0.4665 -0.8595
vn 0.0596 0.6697 -0.7403
vn -0.1944 0.4968 -0.8458
vn 0.0860 0.6668 -0.7403
vn -0.3331 0.0220 -0.9426
vn 0.3047 0.4497 -0.8396
vn -0.3272 0.0669 -0.9426
vn 0.3166 0.3903 -0.8645
vn -0.3165 -0.3903 -0.8646
vn 0.3332 -0.0220 -0.9426
vn -0.3046 -0.4497 -0.8396
vn 0.3273 -0.0669 -0.9425
vn -0.0595 -0.6697 -0.7403
vn 0.2091 -0.4664 -0.8595
vn -0.0859 -0.6668 -0.7403
vn 0.1945 -0.4968 -0.8458
vn -0.2432 0.4498 -0.8594
vn 0.0225 0.6718 -0.7404
vn -0.2305 0.4830 -0.8447
vn 0.0323 0.6716 -0.7402
vn -0.3332 0.0083 -0.9428
vn 0.2717 0.4657 -0.8422
vn -0.3322 0.0259 -0.9429
vn 0.2844 0.4206 -0.8615
vn -0.2843 -0.4205 -0.8616
vn 0.3333 -0.0083 -0.9428
vn -0.2725 -0.4656 -0.8420
vn 0.3323 -0.0259 -0.9428
vn -0.0224 -0.6718 -0.7404
vn 0.2433 -0.4498 -0.8594
vn -0.0332 -0.6716 -0.7402
vn 0.2306 -0.4830 -0.8447
vn -0.0000 -1.0000 -0.0000
vn -0.0000 -0.8751 0.4839
vn -0.0000 -0.8933 0.4495
vn -0.0000 -0.7096 0.7046
vn -0.0000 -0.8753 -0.4836
vn -0.0000 -0.8934 -0.4492
vn -0.0000 -0.7096 -0.7046
vn -0.0000 -0.7098 -0.7044
vn -0.0000 -0.8751 0.4840
vt 0.000000 0.000000
s 1
f 1/1/1 2/1/2 3/1/3
f 4/1/4 3/1/3 2/1/2
f 5/1/5 4/1/4 2/1/2
f 5/1/5 2/1/2 6/1/6
f 7/1/7 4/1/4 5/1/5
f 4/1/4 7/1/7 8/1/8
f 7/1/7 5/1/5 9/1/9
f 10/1/10 8/1/8 7/1/7
f 11/1/11 6/1/6 2/1/2
f 2/1/2 1/1/1 11/1/11
f 6/1/6 11/1/11 12/1/12
f 11/1/11 13/1/13 12/1/12
f 14/1/14 7/1/7 9/1/9
f 14/1/14 10/1/10 7/1/7
f 14/1/14 9/1/9 15/1/15
f 16/1/16 14/1/14 15/1/15
f 17/1/17 10/1/10 14/1/14
f 14/1/14 16/1/16 17/1/17
f 10/1/10 17/1/17 18/1/18
f 19/1/19 17/1/17 16/1/16
f 20/1/20 18/1/18 17/1/17
f 19/1/19 20/1/20 17/1/17
f 21/1/21 20/1/20 19/1/19
f 21/1/21 19/1/19 13/1/13
f 11/1/11 21/1/21 13/1/13
f 20/1/20 21/1/21 22/1/22
f 1/1/1 21/1/21 11/1/11
f 21/1/21 1/1/1 22/1/22
f 23/1/23 24/1/24 25/1/25
f 24/1/24 23/1/23 26/1/26
f 23/1/23 27/1/27 26/1/26
f 27/1/27 23/1/23 28/1/28
f 28/1/28 23/1/23 29/1/29
f 25/1/25 29/1/29 23/1/23
f 29/1/29 25/1/25 30/1/30
f 25/1/25 31/1/31 30/1/30
f 25/1/25 24/1/24 32/1/32
f 25/1/25 32/1/32 31/1/31
f 24/1/24 33/1/33 32/1/32
f 32/1/32 34/1/34 31/1/31
f 35/1/35 32/1/32 33/1/33
f 32/1/32 35/1/35 34/1/34
f 35/1/35 36/1/36 34/1/34
f 36/1/36 35/1/35 37/1/37
f 34/1/34 36/1/36 38/1/38
f 39/1/39 36/1/36 37/1/37
f 40/1/40 38/1/38 36/1/36
f 36/1/36 39/1/39 40/1/40
f 38/1/38 40/1/40 41/1/41
f 40/1/40 42/1/42 41/1/41
f 39/1/39 43/1/43 40/1/40
f 40/1/40 43/1/43 42/1/42
f 43/1/43 39/1/39 44/1/44
f 43/1/43 28/1/28 42/1/42
f 27/1/27 43/1/43 44/1/44
f 43/1/43 27/1/27 28/1/28
f 45/1/45 46/1/46 47/1/46
f 46/1/46 45/1/45 48/1/47
f 45/1/45 49/1/48 48/1/47
f 49/1/48 45/1/45 50/1/48
f 50/1/48 51/1/49 49/1/48
f 51/1/49 50/1/48 52/1/50
f 53/1/51 51/1/49 52/1/50
f 53/1/51 52/1/50 54/1/52
f 55/1/51 56/1/50 57/1/49
f 56/1/50 55/1/51 58/1/52
f 59/1/48 57/1/49 56/1/50
f 56/1/50 60/1/48 59/1/48
f 61/1/47 59/1/48 60/1/48
f 60/1/48 62/1/45 61/1/47
f 63/1/46 61/1/47 62/1/45
f 62/1/45 64/1/46 63/1/46
f 65/1/53 66/1/54 67/1/55
f 66/1/54 68/1/56 67/1/55
f 65/1/53 67/1/55 69/1/57
f 66/1/54 70/1/58 68/1/56
f 71/1/59 65/1/53 69/1/57
f 70/1/58 72/1/60 68/1/56
f 71/1/59 69/1/57 73/1/61
f 70/1/58 74/1/62 72/1/60
f 75/1/63 71/1/59 73/1/61
f 74/1/62 76/1/64 72/1/60
f 75/1/63 73/1/61 77/1/65
f 74/1/62 78/1/66 76/1/64
f 79/1/67 75/1/63 77/1/65
f 78/1/66 80/1/68 76/1/64
f 79/1/67 77/1/65 80/1/68
f 78/1/66 79/1/67 80/1/68
f 81/1/69 82/1/70 83/1/71
f 83/1/71 84/1/72 81/1/69
f 82/1/70 81/1/69 85/1/73
f 86/1/74 81/1/69 84/1/72
f 85/1/73 87/1/75 82/1/70
f 88/1/76 86/1/74 84/1/72
f 87/1/75 85/1/73 89/1/77
f 88/1/76 90/1/78 86/1/74
f 89/1/77 91/1/79 87/1/75
f 88/1/76 92/1/80 90/1/78
f 91/1/79 93/1/81 87/1/75
f 92/1/80 88/1/76 94/1/82
f 95/1/83 93/1/81 91/1/79
f 94/1/82 95/1/83 92/1/80
f 93/1/81 95/1/83 96/1/84
f 95/1/83 94/1/82 96/1/84
f 97/1/85 98/1/86 99/1/87
f 98/1/86 97/1/85 100/1/88
f 99/1/87 101/1/89 97/1/85
f 102/1/90 98/1/86 100/1/88
f 101/1/89 99/1/87 103/1/91
f 104/1/92 98/1/86 102/1/90
f 101/1/89 103/1/91 105/1/93
f 106/1/94 104/1/92 102/1/90
f 105/1/93 107/1/95 101/1/89
f 104/1/92 106/1/94 108/1/96
f 105/1/93 109/1/97 107/1/95
f 106/1/94 110/1/98 108/1/96
f 107/1/95 109/1/97 111/1/99
f 110/1/98 106/1/94 112/1/100
f 109/1/97 112/1/100 111/1/99
f 112/1/100 109/1/97 110/1/98
f 113/1/101 114/1/102 115/1/103
f 113/1/101 115/1/103 116/1/104
f 114/1/102 113/1/101 117/1/105
f 118/1/106 113/1/101 116/1/104
f 117/1/105 119/1/107 114/1/102
f 120/1/108 118/1/106 116/1/104
f 119/1/107 117/1/105 121/1/109
f 120/1/108 122/1/110 118/1/106
f 121/1/109 123/1/111 119/1/107
f 120/1/108 124/1/112 122/1/110
f 123/1/111 125/1/113 119/1/107
f 124/1/112 120/1/108 126/1/114
f 127/1/115 125/1/113 123/1/111
f 126/1/114 127/1/115 124/1/112
f 125/1/113 127/1/115 128/1/116
f 127/1/115 126/1/114 128/1/116
f 129/1/117 130/1/118 131/1/119
f 130/1/118 129/1/117 132/1/120
f 131/1/119 133/1/121 129/1/117
f 134/1/122 130/1/118 132/1/120
f 133/1/121 131/1/119 135/1/123
f 136/1/124 130/1/118 134/1/122
f 133/1/121 135/1/123 137/1/125
f 134/1/122 138/1/126 136/1/124
f 133/1/121 137/1/125 139/1/127
f 136/1/124 138/1/126 140/1/128
f 137/1/125 141/1/129 139/1/127
f 138/1/126 142/1/130 140/1/128
f 139/1/127 141/1/129 143/1/131
f 142/1/130 138/1/126 144/1/132
f 141/1/129 144/1/132 143/1/131
f 144/1/132 141/1/129 142/1/130
f 145/1/133 146/1/134 147/1/135
f 146/1/134 145/1/133 148/1/136
f 147/1/135 149/1/137 145/1/133
f 150/1/138 146/1/134 148/1/136
f 149/1/137 147/1/135 151/1/139
f 152/1/140 146/1/134 150/1/138
f 149/1/137 151/1/139 153/1/141
f 154/1/142 152/1/140 150/1/138
f 153/1/141 155/1/143 149/1/137
f 152/1/140 154/1/142 156/1/144
f 153/1/141 157/1/145 155/1/143
f 154/1/142 158/1/146 156/1/144
f 155/1/143 157/1/145 159/1/147
f 158/1/146 154/1/142 160/1/148
f 157/1/145 160/1/148 159/1/147
f 160/1/148 157/1/145 158/1/146
f 161/1/149 162/1/150 163/1/151
f 161/1/149 163/1/151 164/1/152
f 162/1/150 161/1/149 165/1/153
f 166/1/154 161/1/149 164/1/152
f 165/1/153 167/1/155 162/1/150
f 168/1/156 166/1/154 164/1/152
f 167/1/155 165/1/153 169/1/157
f 166/1/154 168/1/156 170/1/158
f 169/1/157 171/1/159 167/1/155
f 168/1/156 172/1/160 170/1/158
f 171/1/159 173/1/161 167/1/155
f 172/1/160 168/1/156 174/1/162
f 175/1/163 173/1/161 171/1/159
f 174/1/162 175/1/163 172/1/160
f 173/1/161 175/1/163 176/1/164
f 175/1/163 174/1/162 176/1/164
f 177/1/165 178/1/166 179/1/167
f 177/1/165 179/1/167 180/1/168
f 178/1/166 177/1/165 181/1/169
f 182/1/170 177/1/165 180/1/168
f 181/1/169 183/1/171 178/1/166
f 184/1/172 182/1/170 180/1/168
f 183/1/171 181/1/169 185/1/173
f 182/1/170 184/1/172 186/1/174
f 185/1/173 187/1/175 183/1/171
f 184/1/172 188/1/176 186/1/174
f 187/1/175 189/1/177 183/1/171
f 188/1/176 184/1/172 190/1/178
f 187/1/175 191/1/179 189/1/177
f 190/1/178 191/1/179 188/1/176
f 189/1/177 191/1/179 192/1/180
f 191/1/179 190/1/178 192/1/180
f 193/1/181 194/1/182 195/1/183
f 194/1/182 193/1/181 196/1/184
f 195/1/183 197/1/185 193/1/181
f 198/1/186 194/1/182 196/1/184
f 197/1/185 195/1/183 199/1/187
f 194/1/182 198/1/186 200/1/188
f 197/1/185 199/1/187 201/1/189
f 200/1/188 198/1/186 202/1/190
f 197/1/185 201/1/189 203/1/191
f 200/1/188 202/1/190 204/1/192
f 201/1/189 205/1/193 203/1/191
f 202/1/190 206/1/194 204/1/192
f 203/1/191 205/1/193 207/1/195
f 206/1/194 202/1/190 208/1/196
f 205/1/193 208/1/196 207/1/195
f 208/1/196 205/1/193 206/1/194
f 209/1/197 210/1/198 211/1/199
f 209/1/197 211/1/199 212/1/200
f 210/1/198 209/1/197 213/1/201
f 214/1/202 209/1/197 212/1/200
f 213/1/201 215/1/203 210/1/198
f 216/1/204 214/1/202 212/1/200
f 215/1/203 213/1/201 217/1/205
f 216/1/204 218/1/206 214/1/202
f 217/1/205 219/1/207 215/1/203
f 216/1/204 220/1/208 218/1/206
f 219/1/207 221/1/209 215/1/203
f 220/1/208 216/1/204 222/1/210
f 223/1/211 221/1/209 219/1/207
f 222/1/210 223/1/211 220/1/208
f 221/1/209 223/1/211 224/1/212
f 223/1/211 222/1/210 224/1/212
f 225/1/213 226/1/214 227/1/215
f 226/1/214 225/1/213 228/1/216
f 227/1/215 229/1/217 225/1/213
f 230/1/218 226/1/214 228/1/216
f 229/1/217 227/1/215 231/1/219
f 226/1/214 230/1/218 232/1/220
f 229/1/217 231/1/219 233/1/221
f 232/1/220 230/1/218 234/1/222
f 229/1/217 233/1/221 235/1/223
f 232/1/220 234/1/222 236/1/224
f 233/1/221 237/1/225 235/1/223
f 234/1/222 238/1/226 236/1/224
f 235/1/223 237/1/225 239/1/227
f 238/1/226 234/1/222 240/1/228
f 237/1/225 240/1/228 239/1/227
f 240/1/228 237/1/225 238/1/226
f 241/1/229 242/1/230 243/1/231
f 242/1/230 241/1/229 244/1/232
f 243/1/231 245/1/233 241/1/229
f 246/1/234 242/1/230 244/1/232
f 245/1/233 243/1/231 247/1/235
f 248/1/236 242/1/230 246/1/234
f 245/1/233 247/1/235 249/1/237
f 250/1/238 248/1/236 246/1/234
f 249/1/237 251/1/239 245/1/233
f 248/1/236 250/1/238 252/1/240
f 249/1/237 253/1/241 251/1/239
f 250/1/238 254/1/242 252/1/240
f 251/1/239 253/1/241 255/1/243
f 254/1/242 250/1/238 256/1/244
f 253/1/241 256/1/244 255/1/243
f 256/1/244 253/1/241 254/1/242
f 257/1/245 258/1/246 259/1/247
f 258/1/246 257/1/245 260/1/248
f 259/1/247 261/1/249 257/1/245
f 262/1/250 258/1/246 260/1/248
f 261/1/249 259/1/247 263/1/251
f 264/1/252 258/1/246 262/1/250
f 261/1/249 263/1/251 265/1/253
f 266/1/254 264/1/252 262/1/250
f 265/1/253 267/1/255 261/1/249
f 264/1/252 266/1/254 268/1/256
f 265/1/253 269/1/257 267/1/255
f 266/1/254 270/1/258 268/1/256
f 267/1/255 269/1/257 271/1/259
f 270/1/258 266/1/254 272/1/260
f 269/1/257 272/1/260 271/1/259
f 272/1/260 269/1/257 270/1/258
f 273/1/261 274/1/262 275/1/263
f 274/1/262 273/1/261 276/1/264
f 275/1/263 277/1/265 273/1/261
f 278/1/266 274/1/262 276/1/264
f 277/1/265 275/1/263 279/1/267
f 278/1/266 280/1/268 274/1/262
f 277/1/265 279/1/267 281/1/269
f 280/1/268 278/1/266 282/1/270
f 277/1/265 281/1/269 283/1/271
f 280/1/268 282/1/270 284/1/272
f 281/1/269 285/1/273 283/1/271
f 282/1/270 286/1/274 284/1/272
f 283/1/271 285/1/273 287/1/275
f 286/1/274 282/1/270 288/1/276
f 285/1/273 288/1/276 287/1/275
f 288/1/276 285/1/273 286/1/274
f 289/1/277 290/1/278 291/1/279
f 290/1/278 289/1/277 292/1/280
f 291/1/279 293/1/281 289/1/277
f 290/1/278 292/1/280 294/1/282
f 293/1/281 291/1/279 295/1/283
f 296/1/284 290/1/278 294/1/282
f 293/1/281 295/1/283 297/1/285
f 298/1/286 296/1/284 294/1/282
f 297/1/285 299/1/287 293/1/281
f 296/1/284 298/1/286 300/1/288
f 297/1/285 301/1/289 299/1/287
f 298/1/286 302/1/290 300/1/288
f 299/1/287 301/1/289 303/1/291
f 302/1/290 298/1/286 304/1/292
f 301/1/289 304/1/292 303/1/291
f 304/1/292 301/1/289 302/1/290
f 305/1/293 306/1/294 307/1/295
f 306/1/294 305/1/293 308/1/296
f 307/1/295 309/1/297 305/1/293
f 310/1/298 306/1/294 308/1/296
f 309/1/297 307/1/295 311/1/299
f 312/1/300 306/1/294 310/1/298
f 309/1/297 311/1/299 313/1/301
f 314/1/302 312/1/300 310/1/298
f 313/1/301 315/1/303 309/1/297
f 312/1/300 314/1/302 316/1/304
f 313/1/301 317/1/305 315/1/303
f 314/1/302 318/1/306 316/1/304
f 315/1/303 317/1/305 319/1/307
f 318/1/306 314/1/302 320/1/308
f 317/1/305 320/1/308 319/1/307
f 320/1/308 317/1/305 318/1/306
f 321/1/309 322/1/310 323/1/311
f 322/1/310 321/1/309 324/1/312
f 323/1/311 325/1/313 321/1/309
f 326/1/314 322/1/310 324/1/312
f 325/1/313 323/1/311 327/1/315
f 322/1/310 326/1/314 328/1/316
f 325/1/313 327/1/315 329/1/317
f 328/1/316 326/1/314 330/1/318
f 325/1/313 329/1/317 331/1/319
f 332/1/320 328/1/316 330/1/318
f 329/1/317 333/1/321 331/1/319
f 330/1/318 334/1/322 332/1/320
f 331/1/319 333/1/321 335/1/323
f 334/1/322 330/1/318 336/1/324
f 333/1/321 336/1/324 335/1/323
f 336/1/324 333/1/321 334/1/322
f 337/1/325 338/1/326 339/1/327
f 338/1/326 337/1/325 340/1/328
f 339/1/327 338/1/326 341/1/329
f 337/1/325 342/1/330 340/1/328
f 343/1/331 339/1/327 341/1/329
f 342/1/330 337/1/325 344/1/332
f 341/1/329 345/1/333 343/1/331
f 344/1/332 346/1/334 342/1/330
f 345/1/333 341/1/329 347/1/335
f 346/1/334 344/1/332 348/1/336
f 347/1/335 349/1/337 345/1/333
f 346/1/334 348/1/336 350/1/338
f 349/1/337 347/1/335 351/1/339
f 346/1/334 350/1/338 352/1/340
f 350/1/338 349/1/337 352/1/340
f 352/1/340 349/1/337 351/1/339
f 353/1/341 354/1/342 355/1/343
f 354/1/342 356/1/344 355/1/343
f 357/1/345 353/1/341 355/1/343
f 354/1/342 358/1/346 356/1/344
f 353/1/341 357/1/345 359/1/347
f 358/1/346 354/1/342 360/1/348
f 357/1/345 361/1/349 359/1/347
f 360/1/348 362/1/350 358/1/346
f 361/1/349 357/1/345 363/1/351
f 362/1/350 360/1/348 364/1/352
f 363/1/351 365/1/353 361/1/349
f 364/1/352 366/1/354 362/1/350
f 365/1/353 363/1/351 367/1/355
f 366/1/354 368/1/356 362/1/350
f 368/1/356 365/1/353 367/1/355
f 366/1/354 365/1/353 368/1/356
f 369/1/357 370/1/358 371/1/359
f 370/1/358 372/1/360 371/1/359
f 373/1/361 369/1/357 371/1/359
f 370/1/358 374/1/362 372/1/360
f 369/1/357 373/1/361 375/1/363
f 374/1/362 370/1/358 376/1/364
f 373/1/361 377/1/365 375/1/363
f 376/1/364 378/1/366 374/1/362
f 377/1/365 373/1/361 379/1/367
f 378/1/366 376/1/364 380/1/368
f 379/1/367 381/1/369 377/1/365
f 380/1/368 382/1/370 378/1/366
f 381/1/369 379/1/367 383/1/371
f 382/1/370 384/1/372 378/1/366
f 384/1/372 381/1/369 383/1/371
f 382/1/370 381/1/369 384/1/372
f 385/1/373 386/1/374 387/1/375
f 387/1/375 386/1/374 388/1/376
f 389/1/377 385/1/373 387/1/375
f 386/1/374 390/1/378 388/1/376
f 385/1/373 389/1/377 391/1/379
f 390/1/378 386/1/374 392/1/380
f 389/1/377 393/1/381 391/1/379
f 392/1/380 394/1/382 390/1/378
f 393/1/381 389/1/377 395/1/383
f 394/1/382 392/1/380 396/1/384
f 395/1/383 397/1/385 393/1/381
f 394/1/382 396/1/384 398/1/386
f 397/1/385 395/1/383 399/1/387
f 398/1/386 400/1/388 394/1/382
f 400/1/388 397/1/385 399/1/387
f 398/1/386 397/1/385 400/1/388
f 401/1/389 402/1/390 403/1/391
f 403/1/391 402/1/390 404/1/392
f 405/1/393 401/1/389 403/1/391
f 402/1/390 406/1/394 404/1/392
f 401/1/389 405/1/393 407/1/395
f 406/1/394 402/1/390 408/1/396
f 405/1/393 409/1/397 407/1/395
f 408/1/396 410/1/398 406/1/394
f 409/1/397 405/1/393 411/1/399
f 410/1/398 408/1/396 412/1/400
f 411/1/399 413/1/401 409/1/397
f 410/1/398 412/1/400 414/1/402
f 413/1/401 411/1/399 415/1/403
f 414/1/402 416/1/404 410/1/398
f 416/1/404 413/1/401 415/1/403
f 414/1/402 413/1/401 416/1/404
f 417/1/405 418/1/406 419/1/407
f 418/1/406 420/1/408 419/1/407
f 421/1/409 417/1/405 419/1/407
f 418/1/406 422/1/410 420/1/408
f 417/1/405 421/1/409 423/1/411
f 422/1/410 418/1/406 424/1/412
f 421/1/409 425/1/413 423/1/411
f 424/1/412 426/1/414 422/1/410
f 425/1/413 421/1/409 427/1/415
f 426/1/414 424/1/412 428/1/416
f 427/1/415 429/1/417 425/1/413
f 428/1/416 430/1/418 426/1/414
f 429/1/417 427/1/415 431/1/419
f 430/1/418 432/1/420 426/1/414
f 432/1/420 429/1/417 431/1/419
f 429/1/417 432/1/420 430/1/418
f 433/1/421 434/1/422 435/1/423
f 433/1/421 435/1/423 436/1/424
f 434/1/422 433/1/421 437/1/425
f 435/1/423 438/1/426 436/1/424
f 434/1/422 437/1/425 439/1/427
f 438/1/426 435/1/423 440/1/428
f 437/1/425 441/1/429 439/1/427
f 440/1/428 442/1/430 438/1/426
f 441/1/429 437/1/425 443/1/431
f 442/1/430 440/1/428 444/1/432
f 443/1/431 445/1/433 441/1/429
f 442/1/430 444/1/432 446/1/434
f 445/1/433 443/1/431 447/1/435
f 442/1/430 446/1/434 448/1/436
f 446/1/434 445/1/433 448/1/436
f 448/1/436 445/1/433 447/1/435
f 449/1/437 450/1/438 451/1/439
f 450/1/438 452/1/438 451/1/439
f 453/1/440 449/1/437 451/1/439
f 450/1/438 454/1/441 452/1/438
f 449/1/437 453/1/440 455/1/442
f 454/1/441 450/1/438 456/1/443
f 453/1/440 457/1/444 455/1/442
f 456/1/443 458/1/445 454/1/441
f 457/1/444 453/1/440 459/1/446
f 458/1/445 456/1/443 460/1/447
f 459/1/446 461/1/448 457/1/444
f 458/1/445 460/1/447 462/1/449
f 461/1/448 459/1/446 463/1/448
f 462/1/449 464/1/450 458/1/445
f 464/1/450 461/1/448 463/1/448
f 462/1/449 461/1/448 464/1/450
f 465/1/451 466/1/452 467/1/453
f 467/1/453 468/1/454 465/1/451
f 469/1/455 467/1/453 466/1/452
f 468/1/454 467/1/453 470/1/456
f 471/1/457 469/1/455 466/1/452
f 470/1/456 472/1/458 468/1/454
f 471/1/457 473/1/459 469/1/455
f 472/1/458 470/1/456 474/1/460
f 471/1/457 475/1/461 473/1/459
f 474/1/460 476/1/462 472/1/458
f 475/1/461 471/1/457 477/1/463
f 476/1/462 478/1/464 472/1/458
f 477/1/463 479/1/465 475/1/461
f 479/1/465 478/1/464 476/1/462
f 479/1/465 477/1/463 480/1/466
f 478/1/464 479/1/465 480/1/466
f 481/1/467 482/1/468 483/1/469
f 482/1/468 481/1/467 484/1/470
f 483/1/469 482/1/468 485/1/471
f 481/1/467 486/1/472 484/1/470
f 483/1/469 485/1/471 487/1/473
f 486/1/472 481/1/467 488/1/474
f 485/1/471 489/1/475 487/1/473
f 488/1/474 490/1/476 486/1/472
f 489/1/475 485/1/471 491/1/477
f 490/1/476 488/1/474 492/1/478
f 491/1/477 493/1/479 489/1/475
f 490/1/476 492/1/478 494/1/480
f 493/1/479 491/1/477 495/1/481
f 490/1/476 494/1/480 496/1/482
f 494/1/480 493/1/479 496/1/482
f 496/1/482 493/1/479 495/1/481
f 497/1/483 498/1/484 499/1/485
f 499/1/485 498/1/484 500/1/486
f 501/1/487 497/1/483 499/1/485
f 498/1/484 502/1/488 500/1/486
f 497/1/483 501/1/487 503/1/489
f 502/1/488 498/1/484 504/1/490
f 501/1/487 505/1/491 503/1/489
f 504/1/490 506/1/492 502/1/488
f 505/1/491 501/1/487 507/1/493
f 506/1/492 504/1/490 508/1/494
f 507/1/493 509/1/495 505/1/491
f 506/1/492 508/1/494 510/1/496
f 509/1/495 507/1/493 511/1/497
f 510/1/496 512/1/498 506/1/492
f 512/1/498 509/1/495 511/1/497
f 510/1/496 509/1/495 512/1/498
f 513/1/499 514/1/500 515/1/501
f 515/1/501 514/1/500 516/1/502
f 515/1/501 517/1/503 513/1/499
f 514/1/500 518/1/504 516/1/502
f 513/1/499 517/1/503 519/1/505
f 518/1/504 514/1/500 520/1/506
f 517/1/503 521/1/507 519/1/505
f 520/1/506 522/1/508 518/1/504
f 521/1/507 517/1/503 523/1/509
f 522/1/508 520/1/506 524/1/510
f 523/1/509 525/1/511 521/1/507
f 522/1/508 524/1/510 526/1/512
f 525/1/511 523/1/509 527/1/513
f 522/1/508 526/1/512 528/1/514
f 526/1/512 525/1/511 528/1/514
f 528/1/514 525/1/511 527/1/513
f 529/1/515 530/1/516 531/1/517
f 530/1/516 532/1/518 531/1/517
f 533/1/519 529/1/515 531/1/517
f 530/1/516 534/1/520 532/1/518
f 533/1/519 535/1/521 529/1/515
f 534/1/520 530/1/516 536/1/522
f 533/1/519 537/1/523 535/1/521
f 536/1/522 538/1/524 534/1/520
f 537/1/523 533/1/519 539/1/525
f 538/1/524 536/1/522 540/1/526
f 539/1/525 541/1/527 537/1/523
f 540/1/526 542/1/528 538/1/524
f 541/1/527 539/1/525 543/1/529
f 542/1/528 544/1/530 538/1/524
f 544/1/530 541/1/527 543/1/529
f 541/1/527 544/1/530 542/1/528
f 545/1/531 546/1/532 547/1/533
f 546/1/532 548/1/534 547/1/533
f 549/1/535 545/1/531 547/1/533
f 546/1/532 550/1/536 548/1/534
f 545/1/531 549/1/535 551/1/537
f 550/1/536 546/1/532 552/1/538
f 549/1/535 553/1/539 551/1/537
f 552/1/538 554/1/540 550/1/536
f 553/1/539 549/1/535 555/1/541
f 554/1/540 552/1/538 556/1/542
f 555/1/541 557/1/543 553/1/539
f 554/1/540 556/1/542 558/1/544
f 557/1/543 555/1/541 559/1/545
f 558/1/544 560/1/546 554/1/540
f 560/1/546 557/1/543 559/1/545
f 558/1/544 557/1/543 560/1/546
f 561/1/547 562/1/548 563/1/549
f 562/1/548 564/1/550 563/1/549
f 565/1/551 561/1/547 563/1/549
f 562/1/548 566/1/552 564/1/550
f 561/1/547 565/1/551 567/1/553
f 566/1/552 562/1/548 568/1/554
f 565/1/551 569/1/555 567/1/553
f 568/1/554 570/1/556 566/1/552
f 569/1/555 565/1/551 571/1/557
f 570/1/556 568/1/554 572/1/558
f 571/1/557 573/1/559 569/1/555
f 570/1/556 572/1/558 574/1/560
f 573/1/559 571/1/557 575/1/561
f 574/1/560 576/1/562 570/1/556
f 576/1/562 573/1/559 575/1/561
f 574/1/560 573/1/559 576/1/562
f 577/1/563 578/1/564 579/1/565
f 578/1/564 580/1/566 579/1/565
f 581/1/567 577/1/563 579/1/565
f 578/1/564 582/1/568 580/1/566
f 577/1/563 581/1/567 583/1/569
f 582/1/568 578/1/564 584/1/570
f 581/1/567 585/1/571 583/1/569
f 584/1/570 586/1/572 582/1/568
f 585/1/571 581/1/567 587/1/573
f 586/1/572 584/1/570 588/1/574
f 587/1/573 589/1/575 585/1/571
f 586/1/572 588/1/574 590/1/576
f 589/1/575 587/1/573 591/1/577
f 590/1/576 592/1/578 586/1/572
f 592/1/578 589/1/575 591/1/577
f 590/1/576 589/1/575 592/1/578
f 593/1/579 594/1/580 595/1/581
f 596/1/582 595/1/581 594/1/580
f 594/1/580 597/1/582 596/1/582
f 595/1/581 598/1/579 593/1/579
f 599/1/583 593/1/579 598/1/579
f 598/1/579 600/1/584 599/1/583
f 601/1/585 599/1/583 600/1/584
f 599/1/583 601/1/585 602/1/585
f 603/1/579 604/1/584 605/1/579
f 604/1/584 603/1/579 606/1/583
f 607/1/586 604/1/584 606/1/583
f 607/1/586 606/1/583 608/1/586
f 605/1/579 609/1/587 603/1/579
f 609/1/587 605/1/579 610/1/581
f 611/1/582 609/1/587 610/1/581
f 609/1/587 611/1/582 612/1/582
o 112167651394598
v -1.307848 0.648382 -0.028393
v -1.307848 0.685411 0.031489
v -1.307848 0.685411 -0.037930
v -1.307848 0.722442 -0.028393
v -1.307848 0.648382 0.021953
v -1.307848 0.625035 -0.003220
v -1.307848 0.722442 0.021953
v -1.307848 0.745787 -0.003220
v 0.696135 0.685411 0.023360
v 0.696135 0.685411 -0.029801
v 0.696135 0.713770 0.016057
v 0.696135 0.657055 0.016057
v 0.696135 0.713770 -0.022498
v 0.696135 0.731647 -0.003220
v 0.696135 0.657055 -0.022498
v 0.696135 0.639177 -0.003220
v -1.293339 0.642773 0.025766
v -1.293339 0.685411 0.036747
v -1.307848 0.648382 0.021953
v -1.293339 0.615890 -0.003220
v -1.307848 0.625035 -0.003220
v -1.307848 0.685411 0.031489
v -1.307848 0.722442 0.021953
v -1.293339 0.728051 0.025766
v -1.293339 0.754934 -0.003220
v -1.307848 0.745787 -0.003220
v -1.307848 0.722442 -0.028393
v -1.293339 0.754934 -0.003220
v -1.293339 0.728051 -0.032207
v -1.307848 0.745787 -0.003220
v -1.293339 0.685411 -0.043188
v -1.307848 0.685411 -0.037930
v -1.307848 0.648382 -0.028393
v -1.293339 0.642772 -0.032207
v -1.293339 0.615890 -0.003220
v -1.307848 0.625035 -0.003220
v 0.685024 0.738650 -0.003220
v 0.696135 0.713770 0.016057
v 0.696135 0.731647 -0.003220
v 0.685024 0.718065 0.018977
v 0.685024 0.685411 0.027386
v 0.696135 0.685411 0.023360
v 0.696135 0.657055 0.016057
v 0.685024 0.652759 0.018977
v 0.685024 0.632172 -0.003220
v 0.696135 0.639177 -0.003220
v 0.696135 0.685411 -0.029801
v 0.696135 0.657055 -0.022498
v 0.685024 0.685411 -0.033827
v 0.696135 0.713770 -0.022498
v 0.685024 0.652759 -0.025418
v 0.685024 0.632172 -0.003220
v 0.696135 0.639177 -0.003220
v 0.685024 0.718065 -0.025418
v 0.685024 0.738650 -0.003220
v 0.696135 0.731647 -0.003220
v 1.392880 0.196139 0.149538
v 1.376215 0.161743 0.149538
v 1.428041 0.122694 0.162688
v 1.389908 0.104474 0.149538
v 1.430142 0.187511 0.149538
v 1.425940 0.057876 0.149538
v 1.466175 0.140914 0.149538
v 1.463202 0.049250 0.149538
v 1.479868 0.083645 0.149538
v 1.349862 0.183246 -0.150506
v 1.383241 0.226411 -0.150506
v 1.385187 0.166367 -0.162688
v 1.417760 0.234405 -0.150506
v 1.337176 0.130193 -0.150506
v 1.433198 0.202542 -0.150506
v 1.352614 0.098329 -0.150506
v 1.420513 0.149488 -0.150506
v 1.387134 0.106321 -0.150506
v 0.414675 0.296413 0.138673
v 0.399911 0.274604 0.138673
v 0.431393 0.242852 0.147734
v 0.403589 0.234196 0.138673
v 0.439233 0.286845 0.138673
v 0.423554 0.198859 0.138673
v 0.459198 0.251508 0.138673
v 0.448111 0.189292 0.138673
v 0.462876 0.211101 0.138673
v 0.439630 0.262297 -0.145032
v 0.448232 0.301962 -0.145032
v 0.468751 0.262266 -0.154094
v 0.468854 0.318374 -0.145032
v 0.448087 0.222615 -0.145032
v 0.489416 0.301918 -0.145032
v 0.468648 0.206159 -0.145032
v 0.497872 0.262235 -0.145032
v 0.489270 0.222571 -0.145032
v 0.786391 -0.182995 -0.145337
v 0.801339 -0.153043 -0.145337
v 0.809660 -0.188947 -0.152810
v 0.821160 -0.144123 -0.145337
v 0.785075 -0.216433 -0.145337
v 0.834246 -0.161459 -0.145337
v 0.798160 -0.233770 -0.145337
v 0.832929 -0.194898 -0.145337
v 0.817982 -0.224849 -0.145337
v 1.087470 0.281198 0.137508
v 1.065906 0.270484 0.137508
v 1.076676 0.231049 0.145792
v 1.050651 0.236670 0.137508
v 1.102710 0.262534 0.137508
v 1.050641 0.199563 0.137508
v 1.102700 0.225426 0.137508
v 1.065881 0.180899 0.137508
v 1.087445 0.191612 0.137508
v -0.315462 0.167011 -0.143719
v -0.325752 0.200463 -0.143719
v -0.293558 0.179289 -0.151532
v -0.317183 0.221510 -0.143719
v -0.292341 0.140754 -0.143719
v -0.294775 0.217827 -0.143719
v -0.269932 0.137070 -0.143719
v -0.271654 0.191569 -0.143719
v -0.261364 0.158118 -0.143719
v -0.596652 0.305560 -0.143728
v -0.579833 0.336975 -0.143728
v -0.572074 0.298517 -0.151682
v -0.558470 0.345862 -0.143728
v -0.599073 0.270022 -0.143728
v -0.545076 0.327015 -0.143728
v -0.585679 0.251174 -0.143728
v -0.547497 0.291475 -0.143728
v -0.564316 0.260061 -0.143728
v -1.184565 0.316275 -0.142689
v -1.168551 0.345651 -0.142689
v -1.161538 0.309487 -0.150158
v -1.148428 0.353845 -0.142689
v -1.187091 0.282922 -0.142689
v -1.135984 0.336054 -0.142689
v -1.174648 0.265128 -0.142689
v -1.138510 0.302699 -0.142689
v -1.154525 0.273322 -0.142689
v 1.109293 0.060706 -0.143813
v 1.112116 0.093078 -0.143813
v 1.132424 0.063625 -0.151067
v 1.126835 0.108195 -0.143813
v 1.120020 0.030045 -0.143813
v 1.144827 0.097205 -0.143813
v 1.138013 0.019055 -0.143813
v 1.155555 0.066544 -0.143813
v 1.152732 0.034173 -0.143813
v -0.731495 0.338344 0.134935
v -0.744889 0.319497 0.134935
v -0.717890 0.291000 0.142890
v -0.742468 0.283957 0.134935
v -0.710132 0.329457 0.134935
v -0.725649 0.252543 0.134935
v -0.693313 0.298042 0.134935
v -0.704286 0.243656 0.134935
v -0.690892 0.262502 0.134935
v -0.396234 0.288901 0.134867
v -0.417712 0.281526 0.134867
v -0.412476 0.243327 0.142679
v -0.436123 0.251773 0.134867
v -0.384270 0.269578 0.134867
v -0.440681 0.217074 0.134867
v -0.388828 0.234878 0.134867
v -0.428717 0.197753 0.134867
v -0.407239 0.205127 0.134867
v 0.182196 0.172895 -0.141620
v 0.177555 0.206464 -0.141620
v 0.205038 0.181230 -0.149184
v 0.189012 0.225251 -0.141620
v 0.200218 0.144207 -0.141620
v 0.209858 0.218252 -0.141620
v 0.221064 0.137208 -0.141620
v 0.227880 0.189564 -0.141620
v 0.232521 0.155996 -0.141620
v 0.471328 -0.183596 -0.142296
v 0.474156 -0.153318 -0.142296
v 0.492990 -0.180998 -0.149085
v 0.488017 -0.139257 -0.142296
v 0.481190 -0.212351 -0.142296
v 0.504791 -0.149645 -0.142296
v 0.497964 -0.222739 -0.142296
v 0.514653 -0.178400 -0.142296
v 0.511825 -0.208676 -0.142296
v 1.595191 -0.033389 0.133195
v 1.577461 -0.041226 0.133195
v 1.584696 -0.073333 0.139863
v 1.563968 -0.067871 0.133195
v 1.606774 -0.048951 0.133195
v 1.562618 -0.097716 0.133195
v 1.605424 -0.078797 0.133195
v 1.574200 -0.113278 0.133195
v 1.591931 -0.105441 0.133195
v 0.823486 -0.137597 0.132620
v 0.806711 -0.147985 0.132620
v 0.818512 -0.179338 0.139407
v 0.796849 -0.176740 0.132620
v 0.837347 -0.151660 0.132620
v 0.799678 -0.207018 0.132620
v 0.840175 -0.181936 0.132620
v 0.813539 -0.221079 0.132620
v 0.830313 -0.210691 0.132620
v -1.194123 0.324828 0.133117
v -1.206566 0.307037 0.133117
v -1.181013 0.280469 0.140588
v -1.204041 0.273683 0.133117
v -1.174000 0.316634 0.133117
v -1.188026 0.244305 0.133117
v -1.157985 0.287257 0.133117
v -1.167903 0.236111 0.133117
v -1.155460 0.253903 0.133117
v 0.512659 -0.127163 0.133363
v 0.491813 -0.134164 0.133363
v 0.496633 -0.171186 0.140929
v 0.473791 -0.162851 0.133363
v 0.524117 -0.145951 0.133363
v 0.469150 -0.196420 0.133363
v 0.519475 -0.179521 0.133363
v 0.480607 -0.215206 0.133363
v 0.501453 -0.208208 0.133363
v 0.078926 0.329706 0.131705
v 0.060933 0.318715 0.131705
v 0.073337 0.285136 0.138958
v 0.050206 0.288053 0.131705
v 0.093645 0.314588 0.131705
v 0.053029 0.255682 0.131705
v 0.096468 0.282217 0.131705
v 0.067748 0.240564 0.131705
v 0.085741 0.251556 0.131705
v -0.154958 0.198948 0.131833
v -0.164908 0.183469 0.131833
v -0.142390 0.161815 0.138164
v -0.161668 0.155305 0.131833
v -0.137645 0.192675 0.131833
v -0.147134 0.130954 0.131833
v -0.123111 0.168322 0.131833
v -0.129821 0.124680 0.131833
v -0.119870 0.140158 0.131833
v -0.074062 0.272437 -0.138032
v -0.059529 0.296790 -0.138032
v -0.054784 0.265929 -0.144361
v -0.042216 0.303064 -0.138032
v -0.077303 0.244274 -0.138032
v -0.032265 0.287585 -0.138032
v -0.067352 0.228795 -0.138032
v -0.035505 0.259420 -0.138032
v -0.050039 0.235069 -0.138032
v -1.409044 0.252491 -0.138395
v -1.411261 0.277445 -0.138395
v -1.391878 0.257821 -0.143986
v -1.402123 0.290903 -0.138395
v -1.396772 0.230660 -0.138395
v -1.386985 0.284983 -0.138395
v -1.381633 0.224739 -0.138395
v -1.374712 0.263151 -0.138395
v -1.372496 0.238199 -0.138395
v -0.865544 0.261464 -0.137421
v -0.862339 0.284812 -0.137421
v -0.848683 0.262749 -0.142682
v -0.851135 0.295236 -0.137421
v -0.858872 0.238869 -0.137421
v -0.838495 0.286631 -0.137421
v -0.846232 0.230262 -0.137421
v -0.831823 0.264034 -0.137421
v -0.835028 0.240687 -0.137421
v 1.567504 -0.044237 -0.136872
v 1.566384 -0.019484 -0.136872
v 1.584695 -0.039706 -0.142402
v 1.575991 -0.006578 -0.136872
v 1.578695 -0.066336 -0.136872
v 1.590696 -0.013078 -0.136872
v 1.593400 -0.072835 -0.136872
v 1.601886 -0.035175 -0.136872
v 1.603006 -0.059927 -0.136872
v 0.289923 0.155667 0.129826
v 0.274731 0.147605 0.129826
v 0.283176 0.119651 0.135742
v 0.264487 0.123167 0.129826
v 0.301163 0.142632 0.129826
v 0.265190 0.096672 0.129826
v 0.301866 0.116137 0.129826
v 0.276430 0.083638 0.129826
v 0.291622 0.091699 0.129826
v -1.620148 0.304019 -0.135960
v -1.613083 0.325628 -0.135960
v -1.603922 0.302334 -0.141035
v -1.600652 0.333592 -0.135960
v -1.617708 0.281422 -0.135960
v -1.590136 0.323245 -0.135960
v -1.607193 0.271074 -0.135960
v -1.587697 0.300648 -0.135960
v -1.594762 0.279039 -0.135960
v -1.392240 0.352046 0.128823
v -1.407380 0.346125 0.128823
v -1.402485 0.318964 0.134416
v -1.419651 0.324295 0.128823
v -1.383103 0.338588 0.128823
v -1.421868 0.299341 0.128823
v -1.385320 0.313634 0.128823
v -1.412731 0.285882 0.128823
v -1.397592 0.291802 0.128823
v -0.936674 0.359695 0.127849
v -0.949314 0.351088 0.127849
v -0.939125 0.327207 0.133110
v -0.955985 0.328493 0.127849
v -0.925470 0.349271 0.127849
v -0.952781 0.305144 0.127849
v -0.922265 0.325922 0.127849
v -0.941577 0.294721 0.127849
v -0.928937 0.303328 0.127849
v 0.916991 0.273562 -0.134367
v 0.923744 0.299194 -0.134367
v 0.935989 0.272704 -0.140285
v 0.937670 0.309308 -0.134367
v 0.921367 0.247429 -0.134367
v 0.950611 0.297980 -0.134367
v 0.934308 0.236101 -0.134367
v 0.954987 0.271846 -0.134367
v 0.948234 0.246215 -0.134367
v -1.603758 0.318884 0.126388
v -1.614273 0.308536 0.126388
v -1.600487 0.287624 0.131463
v -1.616712 0.285938 0.126388
v -1.591327 0.310920 0.126388
v -1.609647 0.264328 0.126388
v -1.584261 0.289309 0.126388
v -1.597216 0.256364 0.126388
v -1.586701 0.266712 0.126388
v 0.385729 -0.045444 -0.133087
v 0.391774 -0.027922 -0.133087
v 0.398933 -0.047031 -0.137224
v 0.402012 -0.021593 -0.133087
v 0.387419 -0.063895 -0.133087
v 0.410447 -0.030167 -0.133087
v 0.395853 -0.072470 -0.133087
v 0.412137 -0.048619 -0.133087
v 0.406092 -0.066142 -0.133087
v 1.020610 -0.062296 0.123988
v 1.025083 -0.051133 0.123988
v 1.007953 -0.040018 0.128125
v 1.019521 -0.033457 0.123988
v 1.008723 -0.060411 0.123988
v 1.007183 -0.019625 0.123988
v 0.996385 -0.046578 0.123988
v 0.995295 -0.017740 0.123988
v 0.990823 -0.028904 0.123988
v 1.008723 -0.060411 0.123988
v 1.019521 -0.033457 0.123988
v 1.025083 -0.051133 0.123988
v 1.020610 -0.062296 0.123988
v 0.996385 -0.046578 0.123988
v 1.007183 -0.019625 0.123988
v 0.990823 -0.028904 0.123988
v 0.995295 -0.017740 0.123988
v 0.410447 -0.030167 -0.133087
v 0.402012 -0.021593 -0.133087
v 0.391774 -0.027922 -0.133087
v 0.412137 -0.048619 -0.133087
v 0.385729 -0.045444 -0.133087
v 0.406092 -0.066142 -0.133087
v 0.387419 -0.063895 -0.133087
v 0.395853 -0.072470 -0.133087
v 0.950611 0.297980 -0.134367
v 0.937670 0.309308 -0.134367
v 0.923744 0.299194 -0.134367
v 0.954987 0.271846 -0.134367
v 0.916991 0.273562 -0.134367
v 0.948234 0.246215 -0.134367
v 0.921367 0.247429 -0.134367
v 0.934308 0.236101 -0.134367
v -1.586701 0.266712 0.126388
v -1.597216 0.256364 0.126388
v -1.609647 0.264328 0.126388
v -1.584261 0.289309 0.126388
v -1.616712 0.285938 0.126388
v -1.591327 0.310920 0.126388
v -1.614273 0.308536 0.126388
v -1.603758 0.318884 0.126388
v -0.941577 0.294721 0.127849
v -0.952781 0.305144 0.127849
v -0.928937 0.303328 0.127849
v -0.922265 0.325922 0.127849
v -0.955985 0.328493 0.127849
v -0.925470 0.349271 0.127849
v -0.949314 0.351088 0.127849
v -0.936674 0.359695 0.127849
v -1.590136 0.323245 -0.135960
v -1.600652 0.333592 -0.135960
v -1.613083 0.325628 -0.135960
v -1.587697 0.300648 -0.135960
v -1.620148 0.304019 -0.135960
v -1.594762 0.279039 -0.135960
v -1.617708 0.281422 -0.135960
v -1.607193 0.271074 -0.135960
v 1.575991 -0.006578 -0.136872
v 1.566384 -0.019484 -0.136872
v 1.590696 -0.013078 -0.136872
v 1.601886 -0.035175 -0.136872
v 1.567504 -0.044237 -0.136872
v 1.603006 -0.059927 -0.136872
v 1.578695 -0.066336 -0.136872
v 1.593400 -0.072835 -0.136872
v -1.412731 0.285882 0.128823
v -1.421868 0.299341 0.128823
v -1.397592 0.291802 0.128823
v -1.385320 0.313634 0.128823
v -1.419651 0.324295 0.128823
v -1.383103 0.338588 0.128823
v -1.407380 0.346125 0.128823
v -1.392240 0.352046 0.128823
v -0.032265 0.287585 -0.138032
v -0.042216 0.303064 -0.138032
v -0.059529 0.296790 -0.138032
v -0.035505 0.259420 -0.138032
v -0.074062 0.272437 -0.138032
v -0.050039 0.235069 -0.138032
v -0.077303 0.244274 -0.138032
v -0.067352 0.228795 -0.138032
v -0.851135 0.295236 -0.137421
v -0.862339 0.284812 -0.137421
v -0.838495 0.286631 -0.137421
v -0.831823 0.264034 -0.137421
v -0.865544 0.261464 -0.137421
v -0.835028 0.240687 -0.137421
v -0.858872 0.238869 -0.137421
v -0.846232 0.230262 -0.137421
v -1.402123 0.290903 -0.138395
v -1.411261 0.277445 -0.138395
v -1.386985 0.284983 -0.138395
v -1.374712 0.263151 -0.138395
v -1.409044 0.252491 -0.138395
v -1.372496 0.238199 -0.138395
v -1.396772 0.230660 -0.138395
v -1.381633 0.224739 -0.138395
v 0.276430 0.083638 0.129826
v 0.265190 0.096672 0.129826
v 0.291622 0.091699 0.129826
v 0.301866 0.116137 0.129826
v 0.264487 0.123167 0.129826
v 0.301163 0.142632 0.129826
v 0.274731 0.147605 0.129826
v 0.289923 0.155667 0.129826
v 0.067748 0.240564 0.131705
v 0.053029 0.255682 0.131705
v 0.085741 0.251556 0.131705
v 0.096468 0.282217 0.131705
v 0.050206 0.288053 0.131705
v 0.093645 0.314588 0.131705
v 0.060933 0.318715 0.131705
v 0.078926 0.329706 0.131705
v -0.119870 0.140158 0.131833
v -0.129821 0.124680 0.131833
v -0.147134 0.130954 0.131833
v -0.123111 0.168322 0.131833
v -0.161668 0.155305 0.131833
v -0.137645 0.192675 0.131833
v -0.164908 0.183469 0.131833
v -0.154958 0.198948 0.131833
v 1.574200 -0.113278 0.133195
v 1.562618 -0.097716 0.133195
v 1.591931 -0.105441 0.133195
v 1.605424 -0.078797 0.133195
v 1.563968 -0.067871 0.133195
v 1.606774 -0.048951 0.133195
v 1.577461 -0.041226 0.133195
v 1.595191 -0.033389 0.133195
v 0.813539 -0.221079 0.132620
v 0.799678 -0.207018 0.132620
v 0.830313 -0.210691 0.132620
v 0.840175 -0.181936 0.132620
v 0.796849 -0.176740 0.132620
v 0.837347 -0.151660 0.132620
v 0.806711 -0.147985 0.132620
v 0.823486 -0.137597 0.132620
v -1.155460 0.253903 0.133117
v -1.167903 0.236111 0.133117
v -1.188026 0.244305 0.133117
v -1.157985 0.287257 0.133117
v -1.204041 0.273683 0.133117
v -1.174000 0.316634 0.133117
v -1.206566 0.307037 0.133117
v -1.194123 0.324828 0.133117
v 0.519475 -0.179521 0.133363
v 0.469150 -0.196420 0.133363
v 0.473791 -0.162851 0.133363
v 0.501453 -0.208208 0.133363
v 0.480607 -0.215206 0.133363
v 0.524117 -0.145951 0.133363
v 0.491813 -0.134164 0.133363
v 0.512659 -0.127163 0.133363
v 0.227880 0.189564 -0.141620
v 0.177555 0.206464 -0.141620
v 0.182196 0.172895 -0.141620
v 0.209858 0.218252 -0.141620
v 0.189012 0.225251 -0.141620
v 0.232521 0.155996 -0.141620
v 0.200218 0.144207 -0.141620
v 0.221064 0.137208 -0.141620
v 0.488017 -0.139257 -0.142296
v 0.474156 -0.153318 -0.142296
v 0.504791 -0.149645 -0.142296
v 0.514653 -0.178400 -0.142296
v 0.471328 -0.183596 -0.142296
v 0.511825 -0.208676 -0.142296
v 0.481190 -0.212351 -0.142296
v 0.497964 -0.222739 -0.142296
v -1.135984 0.336054 -0.142689
v -1.148428 0.353845 -0.142689
v -1.168551 0.345651 -0.142689
v -1.138510 0.302699 -0.142689
v -1.184565 0.316275 -0.142689
v -1.154525 0.273322 -0.142689
v -1.187091 0.282922 -0.142689
v -1.174648 0.265128 -0.142689
v -0.690892 0.262502 0.134935
v -0.704286 0.243656 0.134935
v -0.725649 0.252543 0.134935
v -0.693313 0.298042 0.134935
v -0.742468 0.283957 0.134935
v -0.710132 0.329457 0.134935
v -0.744889 0.319497 0.134935
v -0.731495 0.338344 0.134935
v -0.388828 0.234878 0.134867
v -0.440681 0.217074 0.134867
v -0.436123 0.251773 0.134867
v -0.407239 0.205127 0.134867
v -0.428717 0.197753 0.134867
v -0.384270 0.269578 0.134867
v -0.417712 0.281526 0.134867
v -0.396234 0.288901 0.134867
v -0.261364 0.158118 -0.143719
v -0.315462 0.167011 -0.143719
v -0.292341 0.140754 -0.143719
v -0.269932 0.137070 -0.143719
v -0.271654 0.191569 -0.143719
v -0.325752 0.200463 -0.143719
v -0.294775 0.217827 -0.143719
v -0.317183 0.221510 -0.143719
v -0.545076 0.327015 -0.143728
v -0.558470 0.345862 -0.143728
v -0.579833 0.336975 -0.143728
v -0.547497 0.291475 -0.143728
v -0.596652 0.305560 -0.143728
v -0.564316 0.260061 -0.143728
v -0.599073 0.270022 -0.143728
v -0.585679 0.251174 -0.143728
v 1.126835 0.108195 -0.143813
v 1.112116 0.093078 -0.143813
v 1.144827 0.097205 -0.143813
v 1.155555 0.066544 -0.143813
v 1.109293 0.060706 -0.143813
v 1.152732 0.034173 -0.143813
v 1.120020 0.030045 -0.143813
v 1.138013 0.019055 -0.143813
v 0.489416 0.301918 -0.145032
v 0.468854 0.318374 -0.145032
v 0.448232 0.301962 -0.145032
v 0.497872 0.262235 -0.145032
v 0.439630 0.262297 -0.145032
v 0.489270 0.222571 -0.145032
v 0.448087 0.222615 -0.145032
v 0.468648 0.206159 -0.145032
v 0.834246 -0.161459 -0.145337
v 0.821160 -0.144123 -0.145337
v 0.801339 -0.153043 -0.145337
v 0.832929 -0.194898 -0.145337
v 0.786391 -0.182995 -0.145337
v 0.817982 -0.224849 -0.145337
v 0.785075 -0.216433 -0.145337
v 0.798160 -0.233770 -0.145337
v 1.065881 0.180899 0.137508
v 1.050641 0.199563 0.137508
v 1.087445 0.191612 0.137508
v 1.102700 0.225426 0.137508
v 1.050651 0.236670 0.137508
v 1.102710 0.262534 0.137508
v 1.065906 0.270484 0.137508
v 1.087470 0.281198 0.137508
v 0.462876 0.211101 0.138673
v 0.448111 0.189292 0.138673
v 0.423554 0.198859 0.138673
v 0.459198 0.251508 0.138673
v 0.403589 0.234196 0.138673
v 0.439233 0.286845 0.138673
v 0.399911 0.274604 0.138673
v 0.414675 0.296413 0.138673
v 1.383241 0.226411 -0.150506
v 1.349862 0.183246 -0.150506
v 1.420513 0.149488 -0.150506
v 1.433198 0.202542 -0.150506
v 1.417760 0.234405 -0.150506
v 1.387134 0.106321 -0.150506
v 1.337176 0.130193 -0.150506
v 1.352614 0.098329 -0.150506
v 1.425940 0.057876 0.149538
v 1.389908 0.104474 0.149538
v 1.466175 0.140914 0.149538
v 1.479868 0.083645 0.149538
v 1.463202 0.049250 0.149538
v 1.430142 0.187511 0.149538
v 1.376215 0.161743 0.149538
v 1.392880 0.196139 0.149538
v 0.685024 0.685411 -0.033827
v 0.685024 0.652759 -0.025418
v 0.685024 0.652759 0.018977
v 0.685024 0.632172 -0.003220
v 0.685024 0.685411 0.027386
v 0.685024 0.718065 -0.025418
v 0.685024 0.718065 0.018977
v 0.685024 0.738650 -0.003220
v -1.293339 0.685411 0.036747
v -1.293339 0.685411 -0.043188
v -1.293339 0.728051 0.025766
v -1.293339 0.642773 0.025766
v -1.293339 0.728051 -0.032207
v -1.293339 0.754934 -0.003220
v -1.293339 0.642772 -0.032207
v -1.293339 0.615890 -0.003220
vn -1.0000 -0.0000 -0.0000
vn 1.0000 -0.0000 -0.0000
vn -0.4059 -0.5571 0.7245
vn -0.3405 -0.0002 0.9403
vn -0.3776 -0.4145 0.8280
vn -0.4195 -0.6656 0.6173
vn -0.3407 -0.0000 0.9402
vn -0.3777 0.4141 0.8282
vn -0.4058 0.5575 0.7242
vn -0.4196 0.6656 0.6172
vn -0.3777 0.4141 -0.8282
vn -0.4196 0.6656 -0.6172
vn -0.4058 0.5575 -0.7243
vn -0.3404 -0.0003 -0.9403
vn -0.3404 -0.0002 -0.9403
vn -0.3776 -0.4145 -0.8280
vn -0.4059 -0.5571 -0.7245
vn -0.4195 -0.6656 -0.6173
vn 0.4195 0.6656 0.6173
vn 0.3777 0.4141 0.8282
vn 0.4058 0.5575 0.7243
vn 0.3407 -0.0000 0.9402
vn 0.3776 -0.4145 0.8280
vn 0.4059 -0.5571 0.7245
vn 0.4196 -0.6655 0.6173
vn 0.4196 -0.6655 0.6172
vn 0.3407 -0.0000 -0.9402
vn 0.3776 -0.4145 -0.8280
vn 0.3403 -0.0003 -0.9403
vn 0.3777 0.4141 -0.8282
vn 0.4059 -0.5571 -0.7245
vn 0.4196 -0.6656 -0.6172
vn 0.4058 0.5574 -0.7243
vn 0.4195 0.6656 -0.6172
vn -0.0327 0.1610 0.9864
vn -0.2018 0.0604 0.9776
vn -0.0000 -0.0000 1.0000
vn -0.2583 -0.1487 0.9546
vn 0.0787 0.1961 0.9774
vn -0.0786 -0.1956 0.9775
vn 0.2583 0.1482 0.9546
vn 0.0327 -0.1605 0.9865
vn 0.2018 -0.0608 0.9775
vn -0.2583 0.1482 -0.9546
vn -0.0787 0.1961 -0.9774
vn -0.0000 -0.0000 -1.0000
vn 0.0328 0.1610 -0.9864
vn -0.2018 -0.0608 -0.9775
vn 0.2018 0.0604 -0.9776
vn -0.0327 -0.1605 -0.9865
vn 0.2583 -0.1487 -0.9546
vn 0.0786 -0.1956 -0.9775
vn -0.0210 0.1600 0.9869
vn -0.1891 0.0916 0.9777
vn -0.2788 -0.1047 0.9546
vn 0.1021 0.1835 0.9777
vn -0.1022 -0.1830 0.9778
vn 0.2788 0.1043 0.9547
vn 0.0210 -0.1604 0.9868
vn 0.1891 -0.0921 0.9776
vn -0.2971 0.0005 -0.9548
vn -0.1500 0.1454 -0.9779
vn 0.0005 0.1590 -0.9873
vn -0.1500 -0.1449 -0.9780
vn 0.1500 0.1454 -0.9779
vn -0.0002 -0.1594 -0.9872
vn 0.2971 -0.0005 -0.9548
vn 0.1500 -0.1458 -0.9779
vn -0.2838 0.0877 -0.9549
vn -0.1109 0.1777 -0.9778
vn 0.0171 0.1600 -0.9870
vn -0.1833 -0.1018 -0.9778
vn 0.1832 0.1024 -0.9777
vn -0.0171 -0.1604 -0.9869
vn 0.2838 -0.0881 -0.9548
vn 0.1109 -0.1781 -0.9777
vn 0.0142 0.1600 0.9870
vn -0.1168 0.1737 0.9778
vn -0.2877 0.0750 0.9548
vn 0.1784 0.1092 0.9779
vn -0.1784 -0.1097 0.9778
vn 0.2877 -0.0744 0.9548
vn -0.0141 -0.1604 0.9870
vn 0.1168 -0.1732 0.9779
vn -0.2475 -0.1662 -0.9545
vn -0.2066 0.0457 -0.9774
vn -0.0396 0.1610 -0.9862
vn -0.0679 -0.2005 -0.9773
vn 0.0679 0.2001 -0.9774
vn 0.0396 -0.1604 -0.9863
vn 0.2476 0.1658 -0.9546
vn 0.2066 -0.0461 -0.9773
vn -0.2808 0.0975 -0.9548
vn -0.1061 0.1806 -0.9778
vn 0.0190 0.1600 -0.9869
vn -0.1862 -0.0960 -0.9778
vn 0.1862 0.0965 -0.9778
vn -0.0191 -0.1604 -0.9869
vn 0.2808 -0.0969 -0.9549
vn 0.1061 -0.1810 -0.9777
vn -0.2799 0.0994 -0.9549
vn -0.1050 0.1816 -0.9778
vn -0.1871 -0.0950 -0.9777
vn 0.1872 0.0946 -0.9778
vn 0.2799 -0.0999 -0.9548
vn 0.1051 -0.1820 -0.9777
vn -0.2936 -0.0442 -0.9549
vn -0.1676 0.1249 -0.9779
vn -0.0083 0.1600 -0.9871
vn -0.1314 -0.1634 -0.9778
vn 0.1314 0.1630 -0.9778
vn 0.0083 -0.1595 -0.9872
vn 0.2936 0.0447 -0.9549
vn 0.1676 -0.1253 -0.9779
vn -0.0190 0.1600 0.9869
vn -0.1862 0.0965 0.9778
vn -0.2808 -0.0969 0.9549
vn 0.1060 0.1806 0.9778
vn -0.1061 -0.1810 0.9777
vn 0.2808 0.0975 0.9548
vn 0.0190 -0.1604 0.9869
vn 0.1862 -0.0960 0.9778
vn 0.0239 0.1611 0.9866
vn -0.0953 0.1874 0.9777
vn -0.2730 0.1170 0.9549
vn 0.1930 0.0838 0.9776
vn -0.1930 -0.0833 0.9777
vn 0.2730 -0.1174 0.9548
vn -0.0240 -0.1605 0.9867
vn 0.0953 -0.1869 0.9777
vn -0.2730 -0.1193 -0.9546
vn -0.1939 0.0819 -0.9776
vn -0.0240 0.1610 -0.9867
vn -0.0943 -0.1878 -0.9777
vn 0.0943 0.1874 -0.9777
vn 0.0239 -0.1605 -0.9867
vn 0.2730 0.1189 -0.9546
vn 0.1940 -0.0823 -0.9775
vn -0.2945 -0.0422 -0.9547
vn -0.1667 0.1259 -0.9779
vn -0.0073 0.1600 -0.9871
vn -0.1324 -0.1624 -0.9778
vn 0.1324 0.1620 -0.9779
vn 0.0073 -0.1595 -0.9872
vn 0.2945 0.0427 -0.9547
vn 0.1667 -0.1263 -0.9779
vn 0.0171 0.1600 0.9870
vn -0.1099 0.1786 0.9778
vn -0.2837 0.0896 0.9547
vn 0.1842 0.1004 0.9777
vn -0.1842 -0.1009 0.9777
vn 0.2837 -0.0900 0.9547
vn -0.0171 -0.1604 0.9869
vn 0.1100 -0.1781 0.9778
vn 0.0074 0.1600 0.9871
vn -0.1325 0.1620 0.9779
vn -0.2945 0.0427 0.9547
vn 0.1667 0.1259 0.9779
vn -0.1666 -0.1263 0.9779
vn 0.2945 -0.0422 0.9547
vn -0.0073 -0.1595 0.9872
vn 0.1324 -0.1625 0.9778
vn -0.1871 0.0946 0.9778
vn -0.2799 -0.0999 0.9548
vn 0.1051 0.1816 0.9777
vn -0.1051 -0.1820 0.9777
vn 0.2799 0.0994 0.9549
vn 0.0191 -0.1604 0.9869
vn 0.1871 -0.0950 0.9777
vn 0.0240 0.1610 0.9867
vn -0.0943 0.1874 0.9777
vn -0.2730 0.1189 0.9546
vn 0.1940 0.0819 0.9776
vn -0.1940 -0.0823 0.9775
vn 0.2730 -0.1193 0.9546
vn -0.0239 -0.1605 0.9867
vn 0.0943 -0.1878 0.9777
vn 0.0083 0.1600 0.9871
vn -0.1315 0.1630 0.9778
vn -0.2936 0.0447 0.9549
vn 0.1676 0.1249 0.9779
vn -0.1676 -0.1253 0.9779
vn 0.2936 -0.0442 0.9549
vn -0.0083 -0.1595 0.9872
vn 0.1314 -0.1634 0.9778
vn -0.0220 0.1610 0.9867
vn -0.1910 0.0868 0.9777
vn -0.2759 -0.1125 0.9546
vn 0.0982 0.1855 0.9777
vn -0.0982 -0.1859 0.9777
vn 0.2759 0.1121 0.9546
vn 0.0220 -0.1605 0.9868
vn 0.1910 -0.0872 0.9777
vn -0.2759 0.1121 -0.9546
vn -0.0982 0.1855 -0.9777
vn 0.0220 0.1610 -0.9867
vn -0.1911 -0.0872 -0.9777
vn 0.1911 0.0868 -0.9777
vn -0.0220 -0.1605 -0.9868
vn 0.2759 -0.1125 -0.9546
vn 0.0982 -0.1859 -0.9776
vn -0.2788 -0.1037 -0.9547
vn -0.1891 0.0916 -0.9777
vn -0.0200 0.1600 -0.9869
vn -0.1021 -0.1830 -0.9778
vn 0.1022 0.1826 -0.9779
vn 0.0200 -0.1604 -0.9869
vn 0.2788 0.1043 -0.9547
vn 0.1891 -0.0921 -0.9776
vn -0.2955 -0.0276 -0.9549
vn -0.1608 0.1337 -0.9779
vn -0.0044 0.1590 -0.9873
vn -0.1383 -0.1566 -0.9779
vn 0.1383 0.1562 -0.9780
vn 0.0044 -0.1595 -0.9872
vn 0.2955 0.0271 -0.9550
vn 0.1608 -0.1332 -0.9780
vn -0.2837 -0.0900 -0.9547
vn -0.1842 0.1005 -0.9777
vn -0.0171 0.1600 -0.9870
vn -0.1100 -0.1781 -0.9778
vn 0.1099 0.1786 -0.9778
vn 0.0171 -0.1604 -0.9869
vn 0.2837 0.0896 -0.9547
vn 0.1842 -0.1009 -0.9777
vn 0.0122 0.1600 0.9870
vn -0.1217 0.1708 0.9778
vn -0.2897 0.0652 0.9549
vn 0.1754 0.1141 0.9779
vn -0.1754 -0.1146 0.9778
vn 0.2896 -0.0656 0.9549
vn -0.0122 -0.1594 0.9871
vn 0.1217 -0.1703 0.9779
vn -0.2945 0.0369 -0.9549
vn -0.1344 0.1601 -0.9779
vn 0.0063 0.1600 -0.9871
vn -0.1647 -0.1292 -0.9778
vn 0.1647 0.1288 -0.9779
vn -0.0063 -0.1595 -0.9872
vn 0.2945 -0.0373 -0.9549
vn 0.1344 -0.1605 -0.9778
vn 0.0201 0.1599 0.9869
vn -0.1022 0.1826 0.9779
vn -0.2788 0.1043 0.9547
vn 0.1891 0.0916 0.9777
vn -0.1891 -0.0920 0.9776
vn 0.2788 -0.1037 0.9547
vn -0.0200 -0.1604 0.9869
vn 0.1021 -0.1830 0.9778
vn 0.0044 0.1590 0.9873
vn -0.1383 0.1562 0.9780
vn -0.2955 0.0271 0.9550
vn 0.1608 0.1337 0.9779
vn -0.1608 -0.1332 0.9780
vn 0.2955 -0.0276 0.9549
vn -0.0044 -0.1595 0.9872
vn 0.1383 -0.1566 0.9779
vn -0.2965 0.0164 -0.9549
vn -0.1432 0.1523 -0.9779
vn 0.0024 0.1590 -0.9873
vn -0.1569 -0.1380 -0.9779
vn 0.1569 0.1386 -0.9778
vn -0.0025 -0.1595 -0.9872
vn 0.2965 -0.0168 -0.9549
vn 0.1432 -0.1517 -0.9780
vn -0.0063 0.1600 0.9871
vn -0.1647 0.1288 0.9779
vn -0.2945 -0.0373 0.9549
vn 0.1344 0.1601 0.9779
vn -0.1344 -0.1605 0.9778
vn 0.2945 0.0369 0.9549
vn 0.0063 -0.1595 0.9872
vn 0.1647 -0.1292 0.9778
vn -0.2945 0.0427 -0.9547
vn -0.1315 0.1620 -0.9780
vn 0.0073 0.1600 -0.9871
vn -0.1667 -0.1263 -0.9779
vn 0.1667 0.1259 -0.9779
vn -0.0073 -0.1595 -0.9872
vn 0.2945 -0.0432 -0.9547
vn 0.1315 -0.1625 -0.9779
vn 0.0396 -0.1604 0.9863
vn 0.2076 -0.0442 0.9772
vn 0.2457 0.1678 0.9547
vn -0.0669 -0.2005 0.9774
vn 0.0669 0.2010 0.9773
vn -0.2456 -0.1682 0.9547
vn -0.0396 0.1600 0.9863
vn -0.2075 0.0447 0.9772
vn 0.0003 -0.0002 -1.0000
vn 0.0003 -0.0001 -1.0000
vn 0.0003 -0.0001 1.0000
vn 0.0003 -0.0002 1.0000
vn 0.0004 -0.0002 -1.0000
vn 0.0005 -0.0002 -1.0000
vn 0.0004 -0.0002 1.0000
vn 0.0005 -0.0002 1.0000
vt 0.000000 0.000000
s 1
f 613/2/588 614/2/588 615/2/588
f 615/2/588 614/2/588 616/2/588
f 614/2/588 613/2/588 617/2/588
f 617/2/588 613/2/588 618/2/588
f 619/2/588 616/2/588 614/2/588
f 616/2/588 619/2/588 620/2/588
f 621/2/589 622/2/589 623/2/589
f 624/2/589 622/2/589 621/2/589
f 625/2/589 623/2/589 622/2/589
f 623/2/589 625/2/589 626/2/589
f 622/2/589 624/2/589 627/2/589
f 627/2/589 624/2/589 628/2/589
f 629/2/590 630/2/591 631/2/592
f 631/2/592 632/2/593 629/2/590
f 632/2/593 631/2/592 633/2/593
f 631/2/592 630/2/591 634/2/594
f 630/2/591 635/2/595 634/2/594
f 635/2/595 630/2/591 636/2/596
f 637/2/597 635/2/595 636/2/596
f 637/2/597 638/2/597 635/2/595
f 639/2/598 640/2/599 641/2/600
f 640/2/599 639/2/598 642/2/599
f 641/2/600 643/2/601 639/2/598
f 639/2/598 643/2/601 644/2/602
f 643/2/601 645/2/603 644/2/602
f 645/2/603 643/2/601 646/2/604
f 646/2/604 647/2/605 645/2/603
f 645/2/603 647/2/605 648/2/605
f 649/2/606 650/2/607 651/2/606
f 650/2/607 649/2/606 652/2/608
f 653/2/609 650/2/607 652/2/608
f 654/2/609 650/2/607 653/2/609
f 653/2/609 655/2/610 654/2/609
f 655/2/610 653/2/609 656/2/611
f 657/2/612 655/2/610 656/2/611
f 657/2/612 658/2/613 655/2/610
f 659/2/614 660/2/615 661/2/616
f 661/2/616 662/2/617 659/2/614
f 661/2/616 660/2/615 663/2/618
f 660/2/615 664/2/619 663/2/618
f 664/2/619 660/2/615 665/2/619
f 662/2/617 661/2/616 666/2/620
f 666/2/620 667/2/621 662/2/617
f 662/2/617 667/2/621 668/2/621
f 669/2/622 670/2/623 671/2/624
f 670/2/623 672/2/625 671/2/624
f 673/2/626 669/2/622 671/2/624
f 672/2/625 674/2/627 671/2/624
f 675/2/628 673/2/626 671/2/624
f 674/2/627 676/2/629 671/2/624
f 677/2/630 675/2/628 671/2/624
f 676/2/629 677/2/630 671/2/624
f 678/2/631 679/2/632 680/2/633
f 679/2/632 681/2/634 680/2/633
f 682/2/635 678/2/631 680/2/633
f 681/2/634 683/2/636 680/2/633
f 684/2/637 682/2/635 680/2/633
f 683/2/636 685/2/638 680/2/633
f 686/2/639 684/2/637 680/2/633
f 685/2/638 686/2/639 680/2/633
f 687/2/640 688/2/641 689/2/624
f 688/2/641 690/2/642 689/2/624
f 691/2/643 687/2/640 689/2/624
f 690/2/642 692/2/644 689/2/624
f 693/2/645 691/2/643 689/2/624
f 692/2/644 694/2/646 689/2/624
f 695/2/647 693/2/645 689/2/624
f 694/2/646 695/2/647 689/2/624
f 696/2/648 697/2/649 698/2/633
f 697/2/649 699/2/650 698/2/633
f 700/2/651 696/2/648 698/2/633
f 699/2/650 701/2/652 698/2/633
f 702/2/653 700/2/651 698/2/633
f 701/2/652 703/2/654 698/2/633
f 704/2/655 702/2/653 698/2/633
f 703/2/654 704/2/655 698/2/633
f 705/2/656 706/2/657 707/2/633
f 706/2/657 708/2/658 707/2/633
f 709/2/659 705/2/656 707/2/633
f 708/2/658 710/2/660 707/2/633
f 711/2/661 709/2/659 707/2/633
f 710/2/660 712/2/662 707/2/633
f 713/2/663 711/2/661 707/2/633
f 712/2/662 713/2/663 707/2/633
f 714/2/664 715/2/665 716/2/624
f 715/2/665 717/2/666 716/2/624
f 718/2/667 714/2/664 716/2/624
f 717/2/666 719/2/668 716/2/624
f 720/2/669 718/2/667 716/2/624
f 719/2/668 721/2/670 716/2/624
f 722/2/671 720/2/669 716/2/624
f 721/2/670 722/2/671 716/2/624
f 723/2/672 724/2/673 725/2/633
f 724/2/673 726/2/674 725/2/633
f 727/2/675 723/2/672 725/2/633
f 726/2/674 728/2/676 725/2/633
f 729/2/677 727/2/675 725/2/633
f 728/2/676 730/2/678 725/2/633
f 731/2/679 729/2/677 725/2/633
f 730/2/678 731/2/679 725/2/633
f 732/2/680 733/2/681 734/2/633
f 733/2/681 735/2/682 734/2/633
f 736/2/683 732/2/680 734/2/633
f 735/2/682 737/2/684 734/2/633
f 738/2/685 736/2/683 734/2/633
f 737/2/684 739/2/686 734/2/633
f 740/2/687 738/2/685 734/2/633
f 739/2/686 740/2/687 734/2/633
f 741/2/688 742/2/689 743/2/633
f 742/2/689 744/2/682 743/2/633
f 745/2/690 741/2/688 743/2/633
f 744/2/682 746/2/691 743/2/633
f 747/2/685 745/2/690 743/2/633
f 746/2/691 748/2/692 743/2/633
f 749/2/693 747/2/685 743/2/633
f 748/2/692 749/2/693 743/2/633
f 750/2/694 751/2/695 752/2/633
f 751/2/695 753/2/696 752/2/633
f 754/2/697 750/2/694 752/2/633
f 753/2/696 755/2/698 752/2/633
f 756/2/699 754/2/697 752/2/633
f 755/2/698 757/2/700 752/2/633
f 758/2/701 756/2/699 752/2/633
f 757/2/700 758/2/701 752/2/633
f 759/2/702 760/2/703 761/2/624
f 760/2/703 762/2/704 761/2/624
f 763/2/705 759/2/702 761/2/624
f 762/2/704 764/2/706 761/2/624
f 765/2/707 763/2/705 761/2/624
f 764/2/706 766/2/708 761/2/624
f 767/2/709 765/2/707 761/2/624
f 766/2/708 767/2/709 761/2/624
f 768/2/710 769/2/711 770/2/624
f 769/2/711 771/2/712 770/2/624
f 772/2/713 768/2/710 770/2/624
f 771/2/712 773/2/714 770/2/624
f 774/2/715 772/2/713 770/2/624
f 773/2/714 775/2/716 770/2/624
f 776/2/717 774/2/715 770/2/624
f 775/2/716 776/2/717 770/2/624
f 777/2/718 778/2/719 779/2/633
f 778/2/719 780/2/720 779/2/633
f 781/2/721 777/2/718 779/2/633
f 780/2/720 782/2/722 779/2/633
f 783/2/723 781/2/721 779/2/633
f 782/2/722 784/2/724 779/2/633
f 785/2/725 783/2/723 779/2/633
f 784/2/724 785/2/725 779/2/633
f 786/2/726 787/2/727 788/2/633
f 787/2/727 789/2/728 788/2/633
f 790/2/729 786/2/726 788/2/633
f 789/2/728 791/2/730 788/2/633
f 792/2/731 790/2/729 788/2/633
f 791/2/730 793/2/732 788/2/633
f 794/2/733 792/2/731 788/2/633
f 793/2/732 794/2/733 788/2/633
f 795/2/734 796/2/735 797/2/624
f 796/2/735 798/2/736 797/2/624
f 799/2/737 795/2/734 797/2/624
f 798/2/736 800/2/738 797/2/624
f 801/2/739 799/2/737 797/2/624
f 800/2/738 802/2/740 797/2/624
f 803/2/741 801/2/739 797/2/624
f 802/2/740 803/2/741 797/2/624
f 804/2/742 805/2/743 806/2/624
f 805/2/743 807/2/744 806/2/624
f 808/2/745 804/2/742 806/2/624
f 807/2/744 809/2/746 806/2/624
f 810/2/747 808/2/745 806/2/624
f 809/2/746 811/2/748 806/2/624
f 812/2/749 810/2/747 806/2/624
f 811/2/748 812/2/749 806/2/624
f 813/2/702 814/2/750 815/2/624
f 814/2/750 816/2/751 815/2/624
f 817/2/752 813/2/702 815/2/624
f 816/2/751 818/2/753 815/2/624
f 819/2/754 817/2/752 815/2/624
f 818/2/753 820/2/755 815/2/624
f 821/2/756 819/2/754 815/2/624
f 820/2/755 821/2/756 815/2/624
f 822/2/757 823/2/758 824/2/624
f 823/2/758 825/2/759 824/2/624
f 826/2/760 822/2/757 824/2/624
f 825/2/759 827/2/761 824/2/624
f 828/2/762 826/2/760 824/2/624
f 827/2/761 829/2/763 824/2/624
f 830/2/764 828/2/762 824/2/624
f 829/2/763 830/2/764 824/2/624
f 831/2/765 832/2/766 833/2/624
f 832/2/766 834/2/767 833/2/624
f 835/2/768 831/2/765 833/2/624
f 834/2/767 836/2/769 833/2/624
f 837/2/770 835/2/768 833/2/624
f 836/2/769 838/2/771 833/2/624
f 839/2/772 837/2/770 833/2/624
f 838/2/771 839/2/772 833/2/624
f 840/2/773 841/2/774 842/2/624
f 841/2/774 843/2/775 842/2/624
f 844/2/776 840/2/773 842/2/624
f 843/2/775 845/2/777 842/2/624
f 846/2/778 844/2/776 842/2/624
f 845/2/777 847/2/779 842/2/624
f 848/2/780 846/2/778 842/2/624
f 847/2/779 848/2/780 842/2/624
f 849/2/781 850/2/782 851/2/633
f 850/2/782 852/2/783 851/2/633
f 853/2/784 849/2/781 851/2/633
f 852/2/783 854/2/785 851/2/633
f 855/2/786 853/2/784 851/2/633
f 854/2/785 856/2/787 851/2/633
f 857/2/788 855/2/786 851/2/633
f 856/2/787 857/2/788 851/2/633
f 858/2/789 859/2/790 860/2/633
f 859/2/790 861/2/791 860/2/633
f 862/2/792 858/2/789 860/2/633
f 861/2/791 863/2/793 860/2/633
f 864/2/794 862/2/792 860/2/633
f 863/2/793 865/2/795 860/2/633
f 866/2/796 864/2/794 860/2/633
f 865/2/795 866/2/796 860/2/633
f 867/2/797 868/2/798 869/2/633
f 868/2/798 870/2/799 869/2/633
f 871/2/800 867/2/797 869/2/633
f 870/2/799 872/2/801 869/2/633
f 873/2/802 871/2/800 869/2/633
f 872/2/801 874/2/803 869/2/633
f 875/2/804 873/2/802 869/2/633
f 874/2/803 875/2/804 869/2/633
f 876/2/805 877/2/806 878/2/633
f 877/2/806 879/2/807 878/2/633
f 880/2/808 876/2/805 878/2/633
f 879/2/807 881/2/809 878/2/633
f 882/2/810 880/2/808 878/2/633
f 881/2/809 883/2/811 878/2/633
f 884/2/812 882/2/810 878/2/633
f 883/2/811 884/2/812 878/2/633
f 885/2/813 886/2/814 887/2/624
f 886/2/814 888/2/815 887/2/624
f 889/2/816 885/2/813 887/2/624
f 888/2/815 890/2/817 887/2/624
f 891/2/818 889/2/816 887/2/624
f 890/2/817 892/2/819 887/2/624
f 893/2/820 891/2/818 887/2/624
f 892/2/819 893/2/820 887/2/624
f 894/2/821 895/2/822 896/2/633
f 895/2/822 897/2/823 896/2/633
f 898/2/824 894/2/821 896/2/633
f 897/2/823 899/2/825 896/2/633
f 900/2/826 898/2/824 896/2/633
f 899/2/825 901/2/827 896/2/633
f 902/2/828 900/2/826 896/2/633
f 901/2/827 902/2/828 896/2/633
f 903/2/829 904/2/830 905/2/624
f 904/2/830 906/2/831 905/2/624
f 907/2/832 903/2/829 905/2/624
f 906/2/831 908/2/833 905/2/624
f 909/2/834 907/2/832 905/2/624
f 908/2/833 910/2/835 905/2/624
f 911/2/836 909/2/834 905/2/624
f 910/2/835 911/2/836 905/2/624
f 912/2/837 913/2/838 914/2/624
f 913/2/838 915/2/839 914/2/624
f 916/2/840 912/2/837 914/2/624
f 915/2/839 917/2/841 914/2/624
f 918/2/842 916/2/840 914/2/624
f 917/2/841 919/2/843 914/2/624
f 920/2/844 918/2/842 914/2/624
f 919/2/843 920/2/844 914/2/624
f 921/2/845 922/2/846 923/2/633
f 922/2/846 924/2/847 923/2/633
f 925/2/848 921/2/845 923/2/633
f 924/2/847 926/2/849 923/2/633
f 927/2/850 925/2/848 923/2/633
f 926/2/849 928/2/851 923/2/633
f 929/2/852 927/2/850 923/2/633
f 928/2/851 929/2/852 923/2/633
f 930/2/853 931/2/854 932/2/624
f 931/2/854 933/2/855 932/2/624
f 934/2/856 930/2/853 932/2/624
f 933/2/855 935/2/857 932/2/624
f 936/2/858 934/2/856 932/2/624
f 935/2/857 937/2/859 932/2/624
f 938/2/860 936/2/858 932/2/624
f 937/2/859 938/2/860 932/2/624
f 939/2/861 940/2/862 941/2/633
f 940/2/862 942/2/863 941/2/633
f 943/2/864 939/2/861 941/2/633
f 942/2/863 944/2/865 941/2/633
f 945/2/866 943/2/864 941/2/633
f 944/2/865 946/2/867 941/2/633
f 947/2/868 945/2/866 941/2/633
f 946/2/867 947/2/868 941/2/633
f 948/2/869 949/2/870 950/2/624
f 949/2/870 951/2/871 950/2/624
f 952/2/872 948/2/869 950/2/624
f 951/2/871 953/2/873 950/2/624
f 954/2/874 952/2/872 950/2/624
f 953/2/873 955/2/875 950/2/624
f 956/2/876 954/2/874 950/2/624
f 955/2/875 956/2/876 950/2/624
f 957/2/877 958/2/877 959/2/878
f 957/2/877 959/2/878 960/2/877
f 958/2/877 957/2/877 961/2/877
f 961/2/877 962/2/877 958/2/877
f 961/2/877 963/2/877 962/2/877
f 962/2/877 963/2/877 964/2/877
f 965/2/879 966/2/880 967/2/880
f 967/2/880 968/2/879 965/2/879
f 969/2/880 968/2/879 967/2/880
f 969/2/880 970/2/879 968/2/879
f 970/2/879 969/2/880 971/2/879
f 970/2/879 971/2/879 972/2/879
f 973/2/880 974/2/880 975/2/880
f 975/2/880 976/2/879 973/2/880
f 977/2/879 976/2/879 975/2/880
f 977/2/879 978/2/880 976/2/879
f 978/2/880 977/2/879 979/2/880
f 978/2/880 979/2/880 980/2/880
f 981/2/877 982/2/881 983/2/877
f 983/2/877 984/2/877 981/2/877
f 985/2/877 984/2/877 983/2/877
f 985/2/877 986/2/877 984/2/877
f 986/2/877 985/2/877 987/2/877
f 986/2/877 987/2/877 988/2/882
f 989/2/881 990/2/877 991/2/877
f 990/2/877 992/2/877 991/2/877
f 993/2/877 992/2/877 990/2/877
f 993/2/877 994/2/877 992/2/877
f 994/2/877 993/2/877 995/2/877
f 994/2/877 995/2/877 996/2/881
f 997/2/880 998/2/879 999/2/879
f 999/2/879 1000/2/879 997/2/880
f 1001/2/880 1000/2/879 999/2/879
f 1001/2/880 1002/2/879 1000/2/879
f 1002/2/879 1001/2/880 1003/2/880
f 1002/2/879 1003/2/880 1004/2/879
f 1005/2/880 1006/2/880 1007/2/880
f 1006/2/880 1008/2/879 1007/2/880
f 1009/2/879 1008/2/879 1006/2/880
f 1009/2/879 1010/2/880 1008/2/879
f 1010/2/880 1009/2/879 1011/2/880
f 1010/2/880 1011/2/880 1012/2/880
f 1013/2/877 1014/2/877 1015/2/877
f 1014/2/877 1016/2/877 1015/2/877
f 1017/2/877 1016/2/877 1014/2/877
f 1017/2/877 1018/2/877 1016/2/877
f 1018/2/877 1017/2/877 1019/2/877
f 1018/2/877 1019/2/877 1020/2/877
f 1021/2/880 1022/2/883 1023/2/879
f 1023/2/879 1024/2/880 1021/2/880
f 1025/2/879 1024/2/880 1023/2/879
f 1025/2/879 1026/2/880 1024/2/880
f 1026/2/880 1025/2/879 1027/2/879
f 1026/2/880 1027/2/879 1028/2/880
f 1029/2/880 1030/2/880 1031/2/880
f 1030/2/880 1032/2/879 1031/2/880
f 1033/2/879 1032/2/879 1030/2/880
f 1033/2/879 1034/2/879 1032/2/879
f 1034/2/879 1033/2/879 1035/2/879
f 1034/2/879 1035/2/879 1036/2/879
f 1037/2/880 1038/2/879 1039/2/879
f 1038/2/879 1040/2/879 1039/2/879
f 1041/2/879 1040/2/879 1038/2/879
f 1041/2/879 1042/2/880 1040/2/879
f 1042/2/880 1041/2/879 1043/2/880
f 1042/2/880 1043/2/880 1044/2/880
f 1045/2/877 1046/2/877 1047/2/877
f 1046/2/877 1048/2/877 1047/2/877
f 1049/2/877 1048/2/877 1046/2/877
f 1049/2/877 1050/2/877 1048/2/877
f 1050/2/877 1049/2/877 1051/2/877
f 1050/2/877 1051/2/877 1052/2/877
f 1053/2/881 1054/2/877 1055/2/877
f 1054/2/877 1056/2/877 1055/2/877
f 1057/2/877 1056/2/877 1054/2/877
f 1057/2/877 1058/2/877 1056/2/877
f 1058/2/877 1057/2/877 1059/2/877
f 1058/2/877 1059/2/877 1060/2/881
f 1061/2/877 1062/2/877 1063/2/877
f 1063/2/877 1064/2/877 1061/2/877
f 1065/2/877 1064/2/877 1063/2/877
f 1065/2/877 1066/2/877 1064/2/877
f 1066/2/877 1065/2/877 1067/2/877
f 1066/2/877 1067/2/877 1068/2/877
f 1069/2/881 1070/2/877 1071/2/877
f 1070/2/877 1072/2/877 1071/2/877
f 1073/2/877 1072/2/877 1070/2/877
f 1073/2/877 1074/2/877 1072/2/877
f 1074/2/877 1073/2/877 1075/2/877
f 1074/2/877 1075/2/877 1076/2/877
f 1077/2/881 1078/2/877 1079/2/877
f 1078/2/877 1080/2/877 1079/2/877
f 1081/2/877 1080/2/877 1078/2/877
f 1081/2/877 1082/2/877 1080/2/877
f 1082/2/877 1081/2/877 1083/2/877
f 1082/2/877 1083/2/877 1084/2/877
f 1085/2/877 1086/2/877 1087/2/877
f 1087/2/877 1088/2/877 1085/2/877
f 1089/2/877 1088/2/877 1087/2/877
f 1089/2/877 1090/2/877 1088/2/877
f 1090/2/877 1089/2/877 1091/2/877
f 1090/2/877 1091/2/877 1092/2/877
f 1093/2/877 1094/2/877 1095/2/877
f 1094/2/877 1093/2/877 1096/2/877
f 1094/2/877 1096/2/877 1097/2/877
f 1095/2/877 1098/2/877 1093/2/877
f 1098/2/877 1095/2/877 1099/2/877
f 1098/2/877 1099/2/877 1100/2/881
f 1101/2/879 1102/2/879 1103/2/879
f 1102/2/879 1101/2/879 1104/2/879
f 1102/2/879 1104/2/879 1105/2/879
f 1103/2/879 1106/2/879 1101/2/879
f 1106/2/879 1103/2/879 1107/2/879
f 1106/2/879 1107/2/879 1108/2/883
f 1109/2/883 1110/2/880 1111/2/880
f 1110/2/880 1112/2/879 1111/2/880
f 1113/2/880 1112/2/879 1110/2/880
f 1113/2/880 1114/2/880 1112/2/879
f 1114/2/880 1113/2/880 1115/2/880
f 1114/2/880 1115/2/880 1116/2/880
f 1117/2/879 1118/2/879 1119/2/879
f 1119/2/879 1120/2/879 1117/2/879
f 1121/2/879 1120/2/879 1119/2/879
f 1121/2/879 1122/2/880 1120/2/879
f 1122/2/880 1121/2/879 1123/2/880
f 1122/2/880 1123/2/880 1124/2/883
f 1125/2/877 1126/2/877 1127/2/877
f 1127/2/877 1128/2/877 1125/2/877
f 1129/2/877 1128/2/877 1127/2/877
f 1129/2/877 1130/2/877 1128/2/877
f 1130/2/877 1129/2/877 1131/2/877
f 1130/2/877 1131/2/877 1132/2/877
f 1133/2/877 1134/2/877 1135/2/877
f 1134/2/877 1133/2/877 1136/2/877
f 1134/2/877 1136/2/877 1137/2/877
f 1135/2/877 1138/2/877 1133/2/877
f 1138/2/877 1135/2/877 1139/2/878
f 1138/2/877 1139/2/878 1140/2/877
f 1141/2/879 1142/2/880 1143/2/879
f 1141/2/879 1143/2/879 1144/2/879
f 1142/2/880 1141/2/879 1145/2/880
f 1145/2/880 1146/2/879 1142/2/880
f 1145/2/880 1147/2/879 1146/2/879
f 1146/2/879 1147/2/879 1148/2/879
f 1149/2/879 1150/2/879 1151/2/879
f 1151/2/879 1152/2/880 1149/2/879
f 1153/2/879 1152/2/880 1151/2/879
f 1153/2/879 1154/2/880 1152/2/880
f 1154/2/880 1153/2/879 1155/2/879
f 1154/2/880 1155/2/879 1156/2/880
f 1157/2/884 1158/2/879 1159/2/879
f 1158/2/879 1160/2/879 1159/2/879
f 1161/2/879 1160/2/879 1158/2/879
f 1161/2/879 1162/2/880 1160/2/879
f 1162/2/880 1161/2/879 1163/2/879
f 1162/2/880 1163/2/879 1164/2/883
f 1165/2/879 1166/2/879 1167/2/879
f 1167/2/879 1168/2/879 1165/2/879
f 1169/2/879 1168/2/879 1167/2/879
f 1169/2/879 1170/2/879 1168/2/879
f 1170/2/879 1169/2/879 1171/2/880
f 1170/2/879 1171/2/880 1172/2/884
f 1173/2/880 1174/2/879 1175/2/880
f 1175/2/880 1176/2/880 1173/2/880
f 1177/2/880 1176/2/880 1175/2/880
f 1177/2/880 1178/2/880 1176/2/880
f 1178/2/880 1177/2/880 1179/2/879
f 1178/2/880 1179/2/879 1180/2/880
f 1181/2/877 1182/2/877 1183/2/877
f 1182/2/877 1184/2/877 1183/2/877
f 1185/2/877 1184/2/877 1182/2/877
f 1185/2/877 1186/2/877 1184/2/877
f 1186/2/877 1185/2/877 1187/2/877
f 1186/2/877 1187/2/877 1188/2/877
f 1189/2/877 1190/2/881 1191/2/877
f 1191/2/877 1192/2/877 1189/2/877
f 1193/2/877 1192/2/877 1191/2/877
f 1193/2/877 1194/2/877 1192/2/877
f 1194/2/877 1193/2/877 1195/2/877
f 1194/2/877 1195/2/877 1196/2/877
f 1197/2/880 1198/2/880 1199/2/879
f 1197/2/880 1199/2/879 1200/2/880
f 1197/2/880 1200/2/880 1201/2/883
f 1198/2/880 1202/2/880 1199/2/879
f 1202/2/880 1198/2/880 1203/2/880
f 1202/2/880 1203/2/880 1204/2/880
f 1205/2/877 1206/2/877 1207/2/877
f 1205/2/877 1207/2/877 1208/2/877
f 1205/2/877 1208/2/877 1209/2/877
f 1206/2/877 1210/2/877 1207/2/877
f 1210/2/877 1206/2/877 1211/2/877
f 1210/2/877 1211/2/877 1212/2/877
f 1213/2/588 1214/2/588 1215/2/588
f 1215/2/588 1214/2/588 1216/2/588
f 1217/2/588 1213/2/588 1215/2/588
f 1213/2/588 1217/2/588 1218/2/588
f 1219/2/588 1218/2/588 1217/2/588
f 1218/2/588 1219/2/588 1220/2/588
f 1221/2/589 1222/2/589 1223/2/589
f 1224/2/589 1222/2/589 1221/2/589
f 1225/2/589 1223/2/589 1222/2/589
f 1223/2/589 1225/2/589 1226/2/589
f 1222/2/589 1224/2/589 1227/2/589
f 1227/2/589 1224/2/589 1228/2/589
o 113013756611661
v -1.304385 0.622630 0.053910
v -1.304385 0.750896 0.053910
v -1.304385 0.767076 -0.002880
v -1.268846 0.686763 0.118498
v -1.304385 0.606450 -0.002880
v -1.304385 0.622630 -0.059671
v -1.304385 0.750896 -0.059671
v -1.268845 0.686763 -0.124258
v 0.695995 0.637651 0.040608
v 0.695995 0.735875 0.040608
v 0.668780 0.686763 0.090070
v 0.695995 0.625260 -0.002880
v 0.695995 0.748267 -0.002880
v 0.695995 0.735875 -0.046370
v 0.695995 0.637651 -0.046370
v 0.668780 0.686763 -0.095831
v 1.466030 0.212455 0.150312
v 1.521272 0.097044 0.150312
v 1.520238 0.167468 0.150312
v 1.468526 0.042439 0.150312
v 1.390402 0.205653 0.150312
v 1.392898 0.035636 0.150312
v 1.337656 0.151048 0.150312
v 1.338691 0.080623 0.150312
v 1.301561 0.142703 -0.150312
v 1.302520 0.207944 -0.150312
v 1.352736 0.249619 -0.150312
v 1.350424 0.092118 -0.150312
v 1.422796 0.243317 -0.150312
v 1.420484 0.085817 -0.150312
v 1.471659 0.192732 -0.150312
v 1.470701 0.127493 -0.150312
v 0.519125 0.219461 -0.143359
v 0.470284 0.325959 -0.143359
v 0.519280 0.307626 -0.143359
v 0.539510 0.263513 -0.143359
v 0.470064 0.201276 -0.143359
v 0.421224 0.307775 -0.143359
v 0.421069 0.219610 -0.143359
v 0.400838 0.263723 -0.143359
v 0.399143 0.187529 0.137674
v 0.414245 0.303715 0.137674
v 0.372879 0.271691 0.137674
v 0.366623 0.223565 0.137674
v 0.451388 0.184692 0.137674
v 0.466490 0.300878 0.137674
v 0.492754 0.216716 0.137674
v 0.499010 0.264842 0.137674
v 1.113433 0.183553 0.136132
v 1.130400 0.262354 0.136132
v 1.066101 0.176679 0.136132
v 1.140067 0.219041 0.136132
v 1.090096 0.288121 0.136132
v 1.025797 0.202445 0.136132
v 1.042764 0.281247 0.136132
v 1.016130 0.245758 0.136132
v 1.177185 0.034855 -0.141196
v 1.127633 0.114499 -0.141196
v 1.168398 0.104891 -0.141196
v 1.188923 0.071901 -0.141196
v 1.140060 0.015454 -0.141196
v 1.090508 0.095098 -0.141196
v 1.099296 0.025062 -0.141196
v 1.078770 0.058053 -0.141196
v -0.236684 0.168128 -0.141414
v -0.273813 0.234468 -0.141414
v -0.239970 0.209853 -0.141414
v -0.318389 0.227551 -0.141414
v -0.265881 0.133732 -0.141414
v -0.347585 0.193156 -0.141414
v -0.310457 0.126816 -0.141414
v -0.344300 0.151430 -0.141414
v -0.539964 0.250798 -0.141501
v -0.555539 0.352474 -0.141501
v -0.518592 0.325192 -0.141501
v -0.512141 0.283076 -0.141501
v -0.585764 0.247265 -0.141501
v -0.601338 0.348942 -0.141501
v -0.622710 0.274547 -0.141501
v -0.629161 0.316663 -0.141501
v 0.841221 -0.232849 -0.141385
v 0.823858 -0.137791 -0.141385
v 0.859287 -0.162414 -0.141385
v 0.866479 -0.201789 -0.141385
v 0.798309 -0.237400 -0.141385
v 0.780946 -0.142341 -0.141385
v 0.762880 -0.212776 -0.141385
v 0.755688 -0.173401 -0.141385
v -1.131648 0.264544 -0.140241
v -1.145552 0.360126 -0.140241
v -1.111053 0.334247 -0.140241
v -1.105294 0.294655 -0.140241
v -1.174678 0.261551 -0.140241
v -1.188581 0.357134 -0.140241
v -1.209177 0.287430 -0.140241
v -1.214936 0.327022 -0.140241
v 0.534797 -0.208084 -0.139490
v 0.488884 -0.133268 -0.139490
v 0.526976 -0.142493 -0.139490
v 0.545994 -0.173484 -0.139490
v 0.499943 -0.226026 -0.139490
v 0.454031 -0.151209 -0.139490
v 0.461851 -0.216799 -0.139490
v 0.442833 -0.185809 -0.139490
v -0.747154 0.243280 0.133492
v -0.731580 0.344956 0.133492
v -0.768526 0.317674 0.133492
v -0.774978 0.275558 0.133492
v -0.701355 0.239747 0.133492
v -0.685780 0.341423 0.133492
v -0.664408 0.267029 0.133492
v -0.657957 0.309145 0.133492
v -0.383997 0.194668 0.133348
v -0.358471 0.266278 0.133348
v -0.429102 0.194042 0.133348
v -0.354741 0.224590 0.133348
v -0.393003 0.295314 0.133348
v -0.463634 0.223078 0.133348
v -0.438108 0.294687 0.133348
v -0.467364 0.264767 0.133348
v 0.257517 0.162011 -0.139271
v 0.188651 0.231492 -0.139271
v 0.232330 0.231183 -0.139271
v 0.260855 0.202402 -0.139271
v 0.224271 0.133669 -0.139271
v 0.155405 0.203151 -0.139271
v 0.180592 0.133979 -0.139271
v 0.152067 0.162760 -0.139271
v -1.208057 0.235526 0.131488
v -1.194153 0.331109 0.131488
v -1.228652 0.305230 0.131488
v -1.234411 0.265638 0.131488
v -1.165027 0.232534 0.131488
v -1.151123 0.328116 0.131488
v -1.130528 0.258413 0.131488
v -1.124769 0.298005 0.131488
v 0.523925 -0.218436 0.131775
v 0.549112 -0.149264 0.131775
v 0.480246 -0.218745 0.131775
v 0.552450 -0.189655 0.131775
v 0.515866 -0.120922 0.131775
v 0.447000 -0.190404 0.131775
v 0.472187 -0.121232 0.131775
v 0.443662 -0.150013 0.131775
v 1.542970 -0.094183 0.131119
v 1.559467 -0.031418 0.131119
v 1.536762 -0.058998 0.131119
v 1.597783 -0.027601 0.131119
v 1.574454 -0.116363 0.131119
v 1.629267 -0.049783 0.131119
v 1.612771 -0.112546 0.131119
v 1.635475 -0.084968 0.131119
v 0.852498 -0.215140 0.130635
v 0.860318 -0.149549 0.130635
v 0.814405 -0.224365 0.130635
v 0.871516 -0.184149 0.130635
v 0.825465 -0.131608 0.130635
v 0.779552 -0.206424 0.130635
v 0.787372 -0.140834 0.130635
v 0.768355 -0.171824 0.130635
v 0.109311 0.246573 0.130019
v 0.118099 0.316609 0.130019
v 0.068547 0.236965 0.130019
v 0.129837 0.279563 0.130019
v 0.080974 0.336010 0.130019
v 0.031421 0.256366 0.130019
v 0.040209 0.326401 0.130019
v 0.019684 0.293411 0.130019
v -0.163547 0.123017 0.129632
v -0.154928 0.204427 0.129632
v -0.183291 0.181370 0.129632
v -0.186861 0.147649 0.129632
v -0.127005 0.121904 0.129632
v -0.118387 0.203314 0.129632
v -0.098642 0.144961 0.129632
v -0.095072 0.178682 0.129632
v -0.030781 0.227132 -0.135162
v -0.039399 0.308542 -0.135162
v -0.011036 0.285485 -0.135162
v -0.007466 0.251764 -0.135162
v -0.067322 0.226019 -0.135162
v -0.075941 0.307429 -0.135162
v -0.095685 0.249076 -0.135162
v -0.099255 0.282797 -0.135162
v -1.353500 0.242144 -0.135100
v -1.401841 0.295930 -0.135100
v -1.369602 0.294125 -0.135100
v -1.349578 0.271847 -0.135100
v -1.379069 0.222417 -0.135100
v -1.427411 0.276203 -0.135100
v -1.411309 0.224221 -0.135100
v -1.431332 0.246500 -0.135100
v 0.310765 0.086803 0.127485
v 0.321371 0.143394 0.127485
v 0.277100 0.080988 0.127485
v 0.329103 0.112652 0.127485
v 0.292099 0.161020 0.127485
v 0.247828 0.098613 0.127485
v 0.258434 0.155205 0.127485
v 0.240096 0.129355 0.127485
v -0.816946 0.240729 -0.133988
v -0.849987 0.300197 -0.133988
v -0.820802 0.291776 -0.133988
v -0.807115 0.267143 -0.133988
v -0.844534 0.228005 -0.133988
v -0.877575 0.287474 -0.133988
v -0.873719 0.236426 -0.133988
v -0.887406 0.261059 -0.133988
v 1.621904 -0.056767 -0.133612
v 1.576444 -0.001546 -0.133612
v 1.608223 -0.004712 -0.133612
v 1.627053 -0.027585 -0.133612
v 1.595793 -0.075163 -0.133612
v 1.550332 -0.019942 -0.133612
v 1.564014 -0.071998 -0.133612
v 1.545183 -0.049124 -0.133612
v -1.438018 0.303287 0.126348
v -1.421916 0.355268 0.126348
v -1.441940 0.332989 0.126348
v -1.389677 0.357073 0.126348
v -1.412448 0.283559 0.126348
v -1.364107 0.337345 0.126348
v -1.380210 0.285364 0.126348
v -1.360185 0.307642 0.126348
v -1.577752 0.276276 -0.132488
v -1.598867 0.338418 -0.132488
v -1.572615 0.325395 -0.132488
v -1.563869 0.299655 -0.132488
v -1.606131 0.268952 -0.132488
v -1.627247 0.331094 -0.132488
v -1.632383 0.281975 -0.132488
v -1.641129 0.307715 -0.132488
v 0.968078 0.243839 -0.131434
v 0.939277 0.314726 -0.131434
v 0.970715 0.301355 -0.131434
v 0.982645 0.271993 -0.131434
v 0.935547 0.233386 -0.131434
v 0.906746 0.304273 -0.131434
v 0.904109 0.246756 -0.131434
v 0.892179 0.276119 -0.131434
v -0.911243 0.300884 0.125234
v -0.907388 0.351932 0.125234
v -0.940429 0.292463 0.125234
v -0.897557 0.325517 0.125234
v -0.934976 0.364655 0.125234
v -0.968017 0.305186 0.125234
v -0.964161 0.356234 0.125234
v -0.977847 0.331601 0.125234
v -1.623812 0.261566 0.123737
v -1.602696 0.323708 0.123737
v -1.628948 0.310686 0.123737
v -1.637694 0.284946 0.123737
v -1.595432 0.254242 0.123737
v -1.574316 0.316385 0.123737
v -1.569180 0.267265 0.123737
v -1.560434 0.293005 0.123737
v 0.420166 -0.068350 -0.129225
v 0.403775 -0.017416 -0.129225
v 0.425002 -0.028378 -0.129225
v 0.431792 -0.049475 -0.129225
v 0.396936 -0.073944 -0.129225
v 0.380545 -0.023010 -0.129225
v 0.375709 -0.062982 -0.129225
v 0.368920 -0.041884 -0.129225
v 0.999848 -0.067225 0.120925
v 0.979961 -0.032215 0.120925
v 0.981840 -0.054299 0.120925
v 0.995314 -0.013911 0.120925
v 1.023438 -0.063421 0.120925
v 1.018904 -0.010107 0.120925
v 1.038790 -0.045117 0.120925
v 1.036912 -0.023033 0.120925
vn -1.0000 -0.0000 0.0005
vn -1.0000 -0.0000 0.0003
vn 1.0000 -0.0000 0.0006
vn 1.0000 -0.0000 0.0005
vn 1.0000 -0.0000 0.0003
vn 0.0005 -0.0000 1.0000
vn 0.0006 -0.0000 1.0000
vn 0.0005 -0.0000 -1.0000
vn 0.0006 -0.0000 -1.0000
vt 0.000000 0.000000
s 1
f 1229/3/885 1230/3/885 1231/3/885
f 1230/3/885 1229/3/885 1232/3/885
f 1231/3/885 1233/3/885 1229/3/885
f 1233/3/885 1231/3/885 1234/3/886
f 1234/3/886 1231/3/885 1235/3/885
f 1234/3/886 1235/3/885 1236/3/885
f 1237/3/887 1238/3/888 1239/3/888
f 1240/3/888 1238/3/888 1237/3/887
f 1238/3/888 1240/3/888 1241/3/888
f 1240/3/888 1242/3/889 1241/3/888
f 1242/3/889 1240/3/888 1243/3/888
f 1242/3/889 1243/3/888 1244/3/888
f 1245/3/890 1246/3/890 1247/3/891
f 1246/3/890 1245/3/890 1248/3/890
f 1249/3/890 1248/3/890 1245/3/890
f 1249/3/890 1250/3/890 1248/3/890
f 1250/3/890 1249/3/890 1251/3/890
f 1250/3/890 1251/3/890 1252/3/890
f 1253/3/892 1254/3/893 1255/3/892
f 1255/3/892 1256/3/892 1253/3/892
f 1257/3/892 1256/3/892 1255/3/892
f 1257/3/892 1258/3/892 1256/3/892
f 1258/3/892 1257/3/892 1259/3/892
f 1258/3/892 1259/3/892 1260/3/892
f 1261/3/892 1262/3/892 1263/3/892
f 1261/3/892 1263/3/892 1264/3/892
f 1262/3/892 1261/3/892 1265/3/892
f 1262/3/892 1265/3/892 1266/3/892
f 1266/3/892 1265/3/892 1267/3/892
f 1266/3/892 1267/3/892 1268/3/893
f 1269/3/890 1270/3/890 1271/3/890
f 1269/3/890 1271/3/890 1272/3/891
f 1270/3/890 1269/3/890 1273/3/890
f 1270/3/890 1273/3/890 1274/3/890
f 1275/3/890 1274/3/890 1273/3/890
f 1274/3/890 1275/3/890 1276/3/890
f 1277/3/890 1278/3/890 1279/3/890
f 1278/3/890 1277/3/890 1280/3/891
f 1281/3/890 1279/3/890 1278/3/890
f 1281/3/890 1282/3/890 1279/3/890
f 1282/3/890 1281/3/890 1283/3/890
f 1282/3/890 1283/3/890 1284/3/890
f 1285/3/892 1286/3/892 1287/3/892
f 1285/3/892 1287/3/892 1288/3/892
f 1286/3/892 1285/3/892 1289/3/892
f 1289/3/892 1290/3/892 1286/3/892
f 1290/3/892 1289/3/892 1291/3/892
f 1290/3/892 1291/3/892 1292/3/892
f 1293/3/892 1294/3/892 1295/3/892
f 1293/3/892 1296/3/892 1294/3/892
f 1296/3/892 1293/3/892 1297/3/892
f 1297/3/892 1298/3/892 1296/3/892
f 1298/3/892 1297/3/892 1299/3/892
f 1298/3/892 1299/3/892 1300/3/892
f 1301/3/892 1302/3/892 1303/3/892
f 1301/3/892 1303/3/892 1304/3/892
f 1302/3/892 1301/3/892 1305/3/892
f 1302/3/892 1305/3/892 1306/3/892
f 1306/3/892 1305/3/892 1307/3/892
f 1306/3/892 1307/3/892 1308/3/892
f 1309/3/892 1310/3/892 1311/3/892
f 1309/3/892 1311/3/892 1312/3/893
f 1310/3/892 1309/3/892 1313/3/892
f 1310/3/892 1313/3/892 1314/3/892
f 1314/3/892 1313/3/892 1315/3/892
f 1314/3/892 1315/3/892 1316/3/893
f 1317/3/892 1318/3/892 1319/3/892
f 1317/3/892 1319/3/892 1320/3/892
f 1318/3/892 1317/3/892 1321/3/892
f 1318/3/892 1321/3/892 1322/3/892
f 1322/3/892 1321/3/892 1323/3/892
f 1322/3/892 1323/3/892 1324/3/892
f 1325/3/892 1326/3/892 1327/3/892
f 1325/3/892 1327/3/892 1328/3/892
f 1326/3/892 1325/3/892 1329/3/892
f 1329/3/892 1330/3/892 1326/3/892
f 1330/3/892 1329/3/892 1331/3/892
f 1330/3/892 1331/3/892 1332/3/892
f 1333/3/890 1334/3/890 1335/3/890
f 1333/3/890 1335/3/890 1336/3/890
f 1334/3/890 1333/3/890 1337/3/890
f 1334/3/890 1337/3/890 1338/3/890
f 1339/3/890 1338/3/890 1337/3/890
f 1338/3/890 1339/3/890 1340/3/890
f 1341/3/890 1342/3/890 1343/3/890
f 1342/3/890 1341/3/890 1344/3/890
f 1345/3/890 1343/3/890 1342/3/890
f 1345/3/890 1346/3/890 1343/3/890
f 1346/3/890 1345/3/890 1347/3/890
f 1346/3/890 1347/3/890 1348/3/890
f 1349/3/892 1350/3/892 1351/3/892
f 1349/3/892 1351/3/892 1352/3/892
f 1350/3/892 1349/3/892 1353/3/892
f 1353/3/892 1354/3/892 1350/3/892
f 1354/3/892 1353/3/892 1355/3/892
f 1354/3/892 1355/3/892 1356/3/893
f 1357/3/890 1358/3/890 1359/3/890
f 1357/3/890 1359/3/890 1360/3/890
f 1358/3/890 1357/3/890 1361/3/890
f 1358/3/890 1361/3/890 1362/3/890
f 1363/3/890 1362/3/890 1361/3/890
f 1362/3/890 1363/3/890 1364/3/890
f 1365/3/890 1366/3/890 1367/3/890
f 1366/3/890 1365/3/890 1368/3/890
f 1369/3/890 1367/3/890 1366/3/890
f 1369/3/890 1370/3/890 1367/3/890
f 1370/3/890 1369/3/890 1371/3/890
f 1370/3/890 1371/3/890 1372/3/891
f 1373/3/890 1374/3/890 1375/3/890
f 1373/3/890 1376/3/890 1374/3/890
f 1376/3/890 1373/3/890 1377/3/890
f 1376/3/890 1377/3/890 1378/3/890
f 1379/3/890 1378/3/890 1377/3/890
f 1378/3/890 1379/3/890 1380/3/891
f 1381/3/890 1382/3/890 1383/3/890
f 1382/3/890 1381/3/890 1384/3/890
f 1385/3/890 1383/3/890 1382/3/890
f 1385/3/890 1386/3/890 1383/3/890
f 1386/3/890 1385/3/890 1387/3/890
f 1386/3/890 1387/3/890 1388/3/890
f 1389/3/890 1390/3/890 1391/3/890
f 1390/3/890 1389/3/890 1392/3/891
f 1393/3/890 1391/3/890 1390/3/890
f 1393/3/890 1394/3/890 1391/3/890
f 1394/3/890 1393/3/890 1395/3/890
f 1394/3/890 1395/3/890 1396/3/890
f 1397/3/890 1398/3/890 1399/3/890
f 1397/3/890 1399/3/890 1400/3/890
f 1398/3/890 1397/3/890 1401/3/890
f 1398/3/890 1401/3/890 1402/3/890
f 1403/3/890 1402/3/890 1401/3/890
f 1402/3/890 1403/3/890 1404/3/891
f 1405/3/892 1406/3/892 1407/3/892
f 1405/3/892 1407/3/892 1408/3/892
f 1406/3/892 1405/3/892 1409/3/892
f 1406/3/892 1409/3/892 1410/3/892
f 1410/3/892 1409/3/892 1411/3/892
f 1410/3/892 1411/3/892 1412/3/892
f 1413/3/892 1414/3/892 1415/3/892
f 1413/3/892 1415/3/892 1416/3/893
f 1414/3/892 1413/3/892 1417/3/892
f 1417/3/892 1418/3/892 1414/3/892
f 1418/3/892 1417/3/892 1419/3/892
f 1418/3/892 1419/3/892 1420/3/892
f 1421/3/890 1422/3/890 1423/3/890
f 1422/3/890 1421/3/890 1424/3/890
f 1425/3/890 1423/3/890 1422/3/890
f 1425/3/890 1426/3/890 1423/3/890
f 1426/3/890 1425/3/890 1427/3/890
f 1426/3/890 1427/3/890 1428/3/890
f 1429/3/892 1430/3/892 1431/3/892
f 1429/3/892 1431/3/892 1432/3/892
f 1430/3/892 1429/3/892 1433/3/892
f 1430/3/892 1433/3/892 1434/3/892
f 1434/3/892 1433/3/892 1435/3/892
f 1434/3/892 1435/3/892 1436/3/892
f 1437/3/892 1438/3/892 1439/3/892
f 1437/3/892 1439/3/892 1440/3/893
f 1438/3/892 1437/3/892 1441/3/892
f 1441/3/892 1442/3/892 1438/3/892
f 1442/3/892 1441/3/892 1443/3/892
f 1442/3/892 1443/3/892 1444/3/892
f 1445/3/890 1446/3/890 1447/3/890
f 1445/3/890 1448/3/890 1446/3/890
f 1448/3/890 1445/3/890 1449/3/890
f 1448/3/890 1449/3/890 1450/3/890
f 1451/3/890 1450/3/890 1449/3/890
f 1450/3/890 1451/3/890 1452/3/890
f 1453/3/892 1454/3/892 1455/3/892
f 1453/3/892 1455/3/892 1456/3/892
f 1454/3/892 1453/3/892 1457/3/892
f 1454/3/892 1457/3/892 1458/3/892
f 1458/3/892 1457/3/892 1459/3/892
f 1458/3/892 1459/3/892 1460/3/892
f 1461/3/892 1462/3/892 1463/3/892
f 1461/3/892 1463/3/892 1464/3/892
f 1462/3/892 1461/3/892 1465/3/892
f 1462/3/892 1465/3/892 1466/3/892
f 1466/3/892 1465/3/892 1467/3/892
f 1466/3/892 1467/3/892 1468/3/892
f 1469/3/890 1470/3/890 1471/3/890
f 1470/3/890 1469/3/890 1472/3/890
f 1473/3/890 1471/3/890 1470/3/890
f 1473/3/890 1474/3/890 1471/3/890
f 1474/3/890 1473/3/890 1475/3/890
f 1474/3/890 1475/3/890 1476/3/890
f 1477/3/890 1478/3/890 1479/3/890
f 1477/3/890 1479/3/890 1480/3/890
f 1478/3/890 1477/3/890 1481/3/890
f 1478/3/890 1481/3/890 1482/3/890
f 1483/3/890 1482/3/890 1481/3/890
f 1482/3/890 1483/3/890 1484/3/890
f 1485/3/892 1486/3/892 1487/3/892
f 1485/3/892 1487/3/892 1488/3/892
f 1486/3/892 1485/3/892 1489/3/892
f 1486/3/892 1489/3/892 1490/3/892
f 1490/3/892 1489/3/892 1491/3/892
f 1490/3/892 1491/3/892 1492/3/892
f 1493/3/890 1494/3/890 1495/3/890
f 1494/3/890 1493/3/890 1496/3/890
f 1497/3/890 1496/3/890 1493/3/890
f 1497/3/890 1498/3/890 1496/3/890
f 1498/3/890 1497/3/890 1499/3/890
f 1498/3/890 1499/3/890 1500/3/890
o 125312211911025
v -3.422684 0.332873 -0.045519
v -3.422684 0.377353 -0.085623
v -3.422684 0.317543 -0.060849
v -3.422684 0.292769 -0.001038
v -3.422684 0.377353 -0.063943
v -3.422684 0.314449 -0.001038
v -3.422684 0.421834 -0.045519
v -3.422684 0.332873 0.043442
v -3.422684 0.437164 -0.060849
v -3.422684 0.317543 0.058772
v -3.422684 0.461938 -0.001038
v -3.422684 0.377353 0.083546
v -3.422684 0.440258 -0.001038
v -3.422684 0.377353 0.061866
v -3.422684 0.421834 0.043442
v -3.422684 0.437164 0.058772
v -3.301111 0.377353 0.061866
v -3.422684 0.332873 0.043442
v -3.422684 0.377353 0.061866
v -3.301111 0.332873 0.043442
v -3.422684 0.314449 -0.001038
v -3.301111 0.421834 0.043442
v -3.422684 0.421834 0.043442
v -3.301111 0.314449 -0.001038
v -3.301111 0.440258 -0.001038
v -3.422684 0.440258 -0.001038
v -3.422684 0.332873 -0.045519
v -3.301111 0.421834 -0.045519
v -3.422684 0.421834 -0.045519
v -3.301111 0.377353 -0.063943
v -3.422684 0.377353 -0.063943
v -3.301111 0.332873 -0.045519
v -3.263685 0.380626 -0.101328
v -3.263685 0.280249 -0.000952
v -3.263685 0.380626 0.099426
v -3.263685 0.309649 0.070027
v -3.263685 0.309649 -0.071929
v -3.263685 0.481004 -0.000952
v -3.263685 0.451604 -0.071929
v -3.263685 0.451604 0.070027
v 1.956855 0.365336 0.135433
v 1.956855 -0.259708 -0.137509
v 1.956855 0.365336 -0.137509
v 1.956855 -0.259708 0.135433
v 0.660000 0.686620 -0.094646
v 0.660000 0.598239 -0.088381
v 0.660000 0.686620 -0.124991
v 0.660000 0.619696 -0.066924
v 0.660000 0.753545 -0.066924
v 0.660000 0.561630 -0.000000
v 0.660000 0.775002 -0.088381
v 0.660000 0.591975 -0.000000
v 0.660000 0.811610 -0.000000
v 0.660000 0.598239 0.088381
v 0.660000 0.781265 -0.000000
v 0.660000 0.619696 0.066924
v 0.660000 0.753545 0.066924
v 0.660000 0.686620 0.094646
v 0.660000 0.775002 0.088381
v 0.660000 0.686620 0.124991
v -1.225115 0.597200 0.089420
v -1.225115 0.522625 -0.000000
v -1.225115 0.570658 0.115962
v -1.225115 0.686620 0.163996
v -1.225115 0.560161 -0.000000
v -1.225115 0.686620 0.126460
v -1.225115 0.570658 -0.115961
v -1.225115 0.776040 0.089420
v -1.225115 0.597200 -0.089421
v -1.225115 0.802582 0.115962
v -1.225115 0.686620 -0.163994
v -1.225115 0.813080 -0.000000
v -1.225115 0.686620 -0.126460
v -1.225115 0.850615 -0.000000
v -1.225115 0.776040 -0.089421
v -1.225115 0.802582 -0.115961
v 0.339676 0.386679 -0.098090
v 0.339676 0.483732 -0.001038
v 0.339676 0.289627 -0.001038
v 0.339676 0.455306 -0.069665
v 0.339676 0.318053 -0.069665
v 0.339676 0.455306 0.067589
v 0.339676 0.318053 0.067589
v 0.339676 0.386679 0.096015
v 0.124892 0.651748 -0.082961
v 0.124892 0.651748 0.082962
v 0.124892 0.403801 -0.082961
v 0.124892 0.403801 0.082962
v 0.124892 0.754840 -0.068728
v 0.124892 0.686112 -0.097195
v 0.124892 0.783308 -0.000000
v 0.124892 0.754840 0.068728
v 0.124892 0.686112 0.097196
v 1.849638 -0.227291 -0.137509
v 1.849638 -0.227291 0.135433
v 1.742423 -0.227291 -0.137509
v 1.742423 -0.227291 0.135433
v 1.924438 -0.259708 0.135433
v 1.924438 -0.259708 -0.137509
v 1.956855 -0.259708 -0.137509
v 1.956855 -0.259708 0.135433
v -0.030874 0.626200 0.060420
v -0.061850 0.686620 0.104669
v -0.061850 0.612608 0.074012
v -0.061850 0.581951 -0.000000
v -0.030874 0.686620 0.085447
v -0.030874 0.601173 -0.000000
v -0.030874 0.747041 0.060420
v -0.030874 0.626200 -0.060421
v -0.061850 0.760633 0.074012
v -0.061850 0.612608 -0.074013
v -0.061850 0.791289 -0.000000
v -0.061850 0.686620 -0.104670
v -0.030874 0.772068 -0.000000
v -0.030874 0.686620 -0.085448
v -0.030874 0.747041 -0.060421
v -0.061850 0.760633 -0.074013
v -0.209568 0.868012 -0.000000
v -0.089845 0.868012 0.049592
v -0.139436 0.868012 -0.070133
v -0.189027 0.868012 -0.049592
v -0.089845 0.868012 -0.049592
v -0.069302 0.868012 -0.000000
v -0.189027 0.868012 0.049592
v -0.139436 0.868012 0.070133
v -0.189027 0.638426 0.124881
v -0.139436 0.617884 0.124881
v -0.189027 0.638426 0.179994
v -0.139436 0.617884 0.179994
v -0.209568 0.688017 0.179994
v -0.089845 0.638426 0.124881
v -0.209568 0.688017 0.124881
v -0.089845 0.638426 0.179994
v -0.189027 0.737609 0.179994
v -0.069302 0.688017 0.124881
v -0.189027 0.737609 0.124881
v -0.069302 0.688017 0.179994
v -0.139436 0.758150 0.179994
v -0.089845 0.737609 0.124881
v -0.139436 0.758150 0.124881
v -0.089845 0.737609 0.179994
v -0.139436 0.750409 0.049399
v -0.139436 0.812898 0.049399
v -0.174367 0.750409 0.034930
v -0.174367 0.812898 0.034930
v -0.104505 0.812898 0.034930
v -0.188835 0.750409 -0.000000
v -0.104505 0.750409 0.034930
v -0.188835 0.812898 -0.000000
v -0.090035 0.812898 -0.000000
v -0.174367 0.750409 -0.034931
v -0.090035 0.750409 -0.000000
v -0.174367 0.812898 -0.034931
v -0.104505 0.812898 -0.034931
v -0.139436 0.750409 -0.049400
v -0.104505 0.750409 -0.034931
v -0.139436 0.812898 -0.049400
v -0.089845 0.638426 -0.179994
v -0.139436 0.758150 -0.179994
v -0.089845 0.737609 -0.179994
v -0.069302 0.688017 -0.179994
v -0.209568 0.688017 -0.179994
v -0.189027 0.737609 -0.179994
v -0.189027 0.638426 -0.179994
v -0.139436 0.617884 -0.179994
v -0.089845 0.638426 0.179994
v -0.089845 0.737609 0.179994
v -0.139436 0.758150 0.179994
v -0.069302 0.688017 0.179994
v -0.209568 0.688017 0.179994
v -0.189027 0.737609 0.179994
v -0.189027 0.638426 0.179994
v -0.139436 0.617884 0.179994
v -0.272503 0.462121 -0.001038
v -0.272503 0.455306 -0.069665
v -0.272503 0.483732 -0.001038
v -0.272503 0.386679 -0.098090
v -0.272503 0.382874 0.083719
v -0.272503 0.436671 0.062107
v -0.592283 0.289627 -0.001038
v -0.592283 0.483732 -0.001038
v -0.592283 0.386680 -0.098090
v -0.592283 0.455306 -0.069665
v -0.592283 0.318053 -0.069665
v -0.592283 0.455306 0.067589
v -0.592283 0.318053 0.067589
v -0.592283 0.386680 0.096015
v -3.422684 0.317543 0.058772
v -0.588944 0.317543 0.058772
v -0.588944 0.377353 0.083546
v -3.422684 0.292769 -0.001038
v -3.422684 0.377353 0.083546
v -0.588944 0.292769 -0.001038
v -0.588944 0.437164 0.058772
v -3.422684 0.317543 -0.060849
v -3.422684 0.437164 0.058772
v -0.588944 0.317543 -0.060849
v -0.588944 0.461938 -0.001038
v -3.422684 0.377353 -0.085623
v -3.422684 0.461938 -0.001038
v -0.588944 0.377353 -0.085623
v -0.588944 0.437164 -0.060849
v -3.422684 0.437164 -0.060849
v 1.956855 0.365336 -0.137509
v 1.849638 -0.227291 -0.137509
v 1.742423 0.365336 -0.137509
v 1.742423 -0.227291 -0.137509
v 1.956855 -0.259708 -0.137509
v 1.924438 -0.259708 -0.137509
v 1.849638 -0.227291 0.135433
v 1.742423 0.365336 0.135433
v 1.742423 -0.227291 0.135433
v 1.956855 0.365336 0.135433
v 1.956855 -0.259708 0.135433
v 1.924438 -0.259708 0.135433
v -0.312535 0.783308 -0.000000
v -0.312535 0.651748 -0.082961
v -0.312535 0.754840 -0.068728
v -0.312535 0.686112 -0.097195
v -0.312535 0.651748 0.082962
v -0.312535 0.754840 0.068728
v -0.312535 0.686112 0.097196
v -0.312535 0.403801 -0.082961
v -0.312535 0.403801 0.082962
v 1.015341 0.432451 -0.100014
v 0.948641 0.300373 -0.100014
v 0.948641 0.377217 -0.100014
v 1.628319 0.432451 -0.100014
v 1.695020 0.300373 -0.100014
v 1.695020 0.377217 -0.100014
v 0.948641 0.300373 0.097938
v 1.628319 0.432451 0.097938
v 1.015341 0.432451 0.097938
v 0.948641 0.377217 0.097938
v 1.695020 0.300373 0.097938
v 1.695020 0.377217 0.097938
v -0.272503 0.462121 -0.001038
v -0.014035 0.462121 -0.001038
v -0.014035 0.436671 0.062107
v -0.272503 0.436671 0.062107
v -0.014035 0.382874 0.083719
v -0.272503 0.382874 0.083719
v 0.626543 0.619696 -0.066924
v 0.660000 0.591975 -0.000000
v 0.660000 0.619696 -0.066924
v 0.626543 0.591975 -0.000000
v 0.626543 0.686620 -0.094646
v 0.660000 0.619696 0.066924
v 0.660000 0.686620 -0.094646
v 0.626543 0.619696 0.066924
v 0.626543 0.753545 -0.066924
v 0.660000 0.686620 0.094646
v 0.660000 0.753545 -0.066924
v 0.626543 0.686620 0.094646
v 0.626543 0.781265 -0.000000
v 0.660000 0.753545 0.066924
v 0.660000 0.781265 -0.000000
v 0.626543 0.753545 0.066924
v 0.027698 0.686112 -0.097195
v 0.124892 0.686112 -0.097195
v 0.124892 0.651748 -0.082961
v 0.027698 0.754840 -0.068728
v 0.027698 0.651748 -0.082961
v 0.124892 0.403801 -0.082961
v 0.027698 0.403801 -0.082961
v 0.124892 0.754840 -0.068728
v 0.027698 0.783308 -0.000000
v 0.124892 0.783308 -0.000000
v 0.027698 0.754840 0.068728
v 0.124892 0.754840 0.068728
v 0.027698 0.686112 0.097196
v 0.124892 0.686112 0.097196
v 0.027698 0.651748 0.082962
v 0.124892 0.651748 0.082962
v 0.027698 0.403801 0.082962
v 0.124892 0.403801 0.082962
v -0.409730 0.686112 -0.097195
v -0.312535 0.686112 -0.097195
v -0.312535 0.651748 -0.082961
v -0.409730 0.754840 -0.068728
v -0.409730 0.651748 -0.082961
v -0.312535 0.403801 -0.082961
v -0.409730 0.403801 -0.082961
v -0.312535 0.754840 -0.068728
v -0.409730 0.783308 -0.000000
v -0.312535 0.783308 -0.000000
v -0.409730 0.754840 0.068728
v -0.312535 0.754840 0.068728
v -0.409730 0.686112 0.097196
v -0.312535 0.686112 0.097196
v -0.409730 0.651748 0.082962
v -0.312535 0.651748 0.082962
v -0.409730 0.403801 0.082962
v -0.312535 0.403801 0.082962
v -0.139436 0.638618 0.062391
v -0.139436 0.638618 0.124881
v -0.174367 0.653087 0.062391
v -0.174367 0.653087 0.124881
v -0.104505 0.653087 0.124881
v -0.188835 0.688017 0.062391
v -0.104505 0.653087 0.062391
v -0.188835 0.688017 0.124881
v -0.090035 0.688017 0.124881
v -0.174367 0.722948 0.062391
v -0.090035 0.688017 0.062391
v -0.174367 0.722948 0.124881
v -0.104505 0.722948 0.124881
v -0.139436 0.737417 0.062391
v -0.104505 0.722948 0.062391
v -0.139436 0.737417 0.124881
v -3.263685 0.309649 0.070027
v -3.109494 0.309649 0.070027
v -3.109494 0.380626 0.099426
v -3.263685 0.280249 -0.000952
v -3.263685 0.380626 0.099426
v -3.109494 0.280249 -0.000952
v -3.109494 0.451604 0.070027
v -3.263685 0.309649 -0.071929
v -3.263685 0.451604 0.070027
v -3.109494 0.309649 -0.071929
v -3.109494 0.481004 -0.000952
v -3.263685 0.380626 -0.101328
v -3.263685 0.481004 -0.000952
v -3.109494 0.380626 -0.101328
v -3.109494 0.451604 -0.071929
v -3.263685 0.451604 -0.071929
v -1.159633 0.560161 -0.000000
v -1.225115 0.560161 -0.000000
v -1.159633 0.597200 0.089420
v -1.159633 0.597200 -0.089421
v -1.225115 0.597200 0.089420
v -1.225115 0.597200 -0.089421
v -1.159633 0.686620 0.126460
v -1.225115 0.686620 -0.126460
v -1.225115 0.686620 0.126460
v -1.159633 0.686620 -0.126460
v -1.159633 0.776040 0.089420
v -1.225115 0.776040 -0.089421
v -1.225115 0.776040 0.089420
v -1.159633 0.776040 -0.089421
v -1.159633 0.813080 -0.000000
v -1.225115 0.813080 -0.000000
v -0.272503 0.483732 -0.001038
v -0.014035 0.483732 -0.001038
v -0.014035 0.462121 -0.001038
v -0.272503 0.462121 -0.001038
v -0.174367 0.722948 -0.124881
v -0.174367 0.722948 -0.062392
v -0.139436 0.737417 -0.124881
v -0.139436 0.737417 -0.062392
v -0.188835 0.688017 -0.062392
v -0.104505 0.722948 -0.124881
v -0.188835 0.688017 -0.124881
v -0.104505 0.722948 -0.062392
v -0.174367 0.653087 -0.062392
v -0.090035 0.688017 -0.124881
v -0.174367 0.653087 -0.124881
v -0.090035 0.688017 -0.062392
v -0.139436 0.638618 -0.062392
v -0.104505 0.653087 -0.124881
v -0.139436 0.638618 -0.124881
v -0.104505 0.653087 -0.062392
v -0.409730 0.783308 -0.000000
v -0.409730 0.651748 0.082962
v -0.409730 0.754840 0.068728
v -0.409730 0.686112 0.097196
v -0.409730 0.651748 -0.082961
v -0.409730 0.754840 -0.068728
v -0.409730 0.686112 -0.097195
v -0.409730 0.403801 0.082962
v -0.409730 0.403801 -0.082961
v -0.189027 0.812898 0.049592
v -0.139436 0.812898 0.070133
v -0.189027 0.868012 0.049592
v -0.139436 0.868012 0.070133
v -0.209568 0.868012 -0.000000
v -0.089845 0.812898 0.049592
v -0.209568 0.812898 -0.000000
v -0.089845 0.868012 0.049592
v -0.189027 0.868012 -0.049592
v -0.069302 0.812898 -0.000000
v -0.189027 0.812898 -0.049592
v -0.069302 0.868012 -0.000000
v -0.139436 0.868012 -0.070133
v -0.089845 0.812898 -0.049592
v -0.139436 0.812898 -0.070133
v -0.089845 0.868012 -0.049592
v -0.189027 0.737609 -0.179994
v -0.139436 0.758150 -0.124881
v -0.139436 0.758150 -0.179994
v -0.089845 0.737609 -0.124881
v -0.189027 0.737609 -0.124881
v -0.089845 0.737609 -0.179994
v -0.209568 0.688017 -0.179994
v -0.069302 0.688017 -0.124881
v -0.209568 0.688017 -0.124881
v -0.069302 0.688017 -0.179994
v -0.189027 0.638426 -0.179994
v -0.089845 0.638426 -0.124881
v -0.189027 0.638426 -0.124881
v -0.089845 0.638426 -0.179994
v -0.139436 0.617884 -0.179994
v -0.139436 0.617884 -0.124881
v 0.018273 0.318053 0.067589
v 0.339676 0.318053 0.067589
v 0.339676 0.386679 0.096015
v 0.018273 0.289627 -0.001038
v 0.339676 0.289627 -0.001038
v 0.018273 0.318053 -0.069665
v 0.339676 0.318053 -0.069665
v 0.339676 0.386679 -0.098090
v -0.014035 0.386679 -0.098090
v -0.014035 0.455306 -0.069665
v -0.272503 0.386679 -0.098090
v 0.339676 0.455306 -0.069665
v -0.014035 0.483732 -0.001038
v -0.304810 0.318053 -0.069665
v 0.339676 0.483732 -0.001038
v -0.592283 0.386680 -0.098090
v -0.272503 0.455306 -0.069665
v -0.592283 0.318053 -0.069665
v -0.592283 0.455306 -0.069665
v -0.304812 0.289627 -0.001038
v -0.592283 0.483732 -0.001038
v -0.592283 0.289627 -0.001038
v -0.592283 0.318053 0.067589
v -0.272503 0.483732 -0.001038
v -0.304810 0.318053 0.067589
v -0.304810 0.386679 0.096015
v -0.592283 0.386680 0.096015
v -0.304810 0.455306 0.067589
v -0.592283 0.455306 0.067589
v 0.018273 0.386679 0.096015
v 0.339676 0.455306 0.067589
v 0.018273 0.455306 0.067589
v -0.089845 0.638426 -0.124881
v -0.139436 0.638618 -0.124881
v -0.139436 0.617884 -0.124881
v -0.189027 0.638426 -0.124881
v -0.104505 0.653087 -0.124881
v -0.174367 0.653087 -0.124881
v -0.069302 0.688017 -0.124881
v -0.188835 0.688017 -0.124881
v -0.090035 0.688017 -0.124881
v -0.209568 0.688017 -0.124881
v -0.104505 0.722948 -0.124881
v -0.174367 0.722948 -0.124881
v -0.089845 0.737609 -0.124881
v -0.189027 0.737609 -0.124881
v -0.139436 0.737417 -0.124881
v -0.139436 0.758150 -0.124881
v -0.089845 0.737609 0.124881
v -0.139436 0.737417 0.124881
v -0.139436 0.758150 0.124881
v -0.104505 0.722948 0.124881
v -0.174367 0.722948 0.124881
v -0.069302 0.688017 0.124881
v -0.189027 0.737609 0.124881
v -0.090035 0.688017 0.124881
v -0.209568 0.688017 0.124881
v -0.104505 0.653087 0.124881
v -0.188835 0.688017 0.124881
v -0.089845 0.638426 0.124881
v -0.189027 0.638426 0.124881
v -0.139436 0.638618 0.124881
v -0.174367 0.653087 0.124881
v -0.139436 0.617884 0.124881
v 1.628319 0.432451 -0.100014
v 1.628319 0.432451 0.097938
v 1.695020 0.377217 -0.100014
v 1.695020 0.377217 0.097938
v 1.695020 0.300373 -0.100014
v 1.695020 0.300373 0.097938
v 1.015341 0.432451 0.097938
v 1.015341 0.432451 -0.100014
v 0.948641 0.377217 0.097938
v 0.948641 0.377217 -0.100014
v 0.948641 0.300373 0.097938
v 0.948641 0.300373 -0.100014
v -0.216502 0.686620 0.104669
v -0.247479 0.747041 0.060420
v -0.247479 0.686620 0.085447
v -0.247477 0.626200 0.060420
v -0.216502 0.760632 0.074012
v -0.216502 0.612608 0.074012
v -0.216502 0.791289 -0.000000
v -0.216502 0.581951 -0.000000
v -0.247479 0.772068 -0.000000
v -0.247477 0.601173 -0.000000
v -0.247479 0.747041 -0.060421
v -0.247477 0.626200 -0.060421
v -0.216502 0.760632 -0.074013
v -0.216502 0.612608 -0.074013
v -0.216502 0.686620 -0.104670
v -0.247479 0.686620 -0.085448
v -0.141499 0.386679 -0.098090
v -0.014035 0.382874 0.083719
v -0.014035 0.386679 -0.098090
v -0.272503 0.382874 0.083719
v -0.272503 0.386679 -0.098090
v -0.089845 0.812898 -0.049592
v -0.139436 0.812898 -0.049400
v -0.139436 0.812898 -0.070133
v -0.104505 0.812898 -0.034931
v -0.174367 0.812898 -0.034931
v -0.069302 0.812898 -0.000000
v -0.189027 0.812898 -0.049592
v -0.090035 0.812898 -0.000000
v -0.209568 0.812898 -0.000000
v -0.104505 0.812898 0.034930
v -0.188835 0.812898 -0.000000
v -0.089845 0.812898 0.049592
v -0.189027 0.812898 0.049592
v -0.139436 0.812898 0.049399
v -0.174367 0.812898 0.034930
v -0.139436 0.812898 0.070133
v 1.956855 0.365336 -0.137509
v 1.742423 0.365336 -0.137509
v 1.742423 0.365336 0.135433
v 1.956855 0.365336 0.135433
v -0.216502 0.612608 0.074012
v -0.061850 0.612608 0.074012
v -0.061850 0.686620 0.104669
v -0.216502 0.581951 -0.000000
v -0.216502 0.686620 0.104669
v -0.061850 0.581951 -0.000000
v -0.216502 0.760632 0.074012
v -0.216502 0.612608 -0.074013
v -0.061850 0.760633 0.074012
v -0.061850 0.612608 -0.074013
v -0.061850 0.791289 -0.000000
v -0.216502 0.686620 -0.104670
v -0.216502 0.791289 -0.000000
v -0.061850 0.686620 -0.104670
v -0.061850 0.760633 -0.074013
v -0.216502 0.760632 -0.074013
v -0.532775 0.626200 0.060420
v -0.247477 0.626200 0.060420
v -0.247479 0.686620 0.085447
v -0.532775 0.601173 -0.000000
v -0.247477 0.601173 -0.000000
v -0.532775 0.686620 0.085447
v -0.247479 0.747041 0.060420
v -0.824202 0.522625 -0.000000
v -0.532775 0.747041 0.060420
v -0.824202 0.686620 0.163996
v -0.247479 0.772068 -0.000000
v -0.532775 0.626200 -0.060421
v -0.247477 0.626200 -0.060421
v -0.247479 0.686620 -0.085448
v -0.532775 0.772068 -0.000000
v -0.247479 0.747041 -0.060421
v -0.532775 0.686620 -0.085448
v -0.532775 0.747041 -0.060421
v -0.824202 0.850615 -0.000000
v -0.824202 0.686620 -0.163994
v -0.824202 0.570658 -0.115961
v -1.225115 0.570658 -0.115961
v -1.225115 0.522625 -0.000000
v -1.225115 0.686620 -0.163994
v -1.225115 0.570658 0.115962
v -0.824202 0.802582 -0.115961
v -1.225115 0.802582 -0.115961
v -1.225115 0.850615 -0.000000
v -0.824202 0.570658 0.115962
v -1.225115 0.686620 0.163996
v -1.225115 0.802582 0.115962
v -0.824202 0.802582 0.115962
v -0.014035 0.386679 -0.098090
v -0.014035 0.462121 -0.001038
v -0.014035 0.455306 -0.069665
v -0.014035 0.483732 -0.001038
v -0.014035 0.382874 0.083719
v -0.014035 0.436671 0.062107
v 0.027698 0.651748 -0.082961
v 0.027698 0.403801 -0.082961
v 0.027698 0.403801 0.082962
v 0.027698 0.651748 0.082962
v 0.027698 0.754840 -0.068728
v 0.027698 0.686112 -0.097195
v 0.027698 0.783308 -0.000000
v 0.027698 0.754840 0.068728
v 0.027698 0.686112 0.097196
v 0.419450 0.686620 0.124991
v 0.303472 0.747041 0.060420
v 0.303472 0.686620 0.085447
v -0.030874 0.686620 0.085447
v -0.030874 0.626200 0.060420
v -0.030874 0.747041 0.060420
v 0.303472 0.626200 0.060420
v -0.030874 0.601173 -0.000000
v 0.303472 0.772068 -0.000000
v -0.030874 0.772068 -0.000000
v 0.303472 0.747041 -0.060421
v 0.419450 0.811610 -0.000000
v -0.030874 0.747041 -0.060421
v 0.303472 0.601173 -0.000000
v -0.030874 0.626200 -0.060421
v 0.303472 0.626200 -0.060421
v 0.419450 0.561630 -0.000000
v -0.030874 0.686620 -0.085448
v 0.303472 0.686620 -0.085448
v 0.419450 0.686620 -0.124991
v 0.419450 0.598239 -0.088381
v 0.419450 0.775001 -0.088381
v 0.660000 0.686620 -0.124991
v 0.660000 0.598239 -0.088381
v 0.660000 0.775002 -0.088381
v 0.660000 0.561630 -0.000000
v 0.660000 0.811610 -0.000000
v 0.660000 0.775002 0.088381
v 0.419450 0.598239 0.088381
v 0.660000 0.598239 0.088381
v 0.660000 0.686620 0.124991
v 0.419450 0.775001 0.088381
v 1.742423 0.365336 -0.137509
v 1.742423 -0.227291 -0.137509
v 1.742423 -0.227291 0.135433
v 1.742423 0.365336 0.135433
v -3.109494 0.280249 -0.000952
v -3.109494 0.380626 -0.101328
v -3.109494 0.380626 0.099426
v -3.109494 0.309649 -0.071929
v -3.109494 0.309649 0.070027
v -3.109494 0.481004 -0.000952
v -3.109494 0.451604 0.070027
v -3.109494 0.451604 -0.071929
vn -1.0000 0.0005 0.0005
vn -0.5616 0.0005 -0.8274
vn 0.0005 0.6913 -0.7226
vn 0.0005 0.0005 -1.0000
vn -0.6024 0.5516 -0.5770
vn 0.0005 1.0000 0.0005
vn -0.6024 -0.5516 -0.5770
vn 0.0005 -0.6913 -0.7226
vn -0.6392 0.7691 0.0005
vn -0.6392 -0.7691 0.0005
vn 0.0005 -1.0000 0.0005
vn 0.0005 0.6913 0.7226
vn -0.6024 -0.5516 0.5770
vn 0.0005 -0.6913 0.7226
vn -0.5616 0.0005 0.8274
vn 0.0005 0.0005 1.0000
vn -0.6024 0.5516 0.5770
vn 1.0000 0.0005 0.0005
vn 1.0000 0.0002 0.0002
vn -0.2030 -0.9792 -0.0000
vn -0.2028 -0.9792 0.0003
vn -0.2028 -0.9792 0.0004
vn 0.5271 -0.6004 0.6014
vn 0.5272 0.0005 0.8497
vn 0.5272 -0.5780 0.6229
vn 0.5272 -0.8497 0.0005
vn 0.5272 0.0007 0.8497
vn 0.5272 0.6005 0.6012
vn 0.5271 -0.6004 -0.6013
vn 0.5272 0.5780 0.6229
vn 0.5272 -0.5780 -0.6229
vn 0.5272 0.8497 0.0006
vn 0.5272 0.0006 -0.8497
vn 0.5272 0.8497 0.0005
vn 0.5272 0.0005 -0.8497
vn 0.5272 0.6005 -0.6012
vn 0.5272 0.5780 -0.6229
vn 0.0002 1.0000 0.0002
vn -0.7071 -0.7071 -0.0000
vn 0.7071 -0.7071 -0.0000
vn -0.7071 0.7071 0.0005
vn -0.7071 0.7071 -0.0000
vn 0.7071 0.7071 -0.0000
vn -0.6913 0.0005 0.7226
vn -0.6913 0.0005 0.7225
vn 0.6913 0.0005 0.7226
vn -0.6913 0.0005 -0.7226
vn 0.6913 0.0005 -0.7226
vn 0.0002 0.0002 -1.0000
vn 0.0002 0.0002 1.0000
vn 0.0005 -0.6913 0.7225
vn 0.0005 0.6913 0.7225
vn 0.0005 -0.6913 -0.7225
vn 0.0005 0.6913 -0.7225
vn 0.0005 -0.9276 -0.3736
vn -0.0000 -0.9275 -0.3738
vn 0.0005 -0.6898 -0.7240
vn 0.0005 -0.3728 -0.9279
vn 0.0003 -0.3728 -0.9279
vn 0.0005 -0.1930 -0.9812
vn 0.0005 -0.1929 -0.9812
vn 0.0005 -0.1930 0.9812
vn 0.0005 -0.6914 0.7225
vn -1.0000 0.0002 0.0002
vn 0.6913 0.0005 -0.7225
vn 0.0005 -0.5886 0.8084
vn 0.0005 -0.5886 -0.8084
vn 0.0003 -0.1371 -0.9906
vn 0.0002 0.9906 0.1370
vn 0.0005 0.9905 0.1374
vn 0.0003 0.0003 1.0000
vn 0.3388 0.9409 0.0003
vn 0.3387 0.9409 0.0004
vn 0.9050 0.4254 0.0005
vn -0.3390 0.9408 -0.0000
vn -0.3387 0.9409 0.0004
vn -0.9050 0.4255 0.0003
vn -0.9050 0.4254 0.0005
vn -0.5272 0.0005 0.8497
vn -0.5271 0.6004 0.6014
vn -0.5271 -0.6005 0.6013
vn -0.5272 0.5780 0.6229
vn -0.5272 -0.5780 0.6229
vn -0.5272 0.8497 -0.0000
vn -0.5272 -0.8497 0.0005
vn -0.5272 0.8497 0.0005
vn -0.5272 0.6005 -0.6012
vn -0.5272 -0.6006 -0.6011
vn -0.5272 0.5780 -0.6229
vn -0.5272 -0.5780 -0.6229
vn -0.5272 0.0005 -0.8497
vn -0.5272 0.0006 -0.8497
vn -0.0000 0.9998 0.0209
vn 0.0005 0.9998 0.0210
vn 0.1353 -0.6883 0.7127
vn 0.1352 -0.9908 0.0006
vn 0.1361 0.0003 0.9907
vn 0.1273 -0.9919 -0.0000
vn 0.1353 0.6883 0.7127
vn 0.1257 0.0005 0.9921
vn 0.1353 -0.6883 -0.7127
vn 0.1352 0.9908 0.0005
vn 0.1361 0.0003 -0.9907
vn 0.1353 0.6883 -0.7127
vn 0.1273 0.9919 -0.0000
vn 0.1257 0.0005 -0.9921
vn 0.1266 -0.6826 -0.7197
vn 0.1266 0.6826 -0.7197
vn 0.1266 -0.6826 0.7197
vn 0.1266 0.6826 0.7197
vn -0.1539 0.0005 0.9881
vn -0.1705 0.6854 0.7079
vn -0.1714 0.0005 0.9852
vn -0.1705 -0.6854 0.7079
vn -0.1697 0.9855 0.0005
vn -0.1705 0.6854 -0.7079
vn -0.1578 0.9875 0.0004
vn -0.1698 -0.9855 0.0004
vn -0.1705 -0.6854 -0.7079
vn -0.1579 -0.9875 0.0005
vn -0.1713 0.0005 -0.9852
vn -0.1540 0.0005 -0.9881
vn -0.1568 -0.6796 -0.7167
vn -0.1568 0.6795 -0.7167
vn -0.1568 -0.6796 0.7167
vn -0.1568 0.6796 0.7167
vt 0.000000 0.000000
s 1
f 1501/4/894 1502/4/894 1503/4/894
f 1504/4/894 1501/4/894 1503/4/894
f 1502/4/894 1501/4/894 1505/4/894
f 1501/4/894 1504/4/894 1506/4/894
f 1507/4/894 1502/4/894 1505/4/894
f 1504/4/894 1508/4/894 1506/4/894
f 1502/4/894 1507/4/894 1509/4/894
f 1504/4/894 1510/4/894 1508/4/894
f 1511/4/894 1509/4/894 1507/4/894
f 1512/4/894 1508/4/894 1510/4/894
f 1511/4/894 1507/4/894 1513/4/894
f 1508/4/894 1512/4/894 1514/4/894
f 1515/4/894 1511/4/894 1513/4/894
f 1515/4/894 1514/4/894 1512/4/894
f 1511/4/894 1515/4/894 1516/4/894
f 1512/4/894 1516/4/894 1515/4/894
f 1517/4/895 1518/4/896 1519/4/897
f 1518/4/896 1517/4/895 1520/4/898
f 1518/4/896 1520/4/898 1521/4/899
f 1519/4/897 1522/4/900 1517/4/895
f 1522/4/900 1519/4/897 1523/4/901
f 1524/4/902 1521/4/899 1520/4/898
f 1517/4/895 1524/4/902 1520/4/898
f 1525/4/903 1517/4/895 1522/4/900
f 1523/4/901 1525/4/903 1522/4/900
f 1525/4/903 1524/4/902 1517/4/895
f 1525/4/903 1523/4/901 1526/4/904
f 1521/4/899 1524/4/902 1527/4/905
f 1526/4/904 1528/4/906 1525/4/903
f 1528/4/906 1526/4/904 1529/4/907
f 1530/4/908 1525/4/903 1528/4/906
f 1529/4/907 1530/4/908 1528/4/906
f 1524/4/902 1525/4/903 1530/4/908
f 1530/4/908 1529/4/907 1531/4/909
f 1532/4/910 1527/4/905 1524/4/902
f 1524/4/902 1530/4/908 1532/4/910
f 1532/4/910 1531/4/909 1527/4/905
f 1531/4/909 1532/4/910 1530/4/908
f 1533/4/894 1534/4/894 1535/4/894
f 1535/4/894 1534/4/894 1536/4/894
f 1534/4/894 1533/4/894 1537/4/894
f 1535/4/894 1538/4/894 1533/4/894
f 1533/4/894 1538/4/894 1539/4/894
f 1538/4/894 1535/4/894 1540/4/894
f 1541/4/911 1542/4/911 1543/4/911
f 1542/4/911 1541/4/911 1544/4/911
f 1545/4/911 1546/4/911 1547/4/911
f 1546/4/911 1545/4/911 1548/4/911
f 1547/4/911 1549/4/911 1545/4/911
f 1550/4/911 1546/4/911 1548/4/911
f 1549/4/911 1547/4/911 1551/4/911
f 1550/4/911 1548/4/911 1552/4/911
f 1553/4/911 1549/4/911 1551/4/911
f 1554/4/911 1550/4/911 1552/4/911
f 1549/4/911 1553/4/911 1555/4/911
f 1554/4/911 1552/4/911 1556/4/911
f 1553/4/911 1557/4/911 1555/4/911
f 1558/4/911 1554/4/911 1556/4/911
f 1553/4/911 1559/4/911 1557/4/911
f 1554/4/911 1558/4/911 1560/4/911
f 1560/4/911 1557/4/911 1559/4/911
f 1557/4/911 1560/4/911 1558/4/911
f 1561/4/894 1562/4/894 1563/4/894
f 1564/4/894 1561/4/894 1563/4/894
f 1562/4/894 1561/4/894 1565/4/894
f 1561/4/894 1564/4/894 1566/4/894
f 1567/4/894 1562/4/894 1565/4/894
f 1564/4/894 1568/4/894 1566/4/894
f 1567/4/894 1565/4/894 1569/4/894
f 1568/4/894 1564/4/894 1570/4/894
f 1569/4/894 1571/4/894 1567/4/894
f 1570/4/894 1572/4/894 1568/4/894
f 1571/4/894 1569/4/894 1573/4/894
f 1570/4/894 1574/4/894 1572/4/894
f 1575/4/894 1571/4/894 1573/4/894
f 1576/4/894 1572/4/894 1574/4/894
f 1571/4/894 1575/4/894 1576/4/894
f 1572/4/894 1576/4/894 1575/4/894
f 1577/4/911 1578/4/911 1579/4/911
f 1578/4/911 1577/4/911 1580/4/911
f 1577/4/911 1579/4/911 1581/4/911
f 1582/4/911 1579/4/911 1578/4/911
f 1579/4/911 1582/4/911 1583/4/911
f 1583/4/911 1582/4/911 1584/4/911
f 1585/4/911 1586/4/912 1587/4/911
f 1587/4/911 1586/4/912 1588/4/911
f 1589/4/911 1585/4/911 1590/4/911
f 1591/4/911 1585/4/911 1589/4/911
f 1585/4/911 1591/4/911 1586/4/912
f 1586/4/912 1591/4/911 1592/4/911
f 1586/4/912 1592/4/911 1593/4/911
f 1594/4/913 1595/4/914 1596/4/904
f 1596/4/904 1595/4/914 1597/4/904
f 1594/4/913 1598/4/915 1595/4/914
f 1599/4/915 1598/4/915 1594/4/913
f 1600/4/904 1598/4/915 1599/4/915
f 1598/4/915 1600/4/904 1601/4/904
f 1602/4/916 1603/4/917 1604/4/918
f 1605/4/919 1602/4/916 1604/4/918
f 1603/4/917 1602/4/916 1606/4/920
f 1607/4/919 1602/4/916 1605/4/919
f 1606/4/920 1608/4/921 1603/4/917
f 1605/4/919 1609/4/922 1607/4/919
f 1603/4/917 1608/4/921 1610/4/923
f 1609/4/922 1605/4/919 1611/4/924
f 1608/4/921 1612/4/925 1610/4/923
f 1613/4/926 1609/4/922 1611/4/924
f 1612/4/925 1608/4/921 1614/4/927
f 1615/4/928 1609/4/922 1613/4/926
f 1616/4/929 1612/4/925 1614/4/927
f 1613/4/926 1616/4/929 1615/4/928
f 1617/4/930 1612/4/925 1616/4/929
f 1616/4/929 1613/4/926 1617/4/930
f 1618/4/899 1619/4/931 1620/4/899
f 1618/4/899 1620/4/899 1621/4/899
f 1619/4/931 1622/4/899 1620/4/899
f 1622/4/899 1619/4/931 1623/4/899
f 1619/4/931 1618/4/899 1624/4/899
f 1619/4/931 1624/4/899 1625/4/899
f 1626/4/932 1627/4/904 1628/4/932
f 1627/4/904 1629/4/904 1628/4/932
f 1626/4/932 1628/4/932 1630/4/894
f 1627/4/904 1631/4/933 1629/4/904
f 1632/4/894 1626/4/932 1630/4/894
f 1631/4/933 1633/4/933 1629/4/904
f 1632/4/894 1630/4/894 1634/4/934
f 1631/4/933 1635/4/911 1633/4/933
f 1636/4/935 1632/4/894 1634/4/934
f 1635/4/911 1637/4/911 1633/4/933
f 1636/4/935 1634/4/934 1638/4/899
f 1635/4/911 1639/4/936 1637/4/911
f 1640/4/899 1636/4/935 1638/4/899
f 1639/4/936 1641/4/936 1637/4/911
f 1640/4/899 1638/4/899 1641/4/936
f 1639/4/936 1640/4/899 1641/4/936
f 1642/4/909 1643/4/909 1644/4/937
f 1644/4/937 1643/4/909 1645/4/938
f 1642/4/909 1646/4/939 1643/4/909
f 1645/4/938 1647/4/894 1644/4/937
f 1648/4/939 1646/4/939 1642/4/909
f 1647/4/894 1645/4/938 1649/4/894
f 1646/4/939 1648/4/939 1650/4/911
f 1649/4/894 1651/4/940 1647/4/894
f 1652/4/911 1650/4/911 1648/4/939
f 1651/4/940 1649/4/894 1653/4/940
f 1650/4/911 1652/4/911 1654/4/941
f 1653/4/940 1655/4/897 1651/4/940
f 1656/4/941 1654/4/941 1652/4/911
f 1657/4/897 1655/4/897 1653/4/940
f 1654/4/941 1656/4/941 1657/4/897
f 1657/4/897 1656/4/941 1655/4/897
f 1658/4/942 1659/4/897 1660/4/897
f 1658/4/942 1660/4/897 1661/4/897
f 1658/4/942 1662/4/897 1659/4/897
f 1659/4/897 1662/4/897 1663/4/897
f 1662/4/897 1658/4/942 1664/4/897
f 1664/4/897 1658/4/942 1665/4/897
f 1666/4/943 1667/4/909 1668/4/909
f 1667/4/909 1666/4/943 1669/4/909
f 1670/4/909 1666/4/943 1668/4/909
f 1670/4/909 1668/4/909 1671/4/909
f 1666/4/943 1670/4/909 1672/4/909
f 1666/4/943 1672/4/909 1673/4/909
f 1674/4/911 1675/4/911 1676/4/911
f 1675/4/911 1674/4/911 1677/4/911
f 1674/4/911 1678/4/911 1677/4/911
f 1678/4/911 1674/4/911 1679/4/911
f 1680/4/894 1681/4/894 1682/4/894
f 1682/4/894 1681/4/894 1683/4/894
f 1680/4/894 1682/4/894 1684/4/894
f 1680/4/894 1685/4/894 1681/4/894
f 1685/4/894 1680/4/894 1686/4/894
f 1685/4/894 1686/4/894 1687/4/894
f 1688/4/944 1689/4/944 1690/4/909
f 1691/4/904 1689/4/944 1688/4/944
f 1688/4/944 1690/4/909 1692/4/909
f 1691/4/904 1693/4/904 1689/4/944
f 1692/4/909 1690/4/909 1694/4/945
f 1695/4/946 1693/4/904 1691/4/904
f 1692/4/909 1694/4/945 1696/4/945
f 1695/4/946 1697/4/946 1693/4/904
f 1698/4/899 1696/4/945 1694/4/945
f 1699/4/897 1697/4/946 1695/4/946
f 1696/4/945 1698/4/899 1700/4/899
f 1699/4/897 1701/4/897 1697/4/946
f 1702/4/947 1700/4/899 1698/4/899
f 1703/4/947 1701/4/897 1699/4/897
f 1702/4/947 1703/4/947 1700/4/899
f 1703/4/947 1702/4/947 1701/4/897
f 1704/4/897 1705/4/897 1706/4/897
f 1706/4/897 1705/4/897 1707/4/897
f 1705/4/897 1704/4/897 1708/4/897
f 1709/4/897 1705/4/897 1708/4/897
f 1710/4/909 1711/4/909 1712/4/909
f 1711/4/909 1710/4/909 1713/4/909
f 1710/4/909 1714/4/909 1713/4/909
f 1714/4/909 1710/4/909 1715/4/909
f 1716/4/911 1717/4/911 1718/4/911
f 1718/4/911 1717/4/911 1719/4/911
f 1717/4/911 1716/4/911 1720/4/912
f 1721/4/911 1720/4/912 1716/4/911
f 1720/4/912 1721/4/911 1722/4/911
f 1720/4/912 1723/4/911 1717/4/911
f 1723/4/911 1720/4/912 1724/4/911
f 1725/4/897 1726/4/897 1727/4/897
f 1728/4/897 1726/4/897 1725/4/897
f 1726/4/897 1728/4/897 1729/4/897
f 1729/4/897 1728/4/897 1730/4/897
f 1731/4/909 1732/4/909 1733/4/909
f 1731/4/909 1733/4/909 1734/4/909
f 1735/4/909 1732/4/909 1731/4/909
f 1732/4/909 1735/4/909 1736/4/909
f 1737/4/948 1738/4/949 1739/4/950
f 1737/4/948 1739/4/950 1740/4/950
f 1741/4/951 1740/4/950 1739/4/950
f 1740/4/950 1741/4/951 1742/4/952
f 1743/4/905 1744/4/899 1745/4/905
f 1744/4/899 1743/4/905 1746/4/899
f 1747/4/909 1743/4/905 1745/4/905
f 1746/4/899 1748/4/896 1744/4/899
f 1745/4/905 1749/4/909 1747/4/909
f 1748/4/896 1746/4/899 1750/4/896
f 1751/4/907 1747/4/909 1749/4/909
f 1752/4/897 1748/4/896 1750/4/896
f 1749/4/909 1753/4/944 1751/4/907
f 1750/4/896 1754/4/897 1752/4/897
f 1755/4/904 1751/4/907 1753/4/944
f 1756/4/901 1752/4/897 1754/4/897
f 1753/4/944 1757/4/904 1755/4/904
f 1754/4/897 1758/4/946 1756/4/901
f 1757/4/904 1756/4/901 1758/4/946
f 1758/4/946 1755/4/904 1757/4/904
f 1759/4/897 1760/4/897 1761/4/953
f 1762/4/896 1760/4/897 1759/4/897
f 1759/4/897 1761/4/953 1763/4/954
f 1764/4/897 1763/4/954 1761/4/953
f 1763/4/954 1764/4/897 1765/4/897
f 1762/4/896 1766/4/896 1760/4/897
f 1762/4/896 1767/4/899 1766/4/896
f 1766/4/896 1767/4/899 1768/4/899
f 1767/4/899 1769/4/905 1768/4/899
f 1768/4/899 1769/4/905 1770/4/905
f 1771/4/909 1770/4/905 1769/4/905
f 1771/4/909 1772/4/909 1770/4/905
f 1773/4/955 1772/4/909 1771/4/909
f 1773/4/955 1774/4/955 1772/4/909
f 1775/4/909 1774/4/955 1773/4/955
f 1776/4/909 1774/4/955 1775/4/909
f 1777/4/897 1778/4/897 1779/4/953
f 1780/4/947 1778/4/897 1777/4/897
f 1777/4/897 1779/4/953 1781/4/954
f 1779/4/953 1782/4/897 1781/4/954
f 1781/4/954 1782/4/897 1783/4/897
f 1780/4/947 1784/4/896 1778/4/897
f 1785/4/899 1784/4/896 1780/4/947
f 1784/4/896 1785/4/899 1786/4/899
f 1787/4/905 1786/4/899 1785/4/899
f 1786/4/899 1787/4/905 1788/4/905
f 1789/4/909 1788/4/905 1787/4/905
f 1789/4/909 1790/4/909 1788/4/905
f 1791/4/955 1790/4/909 1789/4/909
f 1791/4/955 1792/4/955 1790/4/909
f 1793/4/909 1792/4/955 1791/4/955
f 1794/4/909 1792/4/955 1793/4/909
f 1795/4/904 1796/4/904 1797/4/932
f 1797/4/932 1796/4/904 1798/4/932
f 1795/4/904 1799/4/933 1796/4/904
f 1797/4/932 1798/4/932 1800/4/894
f 1801/4/933 1799/4/933 1795/4/904
f 1800/4/894 1798/4/932 1802/4/894
f 1801/4/933 1803/4/911 1799/4/933
f 1800/4/894 1802/4/894 1804/4/935
f 1805/4/911 1803/4/911 1801/4/933
f 1804/4/935 1802/4/894 1806/4/935
f 1805/4/911 1807/4/936 1803/4/911
f 1804/4/935 1806/4/935 1808/4/899
f 1809/4/936 1807/4/936 1805/4/911
f 1808/4/899 1806/4/935 1810/4/899
f 1809/4/936 1810/4/899 1807/4/936
f 1808/4/899 1810/4/899 1809/4/936
f 1811/4/956 1812/4/907 1813/4/909
f 1814/4/904 1812/4/907 1811/4/956
f 1811/4/956 1813/4/909 1815/4/909
f 1814/4/904 1816/4/904 1812/4/907
f 1815/4/909 1813/4/909 1817/4/905
f 1818/4/901 1816/4/904 1814/4/904
f 1815/4/909 1817/4/905 1819/4/905
f 1818/4/901 1820/4/901 1816/4/904
f 1821/4/899 1819/4/905 1817/4/905
f 1822/4/897 1820/4/901 1818/4/901
f 1821/4/899 1823/4/899 1819/4/905
f 1822/4/897 1824/4/897 1820/4/901
f 1825/4/896 1823/4/899 1821/4/899
f 1826/4/896 1824/4/897 1822/4/897
f 1825/4/896 1826/4/896 1823/4/899
f 1826/4/896 1825/4/896 1824/4/897
f 1827/4/899 1828/4/899 1829/4/896
f 1830/4/905 1828/4/899 1827/4/899
f 1828/4/899 1831/4/896 1829/4/896
f 1828/4/899 1830/4/905 1832/4/905
f 1831/4/896 1833/4/897 1829/4/896
f 1830/4/905 1834/4/909 1832/4/905
f 1833/4/897 1831/4/896 1835/4/897
f 1834/4/909 1830/4/905 1836/4/909
f 1835/4/897 1837/4/901 1833/4/897
f 1836/4/909 1838/4/907 1834/4/909
f 1837/4/901 1835/4/897 1839/4/901
f 1838/4/907 1836/4/909 1840/4/907
f 1839/4/901 1841/4/904 1837/4/901
f 1840/4/907 1842/4/904 1838/4/907
f 1841/4/904 1839/4/901 1842/4/904
f 1842/4/904 1840/4/907 1841/4/904
f 1843/4/897 1844/4/897 1845/4/897
f 1843/4/897 1845/4/897 1846/4/897
f 1847/4/935 1848/4/935 1849/4/899
f 1849/4/899 1848/4/935 1850/4/899
f 1847/4/935 1851/4/894 1848/4/935
f 1849/4/899 1850/4/899 1852/4/936
f 1853/4/894 1851/4/894 1847/4/935
f 1852/4/936 1850/4/899 1854/4/936
f 1853/4/894 1855/4/932 1851/4/894
f 1852/4/936 1854/4/936 1856/4/911
f 1857/4/932 1855/4/932 1853/4/894
f 1856/4/911 1854/4/936 1858/4/911
f 1857/4/932 1859/4/904 1855/4/932
f 1858/4/911 1860/4/933 1856/4/911
f 1861/4/904 1859/4/904 1857/4/932
f 1860/4/933 1858/4/911 1862/4/933
f 1861/4/904 1862/4/933 1859/4/904
f 1860/4/933 1862/4/933 1861/4/904
f 1863/4/894 1864/4/894 1865/4/894
f 1865/4/894 1864/4/894 1866/4/894
f 1864/4/894 1863/4/894 1867/4/957
f 1867/4/957 1863/4/894 1868/4/894
f 1867/4/957 1868/4/894 1869/4/894
f 1864/4/894 1867/4/957 1870/4/894
f 1870/4/894 1867/4/957 1871/4/894
f 1872/4/937 1873/4/909 1874/4/937
f 1873/4/909 1875/4/909 1874/4/937
f 1876/4/894 1872/4/937 1874/4/937
f 1873/4/909 1877/4/939 1875/4/909
f 1876/4/894 1878/4/894 1872/4/937
f 1877/4/939 1879/4/939 1875/4/909
f 1880/4/940 1878/4/894 1876/4/894
f 1881/4/911 1879/4/939 1877/4/939
f 1880/4/940 1882/4/940 1878/4/894
f 1879/4/939 1881/4/911 1883/4/911
f 1884/4/897 1882/4/940 1880/4/940
f 1885/4/941 1883/4/911 1881/4/911
f 1882/4/940 1884/4/897 1886/4/897
f 1883/4/911 1885/4/941 1887/4/958
f 1887/4/958 1886/4/897 1884/4/897
f 1886/4/897 1887/4/958 1885/4/941
f 1888/4/935 1889/4/899 1890/4/899
f 1891/4/936 1890/4/899 1889/4/899
f 1889/4/899 1888/4/935 1892/4/935
f 1890/4/899 1891/4/936 1893/4/936
f 1894/4/894 1892/4/935 1888/4/935
f 1895/4/911 1893/4/936 1891/4/936
f 1892/4/935 1894/4/894 1896/4/894
f 1893/4/936 1895/4/911 1897/4/911
f 1898/4/932 1896/4/894 1894/4/894
f 1899/4/933 1897/4/911 1895/4/911
f 1896/4/894 1898/4/932 1900/4/932
f 1897/4/911 1899/4/933 1901/4/933
f 1902/4/904 1900/4/932 1898/4/932
f 1903/4/904 1901/4/933 1899/4/933
f 1900/4/932 1902/4/904 1903/4/904
f 1901/4/933 1903/4/904 1902/4/904
f 1904/4/959 1905/4/907 1906/4/909
f 1907/4/904 1905/4/907 1904/4/959
f 1907/4/904 1908/4/904 1905/4/907
f 1909/4/960 1908/4/904 1907/4/904
f 1909/4/960 1910/4/901 1908/4/904
f 1909/4/960 1911/4/897 1910/4/901
f 1911/4/897 1909/4/960 1912/4/961
f 1913/4/947 1911/4/897 1912/4/961
f 1909/4/960 1914/4/961 1912/4/961
f 1913/4/947 1915/4/896 1911/4/897
f 1915/4/896 1913/4/947 1916/4/962
f 1914/4/961 1909/4/960 1917/4/960
f 1915/4/896 1916/4/962 1918/4/899
f 1919/4/897 1914/4/961 1917/4/960
f 1919/4/897 1920/4/896 1914/4/961
f 1919/4/897 1917/4/960 1921/4/901
f 1920/4/896 1919/4/897 1922/4/896
f 1921/4/901 1917/4/960 1923/4/904
f 1924/4/899 1920/4/896 1922/4/896
f 1921/4/901 1923/4/904 1925/4/904
f 1923/4/904 1926/4/907 1925/4/904
f 1920/4/896 1924/4/899 1927/4/963
f 1926/4/907 1923/4/904 1928/4/959
f 1926/4/907 1928/4/959 1929/4/964
f 1928/4/959 1904/4/959 1929/4/964
f 1926/4/907 1929/4/964 1930/4/909
f 1924/4/899 1931/4/905 1927/4/963
f 1930/4/909 1929/4/964 1931/4/905
f 1931/4/905 1924/4/899 1932/4/945
f 1930/4/909 1931/4/905 1932/4/945
f 1933/4/964 1929/4/964 1904/4/959
f 1929/4/964 1933/4/964 1931/4/905
f 1904/4/959 1906/4/909 1933/4/964
f 1933/4/964 1906/4/909 1934/4/905
f 1935/4/905 1931/4/905 1933/4/964
f 1933/4/964 1934/4/905 1935/4/905
f 1935/4/905 1927/4/963 1931/4/905
f 1918/4/899 1935/4/905 1934/4/905
f 1927/4/963 1935/4/905 1916/4/962
f 1918/4/899 1916/4/962 1935/4/905
f 1936/4/909 1937/4/909 1938/4/909
f 1939/4/909 1938/4/909 1937/4/909
f 1937/4/909 1936/4/909 1940/4/909
f 1939/4/909 1937/4/909 1941/4/909
f 1942/4/909 1940/4/909 1936/4/909
f 1943/4/909 1939/4/909 1941/4/909
f 1940/4/909 1942/4/909 1944/4/909
f 1939/4/909 1943/4/909 1945/4/909
f 1942/4/909 1946/4/909 1944/4/909
f 1947/4/909 1945/4/909 1943/4/909
f 1942/4/909 1948/4/909 1946/4/909
f 1945/4/909 1947/4/909 1949/4/909
f 1948/4/909 1950/4/909 1946/4/909
f 1951/4/909 1949/4/909 1947/4/909
f 1950/4/909 1948/4/909 1951/4/909
f 1947/4/909 1950/4/909 1951/4/909
f 1952/4/897 1953/4/897 1954/4/897
f 1953/4/897 1952/4/897 1955/4/897
f 1956/4/897 1954/4/897 1953/4/897
f 1957/4/897 1955/4/897 1952/4/897
f 1954/4/897 1956/4/897 1958/4/897
f 1955/4/897 1957/4/897 1959/4/897
f 1960/4/897 1958/4/897 1956/4/897
f 1957/4/897 1961/4/897 1959/4/897
f 1960/4/897 1956/4/897 1962/4/897
f 1957/4/897 1963/4/897 1961/4/897
f 1962/4/897 1964/4/897 1960/4/897
f 1963/4/897 1965/4/897 1961/4/897
f 1964/4/897 1962/4/897 1966/4/897
f 1965/4/897 1964/4/897 1966/4/897
f 1965/4/897 1963/4/897 1967/4/897
f 1964/4/897 1965/4/897 1967/4/897
f 1968/4/965 1969/4/966 1970/4/967
f 1970/4/967 1969/4/966 1971/4/967
f 1970/4/967 1971/4/967 1972/4/911
f 1972/4/911 1971/4/967 1973/4/911
f 1968/4/965 1974/4/968 1969/4/966
f 1968/4/965 1975/4/969 1974/4/968
f 1975/4/969 1976/4/970 1974/4/968
f 1977/4/971 1976/4/970 1975/4/969
f 1977/4/971 1978/4/894 1976/4/970
f 1979/4/894 1978/4/894 1977/4/971
f 1980/4/972 1981/4/973 1982/4/972
f 1983/4/974 1980/4/972 1982/4/972
f 1981/4/973 1980/4/972 1984/4/975
f 1985/4/976 1980/4/972 1983/4/974
f 1984/4/975 1986/4/977 1981/4/973
f 1983/4/974 1987/4/978 1985/4/976
f 1988/4/979 1981/4/973 1986/4/977
f 1987/4/978 1983/4/974 1989/4/978
f 1986/4/977 1990/4/980 1988/4/979
f 1991/4/981 1987/4/978 1989/4/978
f 1990/4/980 1986/4/977 1992/4/982
f 1993/4/983 1987/4/978 1991/4/981
f 1992/4/982 1994/4/984 1990/4/980
f 1991/4/981 1994/4/984 1993/4/983
f 1990/4/980 1994/4/984 1995/4/985
f 1994/4/984 1991/4/981 1995/4/985
f 1996/4/986 1997/4/986 1998/4/986
f 1996/4/986 1999/4/986 1997/4/986
f 1999/4/986 1996/4/986 2000/4/987
f 2001/4/904 2002/4/904 2003/4/904
f 2002/4/904 2001/4/904 2004/4/904
f 2005/4/904 2003/4/904 2002/4/904
f 2006/4/904 2004/4/904 2001/4/904
f 2003/4/904 2005/4/904 2007/4/904
f 2004/4/904 2006/4/904 2008/4/904
f 2009/4/904 2007/4/904 2005/4/904
f 2006/4/904 2010/4/904 2008/4/904
f 2009/4/904 2005/4/904 2011/4/904
f 2006/4/904 2012/4/904 2010/4/904
f 2011/4/904 2013/4/904 2009/4/904
f 2012/4/904 2014/4/904 2010/4/904
f 2013/4/904 2011/4/904 2015/4/904
f 2014/4/904 2013/4/904 2015/4/904
f 2014/4/904 2012/4/904 2016/4/904
f 2013/4/904 2014/4/904 2016/4/904
f 2017/4/899 2018/4/899 2019/4/899
f 2017/4/899 2019/4/899 2020/4/899
f 2021/4/907 2022/4/907 2023/4/909
f 2024/4/904 2022/4/907 2021/4/907
f 2021/4/907 2023/4/909 2025/4/909
f 2024/4/904 2026/4/904 2022/4/907
f 2023/4/909 2027/4/905 2025/4/909
f 2028/4/901 2026/4/904 2024/4/904
f 2027/4/905 2023/4/909 2029/4/945
f 2028/4/901 2030/4/901 2026/4/904
f 2031/4/899 2027/4/905 2029/4/945
f 2032/4/897 2030/4/901 2028/4/901
f 2031/4/899 2033/4/899 2027/4/905
f 2032/4/897 2034/4/897 2030/4/901
f 2035/4/896 2033/4/899 2031/4/899
f 2036/4/896 2034/4/897 2032/4/897
f 2035/4/896 2036/4/896 2033/4/899
f 2036/4/896 2035/4/896 2034/4/897
f 2037/4/988 2038/4/907 2039/4/909
f 2040/4/989 2038/4/907 2037/4/988
f 2040/4/989 2041/4/904 2038/4/907
f 2037/4/988 2039/4/909 2042/4/990
f 2042/4/990 2039/4/909 2043/4/905
f 2037/4/988 2044/4/991 2040/4/989
f 2042/4/990 2043/4/905 2045/4/992
f 2042/4/990 2046/4/993 2037/4/988
f 2045/4/992 2046/4/993 2042/4/990
f 2047/4/899 2045/4/992 2043/4/905
f 2048/4/994 2041/4/904 2040/4/989
f 2040/4/989 2044/4/991 2048/4/994
f 2048/4/994 2049/4/946 2041/4/904
f 2048/4/994 2050/4/897 2049/4/946
f 2047/4/899 2051/4/995 2045/4/992
f 2052/4/896 2051/4/995 2047/4/899
f 2050/4/897 2048/4/994 2053/4/996
f 2054/4/997 2052/4/896 2050/4/897
f 2052/4/896 2054/4/997 2051/4/995
f 2054/4/997 2050/4/897 2053/4/996
f 2055/4/998 2045/4/992 2051/4/995
f 2054/4/997 2055/4/998 2051/4/995
f 2048/4/994 2056/4/999 2053/4/996
f 2053/4/996 2056/4/999 2054/4/997
f 2056/4/999 2048/4/994 2057/4/1000
f 2057/4/1000 2048/4/994 2044/4/991
f 2057/4/1000 2058/4/946 2056/4/999
f 2058/4/946 2057/4/1000 2059/4/904
f 2044/4/991 2059/4/904 2057/4/1000
f 2060/4/897 2056/4/999 2058/4/946
f 2059/4/904 2044/4/991 2061/4/907
f 2056/4/999 2060/4/897 2062/4/1001
f 2062/4/1001 2054/4/997 2056/4/999
f 2055/4/998 2054/4/997 2062/4/1001
f 2063/4/896 2062/4/1001 2060/4/897
f 2063/4/896 2055/4/998 2062/4/1001
f 2055/4/998 2063/4/896 2064/4/899
f 2065/4/1002 2061/4/907 2044/4/991
f 2044/4/991 2037/4/988 2065/4/1002
f 2061/4/907 2065/4/1002 2066/4/909
f 2065/4/1002 2037/4/988 2046/4/993
f 2046/4/993 2066/4/909 2065/4/1002
f 2066/4/909 2046/4/993 2067/4/905
f 2064/4/899 2068/4/1003 2055/4/998
f 2068/4/1003 2064/4/899 2067/4/905
f 2068/4/1003 2067/4/905 2046/4/993
f 2045/4/992 2055/4/998 2068/4/1003
f 2046/4/993 2045/4/992 2068/4/1003
f 2069/4/894 2070/4/894 2071/4/894
f 2071/4/894 2070/4/894 2072/4/894
f 2073/4/894 2070/4/894 2069/4/894
f 2070/4/894 2073/4/894 2074/4/894
f 2075/4/957 2076/4/894 2077/4/894
f 2078/4/894 2075/4/957 2077/4/894
f 2075/4/957 2079/4/894 2080/4/894
f 2075/4/957 2081/4/894 2079/4/894
f 2081/4/894 2075/4/957 2078/4/894
f 2081/4/894 2078/4/894 2082/4/894
f 2082/4/894 2078/4/894 2083/4/894
f 2084/4/1004 2085/4/1005 2086/4/1006
f 2087/4/909 2086/4/1006 2085/4/1005
f 2088/4/907 2086/4/1006 2087/4/909
f 2087/4/909 2085/4/1005 2089/4/905
f 2088/4/907 2090/4/1007 2086/4/1006
f 2090/4/1007 2084/4/1004 2086/4/1006
f 2091/4/904 2090/4/1007 2088/4/907
f 2092/4/1008 2089/4/905 2085/4/1005
f 2092/4/1008 2093/4/899 2089/4/905
f 2094/4/1009 2093/4/899 2092/4/1008
f 2085/4/1005 2095/4/1010 2092/4/1008
f 2092/4/1008 2095/4/1010 2094/4/1009
f 2093/4/899 2094/4/1009 2096/4/896
f 2091/4/904 2097/4/1011 2090/4/1007
f 2098/4/901 2097/4/1011 2091/4/904
f 2098/4/901 2099/4/1012 2097/4/1011
f 2100/4/1013 2090/4/1007 2097/4/1011
f 2099/4/1012 2100/4/1013 2097/4/1011
f 2101/4/897 2099/4/1012 2098/4/901
f 2096/4/896 2102/4/1014 2101/4/897
f 2101/4/897 2102/4/1014 2099/4/1012
f 2096/4/896 2094/4/1009 2102/4/1014
f 2103/4/1015 2099/4/1012 2102/4/1014
f 2094/4/1009 2103/4/1015 2102/4/1014
f 2099/4/1012 2103/4/1015 2104/4/1016
f 2100/4/1013 2099/4/1012 2104/4/1016
f 2103/4/1015 2094/4/1009 2105/4/1017
f 2106/4/897 2104/4/1016 2103/4/1015
f 2105/4/1017 2106/4/897 2103/4/1015
f 2104/4/1016 2106/4/897 2107/4/901
f 2107/4/901 2100/4/1013 2104/4/1016
f 2106/4/897 2105/4/1017 2108/4/947
f 2100/4/1013 2107/4/901 2109/4/904
f 2108/4/947 2105/4/1017 2110/4/899
f 2105/4/1017 2094/4/1009 2095/4/1010
f 2095/4/1010 2110/4/899 2105/4/1017
f 2110/4/899 2095/4/1010 2111/4/905
f 2109/4/904 2112/4/1018 2100/4/1013
f 2090/4/1007 2100/4/1013 2112/4/1018
f 2112/4/1018 2109/4/904 2113/4/907
f 2084/4/1004 2090/4/1007 2112/4/1018
f 2113/4/907 2084/4/1004 2112/4/1018
f 2084/4/1004 2113/4/907 2114/4/909
f 2115/4/1019 2111/4/905 2095/4/1010
f 2115/4/1019 2114/4/909 2111/4/905
f 2114/4/909 2115/4/1019 2084/4/1004
f 2095/4/1010 2085/4/1005 2115/4/1019
f 2085/4/1005 2084/4/1004 2115/4/1019
f 2116/4/894 2117/4/894 2118/4/894
f 2116/4/894 2118/4/894 2119/4/894
f 2120/4/911 2121/4/911 2122/4/911
f 2121/4/911 2120/4/911 2123/4/911
f 2120/4/911 2122/4/911 2124/4/911
f 2121/4/911 2125/4/911 2122/4/911
f 2122/4/911 2125/4/911 2126/4/911
f 2125/4/911 2121/4/911 2127/4/911
o 125524586106221
o 135696335441419
o 14002915797
v 0.194241 0.382659 -0.031573
v 0.194241 0.382659 0.031573
v 0.194241 0.369581 -0.000000
v 0.194241 0.445806 -0.031573
v 0.194241 0.414232 -0.044652
v 0.194241 0.445806 0.031573
v 0.194241 0.414232 0.044652
v 0.194241 0.458884 -0.000000
v -0.194241 0.427034 0.012801
v -0.194241 0.401431 0.012801
v -0.194241 0.414232 0.018104
v -0.194241 0.414232 -0.018103
v -0.194241 0.396129 -0.000000
v -0.194241 0.401431 -0.012801
v -0.194241 0.432336 -0.000000
v -0.194241 0.427034 -0.012801
v -0.067914 0.435587 0.021355
v -0.160748 0.432387 0.018155
v -0.067914 0.414232 0.030200
v -0.160748 0.414232 0.025675
v -0.067914 0.444432 -0.000000
v -0.194241 0.427034 0.012801
v -0.194241 0.414232 0.018104
v -0.160748 0.439907 -0.000000
v -0.194241 0.432336 -0.000000
v -0.194241 0.427034 -0.012801
v -0.160748 0.432387 -0.018155
v -0.067914 0.435587 -0.021355
v -0.067914 0.414232 -0.030200
v -0.160748 0.414232 -0.025675
v -0.194241 0.414232 -0.018103
v -0.194241 0.401431 -0.012801
v -0.160748 0.396077 -0.018155
v -0.067914 0.392878 -0.021355
v -0.067914 0.384032 -0.000000
v -0.160748 0.388557 -0.000000
v -0.194241 0.396129 -0.000000
v -0.194241 0.401431 0.012801
v -0.160748 0.396077 0.018155
v -0.067914 0.392878 0.021355
v -0.067914 0.414232 0.030200
v -0.160748 0.414232 0.025675
v -0.194241 0.414232 0.018104
v -0.067914 0.392878 -0.021355
v -0.067914 0.414232 -0.032153
v -0.067914 0.391497 -0.022735
v -0.067914 0.414232 -0.030200
v -0.067914 0.384032 -0.000000
v -0.067914 0.435587 -0.021355
v -0.067914 0.382080 -0.000000
v -0.067914 0.436968 -0.022735
v -0.067914 0.391497 0.022735
v -0.067914 0.444432 -0.000000
v -0.067914 0.392878 0.021355
v -0.067914 0.414232 0.032153
v -0.067914 0.414232 0.030200
v -0.067914 0.446385 -0.000000
v -0.067914 0.436968 0.022735
v -0.067914 0.435587 0.021355
v -0.067914 0.414232 0.032153
v -0.067914 0.414232 0.030200
v -0.045983 0.382659 0.031573
v 0.194241 0.382659 0.031573
v 0.194241 0.414232 0.044652
v -0.045983 0.414232 0.044652
v -0.045983 0.369581 -0.000000
v 0.194241 0.369581 -0.000000
v -0.045983 0.382659 -0.031573
v 0.194241 0.382659 -0.031573
v -0.045983 0.414232 -0.044652
v 0.194241 0.414232 -0.044652
v -0.045983 0.445806 -0.031573
v 0.194241 0.445806 -0.031573
v -0.045983 0.458884 -0.000000
v 0.194241 0.458884 -0.000000
v -0.045983 0.445806 0.031573
v 0.194241 0.445806 0.031573
v -0.045983 0.414232 0.044652
v 0.194241 0.414232 0.044652
v -0.067914 0.391497 0.022735
v -0.045983 0.414232 0.044652
v -0.067914 0.414232 0.032153
v -0.045983 0.382659 0.031573
v -0.045983 0.369581 -0.000000
v -0.067914 0.382080 -0.000000
v -0.067914 0.391497 -0.022735
v -0.045983 0.382659 -0.031573
v -0.045983 0.414232 -0.044652
v -0.067914 0.414232 -0.032153
v -0.067914 0.436968 -0.022735
v -0.045983 0.445806 -0.031573
v -0.045983 0.458884 -0.000000
v -0.067914 0.446385 -0.000000
v -0.067914 0.436968 0.022735
v -0.045983 0.445806 0.031573
v -0.045983 0.414232 0.044652
v -0.067914 0.414232 0.032153
vn 1.0000 0.0005 0.0005
vn -1.0000 0.0005 0.0005
vn -1.0000 0.0002 0.0002
vn -0.0487 0.7063 0.7063
vn -0.1324 0.7009 0.7009
vn -0.0484 0.0005 0.9988
vn -0.1324 0.0005 0.9912
vn -0.0484 0.9988 0.0005
vn -0.2205 0.6897 0.6897
vn -0.2203 0.0005 0.9754
vn -0.1323 0.9912 -0.0000
vn -0.2205 0.9754 -0.0000
vn -0.2205 0.6897 -0.6897
vn -0.1324 0.7009 -0.7009
vn -0.0487 0.7063 -0.7063
vn -0.0485 0.0003 -0.9988
vn -0.1324 -0.0000 -0.9912
vn -0.2203 0.0004 -0.9754
vn -0.2205 -0.6897 -0.6897
vn -0.1324 -0.7009 -0.7009
vn -0.0487 -0.7063 -0.7063
vn -0.0485 -0.9988 0.0003
vn -0.1324 -0.9912 -0.0000
vn -0.2204 -0.9754 0.0003
vn -0.2205 -0.6897 0.6897
vn -0.1324 -0.7009 0.7009
vn -0.0487 -0.7063 0.7063
vn -0.0484 0.0004 0.9988
vn -0.0000 -0.7071 0.7071
vn 0.0005 0.0005 1.0000
vn 0.0005 -1.0000 0.0005
vn -0.0000 -0.7071 -0.7071
vn 0.0005 0.0005 -1.0000
vn -0.0000 0.7071 -0.7071
vn 0.0005 1.0000 0.0005
vn -0.0000 0.7071 0.7071
vn -0.4951 -0.6144 0.6143
vn -0.4948 0.0005 0.8690
vn -0.4951 -0.6143 0.6143
vn -0.4947 -0.8690 0.0006
vn -0.4951 -0.6144 -0.6143
vn -0.4951 -0.6143 -0.6143
vn -0.4948 0.0006 -0.8690
vn -0.4949 0.0004 -0.8689
vn -0.4951 0.6143 -0.6143
vn -0.4949 0.8690 0.0005
vn -0.4947 0.8691 0.0006
vn -0.4951 0.6143 0.6143
vt 0.919706 0.080294
vt 0.919706 0.419706
vt 0.990000 0.250000
vt 0.580294 0.080294
vt 0.750000 0.010000
vt 0.580294 0.419706
vt 0.750000 0.490000
vt 0.510000 0.250000
vt 0.125000 1.000000
vt 0.875000 1.000000
vt 0.000000 1.000000
vt 0.500000 1.000000
vt 0.750000 1.000000
vt 0.625000 1.000000
vt 0.250000 1.000000
vt 0.375000 1.000000
vt 1.000000 1.000000
vt 0.875000 0.500000
vt 1.000000 0.500000
vt 0.750000 0.500000
vt 0.625000 0.500000
vt 0.500000 0.500000
vt 0.375000 0.500000
vt 0.250000 0.500000
vt 0.125000 0.500000
vt 0.000000 0.500000
s 1
f 2128/5/1020 2129/6/1020 2130/7/1020
f 2129/6/1020 2128/5/1020 2131/8/1020
f 2131/8/1020 2128/5/1020 2132/9/1020
f 2131/8/1020 2133/10/1020 2129/6/1020
f 2129/6/1020 2133/10/1020 2134/11/1020
f 2133/10/1020 2131/8/1020 2135/12/1020
f 2136/13/1021 2137/14/1021 2138/15/1021
f 2136/13/1021 2139/16/1022 2137/14/1021
f 2137/14/1021 2139/16/1022 2140/17/1021
f 2140/17/1021 2139/16/1022 2141/18/1021
f 2139/16/1022 2136/13/1021 2142/19/1021
f 2139/16/1022 2142/19/1021 2143/20/1021
f 2144/13/1023 2145/13/1024 2146/15/1025
f 2147/15/1026 2146/15/1025 2145/13/1024
f 2148/19/1027 2145/13/1024 2144/13/1023
f 2145/13/1024 2149/13/1028 2147/15/1026
f 2150/15/1029 2147/15/1026 2149/13/1028
f 2151/19/1030 2149/13/1028 2145/13/1024
f 2145/13/1024 2148/19/1027 2151/19/1030
f 2149/13/1028 2151/19/1030 2152/19/1031
f 2151/19/1030 2153/20/1032 2152/19/1031
f 2148/19/1027 2154/20/1033 2151/19/1030
f 2153/20/1032 2151/19/1030 2154/20/1033
f 2154/20/1033 2148/19/1027 2155/20/1034
f 2156/16/1035 2154/20/1033 2155/20/1034
f 2157/16/1036 2153/20/1032 2154/20/1033
f 2154/20/1033 2156/16/1035 2157/16/1036
f 2153/20/1032 2157/16/1036 2158/16/1037
f 2158/16/1037 2157/16/1036 2159/18/1038
f 2157/16/1036 2156/16/1035 2160/18/1039
f 2160/18/1039 2159/18/1038 2157/16/1036
f 2161/18/1040 2160/18/1039 2156/16/1035
f 2162/17/1041 2160/18/1039 2161/18/1040
f 2163/17/1042 2159/18/1038 2160/18/1039
f 2160/18/1039 2162/17/1041 2163/17/1042
f 2159/18/1038 2163/17/1042 2164/17/1043
f 2164/17/1043 2163/17/1042 2165/14/1044
f 2163/17/1042 2162/17/1041 2166/14/1045
f 2166/14/1045 2165/14/1044 2163/17/1042
f 2167/14/1046 2166/14/1045 2162/17/1041
f 2168/21/1047 2166/14/1045 2167/14/1046
f 2166/14/1045 2168/21/1047 2169/21/1026
f 2169/21/1026 2165/14/1044 2166/14/1045
f 2165/14/1044 2169/21/1026 2170/21/1029
f 2171/18/1021 2172/16/1021 2173/18/1021
f 2172/16/1021 2171/18/1021 2174/16/1021
f 2173/18/1021 2175/17/1021 2171/18/1021
f 2176/20/1021 2172/16/1021 2174/16/1021
f 2173/18/1021 2177/17/1021 2175/17/1021
f 2172/16/1021 2176/20/1021 2178/20/1021
f 2179/14/1021 2175/17/1021 2177/17/1021
f 2180/19/1021 2178/20/1021 2176/20/1021
f 2175/17/1021 2179/14/1021 2181/14/1021
f 2182/21/1021 2181/14/1021 2179/14/1021
f 2181/14/1021 2182/21/1021 2183/21/1021
f 2178/20/1021 2180/19/1021 2184/19/1021
f 2180/19/1021 2185/13/1021 2184/19/1021
f 2185/13/1021 2180/19/1021 2186/13/1021
f 2187/15/1021 2185/13/1021 2186/13/1021
f 2186/13/1021 2188/15/1021 2187/15/1021
f 2189/14/1048 2190/22/1048 2191/23/1049
f 2189/14/1048 2191/23/1049 2192/21/1049
f 2193/17/1050 2190/22/1048 2189/14/1048
f 2193/17/1050 2194/24/1050 2190/22/1048
f 2195/18/1051 2194/24/1050 2193/17/1050
f 2195/18/1051 2196/25/1051 2194/24/1050
f 2197/16/1052 2196/25/1051 2195/18/1051
f 2197/16/1052 2198/26/1052 2196/25/1051
f 2199/20/1053 2198/26/1052 2197/16/1052
f 2199/20/1053 2200/27/1053 2198/26/1052
f 2201/19/1054 2200/27/1053 2199/20/1053
f 2200/27/1053 2201/19/1054 2202/28/1054
f 2203/13/1055 2202/28/1054 2201/19/1054
f 2202/28/1054 2203/13/1055 2204/29/1055
f 2205/15/1049 2204/29/1055 2203/13/1055
f 2205/15/1049 2206/30/1049 2204/29/1055
f 2207/14/1056 2208/21/1057 2209/21/1057
f 2208/21/1057 2207/14/1056 2210/14/1058
f 2211/17/1059 2210/14/1058 2207/14/1056
f 2212/17/1059 2211/17/1059 2207/14/1056
f 2213/18/1060 2211/17/1059 2212/17/1059
f 2211/17/1059 2213/18/1060 2214/18/1061
f 2215/16/1062 2214/18/1061 2213/18/1060
f 2216/16/1063 2215/16/1062 2213/18/1060
f 2217/20/1064 2215/16/1062 2216/16/1063
f 2215/16/1062 2217/20/1064 2218/20/1064
f 2217/20/1064 2219/19/1065 2218/20/1064
f 2219/19/1065 2217/20/1064 2220/19/1066
f 2221/13/1067 2219/19/1065 2220/19/1066
f 2219/19/1065 2221/13/1067 2222/13/1067
f 2223/15/1057 2222/13/1067 2221/13/1067
f 2224/15/1057 2223/15/1057 2221/13/1067
o 77005259848097
v 0.418370 0.415811 -0.269753
v 0.425913 0.407588 -0.264093
v 0.425507 0.408592 -0.269244
v 0.430566 0.399688 -0.268692
v 0.426121 0.407076 -0.274246
v 0.419550 0.412894 -0.279372
v 0.409611 0.420936 -0.270191
v 0.411277 0.416819 -0.283769
v 0.399824 0.423624 -0.270527
v 0.427590 0.403443 -0.277760
v 0.422376 0.405910 -0.286128
v 0.401862 0.418586 -0.287140
v 0.391947 0.418078 -0.289258
v 0.415265 0.406960 -0.293305
v 0.429522 0.398669 -0.278844
v 0.426090 0.396731 -0.288212
v 0.431397 0.394032 -0.277208
v 0.432715 0.390775 -0.273289
v 0.433122 0.389770 -0.268139
v 0.429697 0.387815 -0.285064
v 0.420508 0.394001 -0.296248
v 0.432231 0.381553 -0.277532
v 0.433012 0.379621 -0.267630
v 0.425600 0.381415 -0.291806
v 0.413158 0.390666 -0.302411
v 0.429177 0.372573 -0.281171
v 0.430281 0.369846 -0.267192
v 0.423766 0.364446 -0.283962
v 0.419389 0.375265 -0.296976
v 0.411486 0.369782 -0.300222
v 0.406743 0.406522 -0.298810
v 0.404540 0.386952 -0.306282
v 0.397388 0.404629 -0.302269
v 0.387834 0.401409 -0.303448
v 0.395237 0.383110 -0.307601
v 0.378728 0.397080 -0.302269
v 0.402427 0.365338 -0.301331
v 0.385880 0.379402 -0.306282
v 0.392826 0.362233 -0.300222
v 0.397706 0.350172 -0.285715
v 0.370688 0.391935 -0.298810
v 0.387711 0.349859 -0.283962
v 0.383334 0.360678 -0.296976
v 0.389061 0.346522 -0.266857
v 0.377103 0.376079 -0.302411
v 0.374594 0.360779 -0.291806
v 0.378171 0.351937 -0.281170
v 0.364259 0.386324 -0.293305
v 0.360270 0.396183 -0.283769
v 0.369502 0.373365 -0.296248
v 0.357053 0.387609 -0.279372
v 0.355873 0.390526 -0.269753
v 0.359878 0.380625 -0.286128
v 0.363592 0.371446 -0.288212
v 0.367199 0.362530 -0.285064
v 0.357846 0.375227 -0.277760
v 0.359778 0.370453 -0.278844
v 0.356377 0.378859 -0.274246
v 0.358319 0.370458 -0.268692
v 0.361654 0.365816 -0.277208
v 0.355763 0.380376 -0.269244
v 0.356655 0.388594 -0.259851
v 0.356170 0.379371 -0.264093
v 0.359188 0.382331 -0.252318
v 0.357488 0.376114 -0.260176
v 0.362795 0.373415 -0.249172
v 0.359363 0.371477 -0.258540
v 0.366509 0.364236 -0.251255
v 0.373620 0.363186 -0.244076
v 0.361295 0.366703 -0.259624
v 0.377608 0.353327 -0.253614
v 0.387023 0.351560 -0.250243
v 0.369335 0.357252 -0.258011
v 0.379274 0.349210 -0.267192
v 0.362764 0.363071 -0.263137
v 0.370515 0.354335 -0.267629
v 0.363378 0.361554 -0.268139
v 0.362972 0.362558 -0.273289
v 0.369733 0.356267 -0.277531
v 0.391179 0.419974 -0.251668
v 0.396059 0.407913 -0.237159
v 0.401174 0.420287 -0.253421
v 0.405551 0.409468 -0.240408
v 0.414291 0.409367 -0.245577
v 0.403005 0.390744 -0.231101
v 0.411782 0.394067 -0.234973
v 0.393648 0.387036 -0.229781
v 0.418197 0.378211 -0.238573
v 0.386458 0.404808 -0.236052
v 0.410157 0.373067 -0.235114
v 0.381407 0.417292 -0.251070
v 0.423078 0.366147 -0.250243
v 0.372520 0.412424 -0.251668
v 0.389674 0.423694 -0.270736
v 0.377399 0.400364 -0.237159
v 0.379849 0.421143 -0.270808
v 0.365119 0.405700 -0.253421
v 0.371015 0.416145 -0.270736
v 0.382201 0.415330 -0.289981
v 0.373287 0.410528 -0.289258
v 0.365807 0.403999 -0.287140
v 0.363769 0.409037 -0.270527
v 0.358604 0.400300 -0.270191
v 0.359708 0.397573 -0.256211
v 0.369496 0.394881 -0.240408
v 0.384346 0.383195 -0.231101
v 0.363285 0.388731 -0.245577
v 0.375727 0.379480 -0.234973
v 0.391497 0.365517 -0.235114
v 0.382142 0.363624 -0.238573
v 0.368377 0.376145 -0.241135
v 0.401052 0.368738 -0.233936
v 0.396938 0.352068 -0.248125
v 0.415598 0.359618 -0.248125
v 0.406684 0.354816 -0.247402
v 0.399211 0.346452 -0.266645
v 0.409036 0.349003 -0.266575
v 0.417871 0.354001 -0.266645
v 0.407478 0.352854 -0.286314
v 0.425116 0.361109 -0.266857
v 0.416365 0.357722 -0.285715
v 0.428615 0.373963 -0.253615
v 0.424626 0.383822 -0.244076
v 0.419383 0.396781 -0.241135
v 0.431832 0.382537 -0.258011
v 0.429007 0.389521 -0.251256
v 0.425293 0.398700 -0.249172
v 0.432508 0.391287 -0.263137
v 0.431039 0.394919 -0.259624
v 0.429107 0.399694 -0.258540
v 0.421686 0.407616 -0.252318
v 0.427231 0.404330 -0.260176
v 0.410714 0.418209 -0.256211
v 0.419152 0.413879 -0.259851
v 0.385880 0.438995 -0.190376
v 0.403229 0.472691 -0.072025
v 0.422744 0.452578 -0.072250
v 0.374608 0.449489 -0.196083
v 0.385545 0.423430 -0.184437
v 0.422485 0.424668 -0.072095
v 0.375144 0.473162 -0.071498
v 0.402699 0.404996 -0.071610
v 0.403213 0.393572 -0.256559
v 0.395301 0.400586 -0.262965
v 0.402382 0.382991 -0.250276
v 0.383284 0.399897 -0.265724
v 0.373326 0.412054 -0.181722
v 0.393349 0.375012 -0.247772
v 0.374571 0.405041 -0.070977
v 0.381332 0.374260 -0.250517
v 0.358369 0.449075 -0.198331
v 0.346471 0.438059 -0.195723
v 0.374196 0.391911 -0.263245
v 0.354946 0.453547 -0.070922
v 0.345768 0.422798 -0.189745
v 0.373363 0.381269 -0.256945
v 0.354633 0.425230 -0.070660
v 0.356737 0.411984 -0.183937
vn 0.5995 0.7999 -0.0278
vn 0.7961 0.5917 0.1265
vn 0.7848 0.6196 -0.0152
vn 0.9270 0.3750 -0.0000
vn 0.8017 0.5777 -0.1532
vn 0.6307 0.7227 -0.2827
vn 0.3755 0.9260 -0.0390
vn 0.4189 0.8188 -0.3926
vn 0.1278 0.9907 -0.0474
vn 0.8422 0.4776 -0.2502
vn 0.7054 0.5379 -0.4616
vn 0.1804 0.8606 -0.4762
vn -0.0693 0.8461 -0.5285
vn 0.5229 0.5622 -0.6407
vn 0.8954 0.3457 -0.2805
vn 0.8038 0.2948 -0.5168
vn 0.9473 0.2179 -0.2349
vn 0.9836 0.1282 -0.1269
vn 0.9948 0.1004 0.0152
vn 0.8991 0.0591 -0.4338
vn 0.6591 0.2248 -0.7177
vn 0.9663 -0.1069 -0.2340
vn 0.9870 -0.1584 0.0279
vn 0.7919 -0.1031 -0.6019
vn 0.4720 0.1399 -0.8704
vn 0.8850 -0.3334 -0.3250
vn 0.9138 -0.4044 0.0390
vn 0.7456 -0.5370 -0.3946
vn 0.6328 -0.2577 -0.7301
vn 0.4327 -0.3948 -0.8105
vn 0.3064 0.5492 -0.7775
vn 0.2543 0.0462 -0.9660
vn 0.0706 0.5005 -0.8629
vn -0.1696 0.4192 -0.8919
vn 0.0204 -0.0504 -0.9985
vn -0.3987 0.3106 -0.8629
vn 0.2049 -0.5064 -0.8376
vn -0.2148 -0.1436 -0.9660
vn -0.0364 -0.5849 -0.8103
vn 0.0890 -0.8948 -0.4375
vn -0.6021 0.1816 -0.7775
vn -0.1626 -0.9045 -0.3942
vn -0.2756 -0.6252 -0.7301
vn -0.1271 -0.9908 0.0473
vn -0.4365 -0.2277 -0.8704
vn -0.4974 -0.6248 -0.6019
vn -0.4043 -0.8550 -0.3250
vn -0.7665 0.0404 -0.6410
vn -0.8704 0.2971 -0.3926
vn -0.6300 -0.2970 -0.7176
vn -0.9559 0.0805 -0.2825
vn -0.9870 0.1586 -0.0278
vn -0.8810 -0.1040 -0.4616
vn -0.7827 -0.3470 -0.5167
vn -0.6872 -0.5830 -0.4334
vn -0.9374 -0.2424 -0.2501
vn -0.8841 -0.3742 -0.2800
vn -0.9779 -0.1422 -0.1532
vn -0.9270 -0.3750 -0.0000
vn -0.8323 -0.5020 -0.2349
vn -0.9948 -0.1004 -0.0152
vn -0.9663 0.1070 0.2340
vn -0.9837 -0.1282 0.1263
vn -0.8990 -0.0591 0.4339
vn -0.9473 -0.2180 0.2349
vn -0.8038 -0.2948 0.5167
vn -0.8954 -0.3458 0.2806
vn -0.7052 -0.5379 0.4618
vn -0.5227 -0.5624 0.6407
vn -0.8422 -0.4776 0.2501
vn -0.4189 -0.8188 0.3926
vn -0.1804 -0.8606 0.4762
vn -0.6307 -0.7227 0.2827
vn -0.3754 -0.9261 0.0388
vn -0.8015 -0.5779 0.1537
vn -0.5997 -0.7998 0.0279
vn -0.7848 -0.6196 0.0152
vn -0.7960 -0.5919 -0.1268
vn -0.6201 -0.7488 -0.2340
vn -0.0894 0.8948 0.4374
vn 0.0364 0.5849 0.8103
vn 0.1626 0.9045 0.3942
vn 0.2757 0.6252 0.7301
vn 0.4977 0.6248 0.6016
vn 0.2149 0.1437 0.9660
vn 0.4365 0.2277 0.8704
vn -0.0198 0.0501 0.9985
vn 0.6023 -0.1818 0.7773
vn -0.2049 0.5064 0.8376
vn 0.3987 -0.3106 0.8629
vn -0.3345 0.8268 0.4522
vn 0.7281 -0.4931 0.4763
vn -0.5582 0.7050 0.4375
vn -0.1275 0.9905 -0.0521
vn -0.4329 0.3950 0.8103
vn -0.3745 0.9256 -0.0543
vn -0.7458 0.5370 0.3942
vn -0.5969 0.8006 -0.0525
vn -0.3142 0.7764 -0.5463
vn -0.5385 0.6562 -0.5285
vn -0.7280 0.4931 -0.4762
vn -0.7809 0.6229 -0.0473
vn -0.9138 0.4044 -0.0390
vn -0.8850 0.3333 0.3250
vn -0.6329 0.2576 0.7301
vn -0.2543 -0.0462 0.9660
vn -0.7919 0.1031 0.6019
vn -0.4720 -0.1399 0.8704
vn -0.0708 -0.5006 0.8628
vn -0.3064 -0.5492 0.7775
vn -0.6592 -0.2250 0.7175
vn 0.1702 -0.4188 0.8920
vn 0.0693 -0.8461 0.5285
vn 0.5385 -0.6562 0.5285
vn 0.3146 -0.7764 0.5461
vn 0.1279 -0.9904 0.0523
vn 0.3745 -0.9256 0.0543
vn 0.5972 -0.8004 0.0522
vn 0.3345 -0.8268 -0.4522
vn 0.7807 -0.6231 0.0473
vn 0.5582 -0.7050 -0.4375
vn 0.8704 -0.2972 0.3926
vn 0.7665 -0.0405 0.6410
vn 0.6300 0.2970 0.7176
vn 0.9559 -0.0803 0.2825
vn 0.8810 0.1040 0.4615
vn 0.7827 0.3470 0.5167
vn 0.9779 0.1422 0.1532
vn 0.9374 0.2424 0.2501
vn 0.8841 0.3742 0.2800
vn 0.6872 0.5830 0.4335
vn 0.8323 0.5020 0.2349
vn 0.4042 0.8550 0.3250
vn 0.6201 0.7488 0.2340
vn 0.8902 0.4142 -0.1898
vn 0.4120 0.8727 -0.2619
vn 0.8920 0.3206 -0.3186
vn 0.3429 0.8702 -0.3539
vn 0.9386 -0.3428 0.0376
vn 0.8794 -0.3839 -0.2815
vn -0.3306 0.9345 -0.1322
vn 0.4031 -0.9008 -0.1614
vn 0.9297 0.3682 -0.0083
vn 0.4459 0.7826 -0.4344
vn 0.8760 -0.2774 0.3945
vn -0.2837 0.7206 -0.6327
vn 0.3328 -0.9229 0.1936
vn 0.3271 -0.7781 0.5362
vn -0.3519 -0.9360 -0.0032
vn -0.4094 -0.8501 0.3312
vn -0.3744 0.8410 -0.3906
vn -0.8961 0.3585 -0.2619
vn -0.8367 0.2259 -0.4990
vn -0.9007 0.4344 0.0093
vn -0.9460 -0.3224 -0.0327
vn -0.8975 -0.4289 -0.1029
vn -0.9286 -0.3634 0.0746
vn -0.4776 -0.8645 0.1565
vt 0.000000 0.000000
s 1
f 2225/31/1068 2226/31/1069 2227/31/1070
f 2226/31/1069 2228/31/1071 2227/31/1070
f 2229/31/1072 2225/31/1068 2227/31/1070
f 2227/31/1070 2228/31/1071 2229/31/1072
f 2230/31/1073 2231/31/1074 2225/31/1068
f 2225/31/1068 2229/31/1072 2230/31/1073
f 2231/31/1074 2230/31/1073 2232/31/1075
f 2232/31/1075 2233/31/1076 2231/31/1074
f 2234/31/1077 2230/31/1073 2229/31/1072
f 2229/31/1072 2228/31/1071 2234/31/1077
f 2235/31/1078 2232/31/1075 2230/31/1073
f 2230/31/1073 2234/31/1077 2235/31/1078
f 2233/31/1076 2232/31/1075 2236/31/1079
f 2237/31/1080 2233/31/1076 2236/31/1079
f 2232/31/1075 2235/31/1078 2238/31/1081
f 2238/31/1081 2236/31/1079 2232/31/1075
f 2235/31/1078 2234/31/1077 2239/31/1082
f 2234/31/1077 2228/31/1071 2239/31/1082
f 2240/31/1083 2235/31/1078 2239/31/1082
f 2235/31/1078 2240/31/1083 2238/31/1081
f 2239/31/1082 2228/31/1071 2241/31/1084
f 2240/31/1083 2239/31/1082 2241/31/1084
f 2241/31/1084 2228/31/1071 2242/31/1085
f 2242/31/1085 2228/31/1071 2243/31/1086
f 2241/31/1084 2244/31/1087 2240/31/1083
f 2242/31/1085 2244/31/1087 2241/31/1084
f 2245/31/1088 2238/31/1081 2240/31/1083
f 2245/31/1088 2240/31/1083 2244/31/1087
f 2243/31/1086 2246/31/1089 2242/31/1085
f 2244/31/1087 2242/31/1085 2246/31/1089
f 2246/31/1089 2243/31/1086 2247/31/1090
f 2248/31/1091 2245/31/1088 2244/31/1087
f 2246/31/1089 2248/31/1091 2244/31/1087
f 2249/31/1092 2238/31/1081 2245/31/1088
f 2245/31/1088 2248/31/1091 2249/31/1092
f 2247/31/1090 2250/31/1093 2246/31/1089
f 2248/31/1091 2246/31/1089 2250/31/1093
f 2250/31/1093 2247/31/1090 2251/31/1094
f 2251/31/1094 2252/31/1095 2250/31/1093
f 2250/31/1093 2253/31/1096 2248/31/1091
f 2253/31/1096 2250/31/1093 2252/31/1095
f 2253/31/1096 2249/31/1092 2248/31/1091
f 2254/31/1097 2253/31/1096 2252/31/1095
f 2238/31/1081 2249/31/1092 2255/31/1098
f 2236/31/1079 2238/31/1081 2255/31/1098
f 2249/31/1092 2253/31/1096 2256/31/1099
f 2254/31/1097 2256/31/1099 2253/31/1096
f 2256/31/1099 2255/31/1098 2249/31/1092
f 2257/31/1100 2236/31/1079 2255/31/1098
f 2255/31/1098 2256/31/1099 2257/31/1100
f 2236/31/1079 2257/31/1100 2237/31/1080
f 2258/31/1101 2237/31/1080 2257/31/1100
f 2259/31/1102 2257/31/1100 2256/31/1099
f 2257/31/1100 2259/31/1102 2258/31/1101
f 2256/31/1099 2254/31/1097 2259/31/1102
f 2258/31/1101 2259/31/1102 2260/31/1103
f 2261/31/1104 2259/31/1102 2254/31/1097
f 2262/31/1105 2260/31/1103 2259/31/1102
f 2263/31/1106 2259/31/1102 2261/31/1104
f 2259/31/1102 2263/31/1106 2262/31/1105
f 2261/31/1104 2264/31/1107 2263/31/1106
f 2260/31/1103 2262/31/1105 2265/31/1108
f 2266/31/1109 2263/31/1106 2264/31/1107
f 2267/31/1110 2262/31/1105 2263/31/1106
f 2263/31/1106 2266/31/1109 2267/31/1110
f 2264/31/1107 2268/31/1111 2266/31/1109
f 2262/31/1105 2267/31/1110 2269/31/1112
f 2269/31/1112 2265/31/1108 2262/31/1105
f 2267/31/1110 2266/31/1109 2270/31/1113
f 2270/31/1113 2269/31/1112 2267/31/1110
f 2266/31/1109 2268/31/1111 2271/31/1114
f 2270/31/1113 2266/31/1109 2271/31/1114
f 2265/31/1108 2269/31/1112 2272/31/1115
f 2273/31/1116 2265/31/1108 2272/31/1115
f 2269/31/1112 2270/31/1113 2274/31/1117
f 2274/31/1117 2272/31/1115 2269/31/1112
f 2273/31/1116 2272/31/1115 2275/31/1118
f 2275/31/1118 2276/31/1119 2273/31/1116
f 2272/31/1115 2274/31/1117 2277/31/1120
f 2275/31/1118 2272/31/1115 2277/31/1120
f 2270/31/1113 2278/31/1121 2274/31/1117
f 2277/31/1120 2274/31/1117 2278/31/1121
f 2278/31/1121 2270/31/1113 2279/31/1122
f 2279/31/1122 2270/31/1113 2271/31/1114
f 2277/31/1120 2278/31/1121 2280/31/1123
f 2279/31/1122 2281/31/1124 2278/31/1121
f 2280/31/1123 2278/31/1121 2281/31/1124
f 2282/31/1125 2277/31/1120 2280/31/1123
f 2282/31/1125 2275/31/1118 2277/31/1120
f 2283/31/1126 2280/31/1123 2281/31/1124
f 2283/31/1126 2282/31/1125 2280/31/1123
f 2281/31/1124 2279/31/1122 2284/31/1127
f 2283/31/1126 2281/31/1124 2284/31/1127
f 2275/31/1118 2282/31/1125 2285/31/1128
f 2285/31/1128 2276/31/1119 2275/31/1118
f 2283/31/1126 2285/31/1128 2282/31/1125
f 2285/31/1128 2286/31/1129 2276/31/1119
f 2286/31/1129 2285/31/1128 2287/31/1130
f 2283/31/1126 2287/31/1130 2285/31/1128
f 2287/31/1130 2288/31/1131 2286/31/1129
f 2288/31/1131 2287/31/1130 2289/31/1132
f 2283/31/1126 2289/31/1132 2287/31/1130
f 2289/31/1132 2290/31/1133 2288/31/1131
f 2290/31/1133 2289/31/1132 2291/31/1134
f 2283/31/1126 2291/31/1134 2289/31/1132
f 2291/31/1134 2292/31/1135 2290/31/1133
f 2293/31/1136 2290/31/1133 2292/31/1135
f 2292/31/1135 2291/31/1134 2294/31/1137
f 2283/31/1126 2294/31/1137 2291/31/1134
f 2292/31/1135 2295/31/1138 2293/31/1136
f 2296/31/1139 2293/31/1136 2295/31/1138
f 2295/31/1138 2268/31/1111 2296/31/1139
f 2295/31/1138 2292/31/1135 2297/31/1140
f 2294/31/1137 2297/31/1140 2292/31/1135
f 2268/31/1111 2295/31/1138 2298/31/1141
f 2297/31/1140 2298/31/1141 2295/31/1138
f 2271/31/1114 2268/31/1111 2298/31/1141
f 2297/31/1140 2294/31/1137 2299/31/1142
f 2283/31/1126 2299/31/1142 2294/31/1137
f 2298/31/1141 2297/31/1140 2300/31/1143
f 2299/31/1142 2300/31/1143 2297/31/1140
f 2283/31/1126 2301/31/1144 2299/31/1142
f 2300/31/1143 2299/31/1142 2301/31/1144
f 2283/31/1126 2302/31/1145 2301/31/1144
f 2302/31/1145 2300/31/1143 2301/31/1144
f 2283/31/1126 2284/31/1127 2302/31/1145
f 2303/31/1146 2298/31/1141 2300/31/1143
f 2271/31/1114 2298/31/1141 2303/31/1146
f 2303/31/1146 2300/31/1143 2302/31/1145
f 2303/31/1146 2302/31/1145 2284/31/1127
f 2303/31/1146 2279/31/1122 2271/31/1114
f 2284/31/1127 2279/31/1122 2303/31/1146
f 2304/31/1147 2305/31/1148 2306/31/1149
f 2305/31/1148 2307/31/1150 2306/31/1149
f 2308/31/1151 2306/31/1149 2307/31/1150
f 2309/31/1152 2307/31/1150 2305/31/1148
f 2310/31/1153 2308/31/1151 2307/31/1150
f 2307/31/1150 2309/31/1152 2310/31/1153
f 2305/31/1148 2311/31/1154 2309/31/1152
f 2309/31/1152 2312/31/1155 2310/31/1153
f 2311/31/1154 2305/31/1148 2313/31/1156
f 2313/31/1156 2305/31/1148 2304/31/1147
f 2311/31/1154 2314/31/1157 2309/31/1152
f 2312/31/1155 2309/31/1152 2314/31/1157
f 2315/31/1158 2313/31/1156 2304/31/1147
f 2314/31/1157 2316/31/1159 2312/31/1155
f 2317/31/1160 2313/31/1156 2315/31/1158
f 2318/31/1161 2315/31/1158 2304/31/1147
f 2313/31/1156 2317/31/1160 2319/31/1162
f 2319/31/1162 2311/31/1154 2313/31/1156
f 2320/31/1163 2317/31/1160 2315/31/1158
f 2320/31/1163 2315/31/1158 2318/31/1161
f 2321/31/1164 2319/31/1162 2317/31/1160
f 2322/31/1165 2317/31/1160 2320/31/1163
f 2322/31/1165 2321/31/1164 2317/31/1160
f 2318/31/1161 2304/31/1147 2233/31/1076
f 2233/31/1076 2304/31/1147 2306/31/1149
f 2318/31/1161 2323/31/1166 2320/31/1163
f 2320/31/1163 2324/31/1167 2322/31/1165
f 2324/31/1167 2320/31/1163 2323/31/1166
f 2323/31/1166 2318/31/1161 2237/31/1080
f 2233/31/1076 2237/31/1080 2318/31/1161
f 2323/31/1166 2258/31/1101 2324/31/1167
f 2237/31/1080 2258/31/1101 2323/31/1166
f 2325/31/1168 2322/31/1165 2324/31/1167
f 2260/31/1103 2324/31/1167 2258/31/1101
f 2325/31/1168 2324/31/1167 2260/31/1103
f 2322/31/1165 2325/31/1168 2326/31/1169
f 2326/31/1169 2321/31/1164 2322/31/1165
f 2327/31/1170 2326/31/1169 2325/31/1168
f 2327/31/1170 2321/31/1164 2326/31/1169
f 2265/31/1108 2325/31/1168 2260/31/1103
f 2273/31/1116 2327/31/1170 2325/31/1168
f 2325/31/1168 2265/31/1108 2273/31/1116
f 2276/31/1119 2327/31/1170 2273/31/1116
f 2321/31/1164 2327/31/1170 2328/31/1171
f 2276/31/1119 2328/31/1171 2327/31/1170
f 2328/31/1171 2329/31/1172 2321/31/1164
f 2319/31/1162 2321/31/1164 2329/31/1172
f 2328/31/1171 2276/31/1119 2286/31/1129
f 2329/31/1172 2330/31/1173 2319/31/1162
f 2311/31/1154 2319/31/1162 2330/31/1173
f 2329/31/1172 2328/31/1171 2331/31/1174
f 2286/31/1129 2331/31/1174 2328/31/1171
f 2330/31/1173 2329/31/1172 2332/31/1175
f 2331/31/1174 2332/31/1175 2329/31/1172
f 2333/31/1176 2311/31/1154 2330/31/1173
f 2334/31/1177 2330/31/1173 2332/31/1175
f 2330/31/1173 2334/31/1177 2333/31/1176
f 2334/31/1177 2332/31/1175 2293/31/1136
f 2332/31/1175 2331/31/1174 2335/31/1178
f 2293/31/1136 2332/31/1175 2335/31/1178
f 2288/31/1131 2335/31/1178 2331/31/1174
f 2331/31/1174 2286/31/1129 2288/31/1131
f 2335/31/1178 2288/31/1131 2290/31/1133
f 2290/31/1133 2293/31/1136 2335/31/1178
f 2296/31/1139 2333/31/1176 2334/31/1177
f 2293/31/1136 2296/31/1139 2334/31/1177
f 2311/31/1154 2333/31/1176 2336/31/1179
f 2314/31/1157 2311/31/1154 2336/31/1179
f 2333/31/1176 2296/31/1139 2337/31/1180
f 2337/31/1180 2336/31/1179 2333/31/1176
f 2336/31/1179 2338/31/1181 2314/31/1157
f 2336/31/1179 2337/31/1180 2339/31/1182
f 2338/31/1181 2336/31/1179 2339/31/1182
f 2316/31/1159 2314/31/1157 2338/31/1181
f 2340/31/1183 2339/31/1182 2337/31/1180
f 2268/31/1111 2337/31/1180 2296/31/1139
f 2340/31/1183 2337/31/1180 2268/31/1111
f 2341/31/1184 2338/31/1181 2339/31/1182
f 2341/31/1184 2339/31/1182 2340/31/1183
f 2342/31/1185 2338/31/1181 2341/31/1184
f 2342/31/1185 2316/31/1159 2338/31/1181
f 2340/31/1183 2343/31/1186 2341/31/1184
f 2344/31/1187 2316/31/1159 2342/31/1185
f 2343/31/1186 2340/31/1183 2264/31/1107
f 2268/31/1111 2264/31/1107 2340/31/1183
f 2345/31/1188 2341/31/1184 2343/31/1186
f 2341/31/1184 2345/31/1188 2342/31/1185
f 2342/31/1185 2252/31/1095 2344/31/1187
f 2252/31/1095 2342/31/1185 2345/31/1188
f 2251/31/1094 2316/31/1159 2344/31/1187
f 2252/31/1095 2251/31/1094 2344/31/1187
f 2316/31/1159 2251/31/1094 2346/31/1189
f 2346/31/1189 2312/31/1155 2316/31/1159
f 2343/31/1186 2261/31/1104 2345/31/1188
f 2264/31/1107 2261/31/1104 2343/31/1186
f 2345/31/1188 2254/31/1097 2252/31/1095
f 2261/31/1104 2254/31/1097 2345/31/1188
f 2312/31/1155 2346/31/1189 2347/31/1190
f 2347/31/1190 2310/31/1153 2312/31/1155
f 2310/31/1153 2347/31/1190 2348/31/1191
f 2308/31/1151 2310/31/1153 2348/31/1191
f 2349/31/1192 2347/31/1190 2346/31/1189
f 2350/31/1193 2348/31/1191 2347/31/1190
f 2347/31/1190 2349/31/1192 2350/31/1193
f 2348/31/1191 2350/31/1193 2351/31/1194
f 2351/31/1194 2308/31/1151 2348/31/1191
f 2352/31/1195 2350/31/1193 2349/31/1192
f 2353/31/1196 2351/31/1194 2350/31/1193
f 2350/31/1193 2352/31/1195 2353/31/1196
f 2346/31/1189 2247/31/1090 2349/31/1192
f 2247/31/1090 2346/31/1189 2251/31/1094
f 2349/31/1192 2243/31/1086 2352/31/1195
f 2243/31/1086 2349/31/1192 2247/31/1090
f 2352/31/1195 2228/31/1071 2353/31/1196
f 2243/31/1086 2228/31/1071 2352/31/1195
f 2351/31/1194 2353/31/1196 2354/31/1197
f 2353/31/1196 2228/31/1071 2354/31/1197
f 2354/31/1197 2355/31/1198 2351/31/1194
f 2308/31/1151 2351/31/1194 2355/31/1198
f 2355/31/1198 2354/31/1197 2356/31/1199
f 2354/31/1197 2228/31/1071 2356/31/1199
f 2355/31/1198 2357/31/1200 2308/31/1151
f 2306/31/1149 2308/31/1151 2357/31/1200
f 2357/31/1200 2233/31/1076 2306/31/1149
f 2357/31/1200 2355/31/1198 2358/31/1201
f 2356/31/1199 2358/31/1201 2355/31/1198
f 2233/31/1076 2357/31/1200 2231/31/1074
f 2358/31/1201 2231/31/1074 2357/31/1200
f 2358/31/1201 2356/31/1199 2226/31/1069
f 2356/31/1199 2228/31/1071 2226/31/1069
f 2231/31/1074 2358/31/1201 2225/31/1068
f 2226/31/1069 2225/31/1068 2358/31/1201
f 2359/31/1202 2360/31/1203 2361/31/1204
f 2360/31/1203 2359/31/1202 2362/31/1205
f 2361/31/1204 2363/31/1206 2359/31/1202
f 2363/31/1206 2361/31/1204 2364/31/1207
f 2362/31/1205 2365/31/1208 2360/31/1203
f 2366/31/1209 2363/31/1206 2364/31/1207
f 2363/31/1206 2367/31/1210 2359/31/1202
f 2367/31/1210 2362/31/1205 2359/31/1202
f 2362/31/1205 2367/31/1210 2368/31/1211
f 2367/31/1210 2363/31/1206 2369/31/1212
f 2370/31/1213 2362/31/1205 2368/31/1211
f 2363/31/1206 2366/31/1209 2371/31/1214
f 2371/31/1214 2369/31/1212 2363/31/1206
f 2369/31/1212 2371/31/1214 2372/31/1215
f 2373/31/1216 2371/31/1214 2366/31/1209
f 2372/31/1215 2371/31/1214 2374/31/1217
f 2362/31/1205 2370/31/1213 2375/31/1218
f 2365/31/1208 2362/31/1205 2375/31/1218
f 2375/31/1218 2370/31/1213 2376/31/1219
f 2376/31/1219 2365/31/1208 2375/31/1218
f 2377/31/1220 2376/31/1219 2370/31/1213
f 2365/31/1208 2376/31/1219 2378/31/1221
f 2376/31/1219 2377/31/1220 2379/31/1222
f 2379/31/1222 2378/31/1221 2376/31/1219
f 2380/31/1223 2379/31/1222 2377/31/1220
f 2374/31/1217 2379/31/1222 2380/31/1223
f 2378/31/1221 2379/31/1222 2381/31/1224
f 2379/31/1222 2374/31/1217 2382/31/1225
f 2382/31/1225 2381/31/1224 2379/31/1222
f 2382/31/1225 2374/31/1217 2371/31/1214
f 2381/31/1224 2382/31/1225 2373/31/1216
f 2371/31/1214 2373/31/1216 2382/31/1225
o 93654858053218
v -1.755598 0.397352 -0.113183
v -1.755598 0.187260 -0.113183
v -1.755598 0.187260 0.113183
v -1.755598 0.397352 0.113183
v 0.059123 0.397352 0.113183
v 0.059123 0.397352 -0.113183
v 0.015900 0.364935 -0.113183
v 0.015900 0.364935 0.113183
v 0.934375 -0.277380 -0.113183
v 1.193708 -0.050463 -0.113183
v 0.934375 -0.277380 0.113183
v 1.193708 -0.050463 0.113183
v 1.392588 -0.050463 -0.113183
v 1.392588 -0.050463 0.113183
v 1.500644 -0.190935 -0.113183
v 1.500644 -0.190935 0.113183
v 1.755598 -0.190935 -0.113183
v 1.755598 -0.190935 0.113183
v -1.755598 0.397352 -0.113183
v -0.496748 0.397352 0.113183
v -0.496748 0.397352 -0.113183
v -1.755598 0.397352 0.113183
v 0.059123 0.397352 0.113183
v 0.458929 0.397352 0.113183
v 0.059123 0.397352 -0.113183
v 0.458929 0.397352 -0.113183
v 0.545374 0.343324 0.113183
v 0.545374 0.343324 -0.113183
v 1.755598 0.343324 -0.113183
v 1.755598 0.343324 0.113183
v 0.015900 0.364935 -0.113183
v -0.464331 0.364935 -0.113183
v -0.464331 0.364935 0.113183
v 0.015900 0.364935 0.113183
v -0.723665 0.187260 -0.113183
v -0.399498 0.068399 -0.113183
v -0.723665 0.187260 0.113183
v -1.755598 0.187260 0.113183
v -1.755598 0.187260 -0.113183
v -0.399498 0.068399 0.113183
v 0.210401 0.068399 0.113183
v 0.210401 0.068399 -0.113183
v 0.296845 -0.028852 -0.113183
v 0.296845 -0.028852 0.113183
v 0.296845 -0.158519 -0.113183
v 0.296845 -0.158519 0.113183
v 0.394096 -0.277380 -0.113183
v 0.394096 -0.277380 0.113183
v 0.934375 -0.277380 -0.113183
v 0.934375 -0.277380 0.113183
v -0.723665 0.187260 -0.113183
v -0.496748 0.397352 -0.113183
v -0.464331 0.364935 -0.113183
v -1.755598 0.397352 -0.113183
v -1.755598 0.187260 -0.113183
v -0.399498 0.068399 -0.113183
v 0.015900 0.364935 -0.113183
v 0.210401 0.068399 -0.113183
v 0.059123 0.397352 -0.113183
v 0.458929 0.397352 -0.113183
v 0.435098 0.105675 -0.113183
v 0.296845 -0.028852 -0.113183
v 0.545374 0.343324 -0.113183
v 0.435098 0.027581 -0.113183
v 0.645712 0.214503 -0.113183
v 0.296845 -0.158519 -0.113183
v 0.856326 0.214503 -0.113183
v 0.549117 -0.092001 -0.113183
v 1.755598 0.343324 -0.113183
v 0.394096 -0.277380 -0.113183
v 0.573390 -0.092001 -0.113183
v 0.934375 -0.277380 -0.113183
v 0.849975 -0.092001 -0.113183
v 0.965233 0.013010 -0.113183
v 1.193708 -0.050463 -0.113183
v 0.946086 0.168122 -0.113183
v 1.392588 -0.050463 -0.113183
v 1.755598 -0.190935 -0.113183
v 1.500644 -0.190935 -0.113183
v 0.549117 -0.092001 0.113183
v 0.934375 -0.277380 0.113183
v 0.849975 -0.092001 0.113183
v 0.850133 -0.091857 0.113183
v 0.394096 -0.277380 0.113183
v 1.193708 -0.050463 0.113183
v 0.296845 -0.158519 0.113183
v 0.965233 0.013010 0.113183
v 0.470909 -0.009977 0.113183
v 0.946086 0.168122 0.113183
v 0.296845 -0.028852 0.113183
v 0.435098 0.027581 0.113183
v 1.392588 -0.050463 0.113183
v 0.435098 0.105675 0.113183
v 1.755598 0.343324 0.113183
v 0.856326 0.214503 0.113183
v 1.755598 -0.190935 0.113183
v 1.500644 -0.190935 0.113183
v 0.545374 0.343324 0.113183
v 0.645712 0.214503 0.113183
v 0.458929 0.397352 0.113183
v 0.210401 0.068399 0.113183
v 0.059123 0.397352 0.113183
v 0.015900 0.364935 0.113183
v -0.399498 0.068399 0.113183
v -0.464331 0.364935 0.113183
v -0.723665 0.187260 0.113183
v -0.496748 0.397352 0.113183
v -1.755598 0.397352 0.113183
v -1.755598 0.187260 0.113183
v 0.946086 0.168122 -0.113183
v 0.946086 0.168122 0.113183
v 0.856326 0.214503 -0.113183
v 0.965233 0.013010 -0.113183
v 0.856326 0.214503 0.113183
v 0.965233 0.013010 0.113183
v 0.645712 0.214503 -0.113183
v 0.850133 -0.091857 0.113183
v 0.645712 0.214503 0.113183
v 0.849975 -0.092001 -0.113183
v 0.435098 0.105675 -0.113183
v 0.849975 -0.092001 0.113183
v 0.435098 0.105675 0.113183
v 0.549117 -0.092001 0.113183
v 0.435098 0.027581 0.113183
v 0.549117 -0.092001 -0.113183
v 0.435098 0.027581 -0.113183
v 0.470909 -0.009977 0.113183
v -0.496748 0.397352 -0.113183
v -0.464331 0.364935 0.113183
v -0.464331 0.364935 -0.113183
v -0.496748 0.397352 0.113183
vn -1.0000 0.0005 0.0005
vn -0.6004 0.7997 0.0005
vn 0.6582 -0.7528 0.0003
vn 0.3513 -0.9363 0.0004
vn 0.6581 -0.7529 0.0005
vn 0.3517 -0.9361 -0.0000
vn -0.4417 -0.8971 -0.0000
vn -0.4418 -0.8971 -0.0000
vn -0.4419 -0.8971 0.0004
vn 0.0005 -1.0000 0.0005
vn 0.0005 1.0000 0.0005
vn 0.2762 0.9611 0.0006
vn 0.2757 0.9613 -0.0000
vn 0.2761 0.9611 0.0006
vn 0.2760 0.9612 0.0004
vn -0.1746 -0.9846 0.0004
vn -0.1745 -0.9847 0.0005
vn -0.1746 -0.9846 0.0003
vn -0.4100 -0.9121 0.0006
vn -0.4099 -0.9121 0.0004
vn -0.9348 -0.3552 0.0005
vn -0.9416 -0.3367 0.0005
vn -0.9416 -0.3366 0.0004
vn -0.4286 -0.9035 0.0007
vn -0.4282 -0.9037 -0.0000
vn 0.0005 0.0005 -1.0000
vn 0.0002 0.0002 -1.0000
vn 0.0005 0.0005 1.0000
vn 0.0002 0.0002 1.0000
vn -0.8206 -0.5715 -0.0000
vn -0.2360 -0.9717 0.0003
vn -0.9377 0.3475 0.0006
vn -0.2362 -0.9717 -0.0000
vn -0.9377 0.3474 0.0004
vn 0.2361 -0.9717 0.0003
vn -0.6734 0.7393 -0.0000
vn 0.2362 -0.9717 -0.0000
vn -0.3610 0.9326 0.0007
vn 0.8541 -0.5201 -0.0000
vn -0.3610 0.9326 -0.0000
vn 0.3936 0.9193 -0.0000
vn 0.9284 0.3717 -0.0000
vn 0.3933 0.9194 0.0007
vn 0.9284 0.3716 0.0005
vn 0.7237 0.6901 -0.0000
vn 0.7071 0.7071 0.0005
vt 0.000000 0.000000
s 1
f 2383/32/1226 2384/32/1226 2385/32/1226
f 2383/32/1226 2385/32/1226 2386/32/1226
f 2387/32/1227 2388/32/1227 2389/32/1227
f 2389/32/1227 2390/32/1227 2387/32/1227
f 2391/32/1228 2392/32/1229 2393/32/1230
f 2392/32/1229 2394/32/1231 2393/32/1230
f 2395/32/1232 2394/32/1231 2392/32/1229
f 2394/32/1231 2395/32/1232 2396/32/1233
f 2397/32/1233 2396/32/1233 2395/32/1232
f 2396/32/1233 2397/32/1233 2398/32/1234
f 2399/32/1235 2398/32/1234 2397/32/1233
f 2398/32/1234 2399/32/1235 2400/32/1235
f 2401/32/1236 2402/32/1236 2403/32/1236
f 2402/32/1236 2401/32/1236 2404/32/1236
f 2405/32/1236 2406/32/1237 2407/32/1236
f 2408/32/1238 2407/32/1236 2406/32/1237
f 2408/32/1238 2406/32/1237 2409/32/1239
f 2409/32/1239 2410/32/1240 2408/32/1238
f 2411/32/1236 2410/32/1240 2409/32/1239
f 2411/32/1236 2409/32/1239 2412/32/1236
f 2413/32/1236 2414/32/1236 2415/32/1236
f 2413/32/1236 2415/32/1236 2416/32/1236
f 2417/32/1241 2418/32/1242 2419/32/1241
f 2419/32/1241 2420/32/1235 2417/32/1241
f 2421/32/1235 2417/32/1241 2420/32/1235
f 2418/32/1242 2422/32/1243 2419/32/1241
f 2418/32/1242 2423/32/1244 2422/32/1243
f 2423/32/1244 2418/32/1242 2424/32/1245
f 2425/32/1246 2423/32/1244 2424/32/1245
f 2423/32/1244 2425/32/1246 2426/32/1246
f 2427/32/1247 2426/32/1246 2425/32/1246
f 2426/32/1246 2427/32/1247 2428/32/1248
f 2429/32/1249 2428/32/1248 2427/32/1247
f 2428/32/1248 2429/32/1249 2430/32/1250
f 2431/32/1235 2430/32/1250 2429/32/1249
f 2430/32/1250 2431/32/1235 2432/32/1235
f 2433/32/1251 2434/32/1251 2435/32/1251
f 2434/32/1251 2433/32/1251 2436/32/1251
f 2436/32/1251 2433/32/1251 2437/32/1251
f 2435/32/1251 2438/32/1251 2433/32/1251
f 2439/32/1251 2438/32/1251 2435/32/1251
f 2438/32/1251 2439/32/1251 2440/32/1252
f 2441/32/1251 2440/32/1252 2439/32/1251
f 2442/32/1251 2440/32/1252 2441/32/1251
f 2440/32/1252 2442/32/1251 2443/32/1252
f 2443/32/1252 2444/32/1251 2440/32/1252
f 2445/32/1251 2443/32/1252 2442/32/1251
f 2446/32/1251 2444/32/1251 2443/32/1252
f 2443/32/1252 2445/32/1251 2447/32/1251
f 2444/32/1251 2446/32/1251 2448/32/1251
f 2449/32/1251 2447/32/1251 2445/32/1251
f 2450/32/1251 2448/32/1251 2446/32/1251
f 2445/32/1251 2451/32/1251 2449/32/1251
f 2450/32/1251 2452/32/1251 2448/32/1251
f 2453/32/1251 2452/32/1251 2450/32/1251
f 2454/32/1251 2452/32/1251 2453/32/1251
f 2454/32/1251 2453/32/1251 2455/32/1251
f 2456/32/1251 2454/32/1251 2455/32/1251
f 2454/32/1251 2456/32/1251 2457/32/1251
f 2458/32/1251 2457/32/1251 2456/32/1251
f 2451/32/1251 2458/32/1251 2449/32/1251
f 2458/32/1251 2459/32/1251 2457/32/1251
f 2459/32/1251 2458/32/1251 2451/32/1251
f 2460/32/1251 2459/32/1251 2451/32/1251
f 2459/32/1251 2460/32/1251 2461/32/1251
f 2462/32/1253 2463/32/1253 2464/32/1253
f 2463/32/1253 2465/32/1253 2464/32/1253
f 2463/32/1253 2462/32/1253 2466/32/1253
f 2465/32/1253 2463/32/1253 2467/32/1253
f 2466/32/1253 2462/32/1253 2468/32/1253
f 2467/32/1253 2469/32/1253 2465/32/1253
f 2470/32/1253 2468/32/1253 2462/32/1253
f 2467/32/1253 2471/32/1253 2469/32/1253
f 2468/32/1253 2470/32/1253 2472/32/1253
f 2472/32/1253 2470/32/1253 2473/32/1253
f 2474/32/1253 2471/32/1253 2467/32/1253
f 2475/32/1254 2472/32/1253 2473/32/1253
f 2471/32/1253 2474/32/1253 2476/32/1253
f 2476/32/1253 2477/32/1253 2471/32/1253
f 2474/32/1253 2478/32/1253 2476/32/1253
f 2478/32/1253 2474/32/1253 2479/32/1253
f 2480/32/1253 2477/32/1253 2476/32/1253
f 2477/32/1253 2480/32/1253 2481/32/1253
f 2480/32/1253 2475/32/1254 2481/32/1253
f 2482/32/1253 2475/32/1254 2480/32/1253
f 2472/32/1253 2475/32/1254 2483/32/1254
f 2475/32/1254 2482/32/1253 2483/32/1254
f 2484/32/1253 2483/32/1254 2482/32/1253
f 2483/32/1254 2484/32/1253 2485/32/1253
f 2486/32/1253 2483/32/1254 2485/32/1253
f 2485/32/1253 2487/32/1253 2486/32/1253
f 2487/32/1253 2488/32/1253 2486/32/1253
f 2488/32/1253 2487/32/1253 2489/32/1253
f 2490/32/1253 2488/32/1253 2489/32/1253
f 2488/32/1253 2490/32/1253 2491/32/1253
f 2492/32/1255 2493/32/1255 2494/32/1256
f 2495/32/1257 2493/32/1255 2492/32/1255
f 2494/32/1256 2493/32/1255 2496/32/1258
f 2493/32/1255 2495/32/1257 2497/32/1259
f 2494/32/1256 2496/32/1258 2498/32/1260
f 2495/32/1257 2499/32/1261 2497/32/1259
f 2498/32/1260 2496/32/1258 2500/32/1262
f 2499/32/1261 2495/32/1257 2501/32/1263
f 2498/32/1260 2500/32/1262 2502/32/1264
f 2501/32/1263 2503/32/1265 2499/32/1261
f 2502/32/1264 2500/32/1262 2504/32/1264
f 2501/32/1263 2505/32/1266 2503/32/1265
f 2502/32/1264 2504/32/1264 2506/32/1267
f 2501/32/1263 2507/32/1268 2505/32/1266
f 2506/32/1267 2508/32/1269 2502/32/1264
f 2507/32/1268 2509/32/1270 2505/32/1266
f 2509/32/1270 2508/32/1269 2506/32/1267
f 2508/32/1269 2509/32/1270 2507/32/1268
f 2510/32/1271 2511/32/1271 2512/32/1271
f 2511/32/1271 2510/32/1271 2513/32/1271
o 79420779757080
v -0.349085 0.336581 -0.060589
v -0.349085 0.336581 0.060588
v -0.349085 0.397168 -0.085685
v -0.349085 0.311483 0.000000
v -0.349085 0.457756 0.060588
v -0.349085 0.397168 0.085685
v -0.349085 0.457756 -0.060589
v -0.349085 0.482854 -0.000000
v 0.455135 0.296507 0.000000
v 0.455135 0.503797 -0.000000
v 0.455135 0.326864 0.073288
v 0.455135 0.400152 0.103645
v 0.455135 0.473441 0.073288
v 0.455135 0.326864 -0.073288
v 0.455135 0.400152 -0.103645
v 0.455135 0.473441 -0.073288
v -0.349085 0.336581 0.060588
v 0.328805 0.336581 0.060588
v 0.328805 0.397168 0.085685
v -0.349085 0.311483 0.000000
v -0.349085 0.397168 0.085685
v 0.328805 0.311483 0.000000
v 0.328805 0.457756 0.060588
v -0.349085 0.336581 -0.060589
v -0.349085 0.457756 0.060588
v 0.328805 0.336581 -0.060589
v 0.328805 0.482854 -0.000000
v -0.349085 0.397168 -0.085685
v -0.349085 0.482854 -0.000000
v 0.328805 0.397168 -0.085685
v 0.328805 0.457756 -0.060589
v -0.349085 0.457756 -0.060589
v 0.317047 0.400152 0.103645
v 0.455135 0.400152 0.103645
v 0.455135 0.473441 0.073288
v 0.317047 0.326864 0.073288
v 0.317047 0.473441 0.073288
v 0.455135 0.326864 0.073288
v 0.455135 0.503797 -0.000000
v 0.317047 0.296507 0.000000
v 0.317047 0.503797 -0.000000
v 0.455135 0.296507 0.000000
v 0.455135 0.473441 -0.073288
v 0.317047 0.326864 -0.073288
v 0.317047 0.473441 -0.073288
v 0.455135 0.326864 -0.073288
v 0.455135 0.400152 -0.103645
v 0.317047 0.400152 -0.103645
v 0.317047 0.326864 -0.073288
v 0.317047 0.503797 -0.000000
v 0.317047 0.400152 -0.103645
v 0.317047 0.473441 -0.073288
v 0.317047 0.296507 0.000000
v 0.317047 0.326864 0.073288
v 0.317047 0.400152 0.103645
v 0.317047 0.473441 0.073288
vn -1.0000 0.0005 0.0005
vn 1.0000 0.0005 0.0005
vn 1.0000 0.0003 0.0003
vn 0.0003 -0.7071 0.7071
vn -0.0000 -0.7071 0.7071
vn 0.0005 0.0005 1.0000
vn 0.0005 -1.0000 0.0005
vn -0.0000 0.7071 0.7071
vn -0.0000 -0.7071 -0.7071
vn 0.0005 1.0000 0.0005
vn 0.0005 0.0005 -1.0000
vn 0.0003 0.7071 -0.7071
vn 0.0005 0.7071 -0.7071
vn 0.0003 0.7071 0.7071
vn -0.0000 0.7071 -0.7071
vn -1.0000 0.0003 0.0003
vt 0.000000 0.000000
s 1
f 2514/33/1272 2515/33/1272 2516/33/1272
f 2515/33/1272 2514/33/1272 2517/33/1272
f 2515/33/1272 2518/33/1272 2516/33/1272
f 2518/33/1272 2515/33/1272 2519/33/1272
f 2518/33/1272 2520/33/1272 2516/33/1272
f 2520/33/1272 2518/33/1272 2521/33/1272
f 2522/33/1273 2523/33/1274 2524/33/1273
f 2524/33/1273 2523/33/1274 2525/33/1273
f 2525/33/1273 2523/33/1274 2526/33/1273
f 2523/33/1274 2522/33/1273 2527/33/1273
f 2528/33/1273 2523/33/1274 2527/33/1273
f 2523/33/1274 2528/33/1273 2529/33/1273
f 2530/33/1275 2531/33/1276 2532/33/1277
f 2533/33/1278 2531/33/1276 2530/33/1275
f 2530/33/1275 2532/33/1277 2534/33/1277
f 2533/33/1278 2535/33/1278 2531/33/1276
f 2534/33/1277 2532/33/1277 2536/33/1279
f 2537/33/1280 2535/33/1278 2533/33/1278
f 2534/33/1277 2536/33/1279 2538/33/1279
f 2537/33/1280 2539/33/1280 2535/33/1278
f 2540/33/1281 2538/33/1279 2536/33/1279
f 2541/33/1282 2539/33/1280 2537/33/1280
f 2538/33/1279 2540/33/1281 2542/33/1281
f 2541/33/1282 2543/33/1282 2539/33/1280
f 2544/33/1283 2542/33/1281 2540/33/1281
f 2545/33/1284 2543/33/1282 2541/33/1282
f 2542/33/1281 2544/33/1283 2545/33/1284
f 2545/33/1284 2544/33/1283 2543/33/1282
f 2546/33/1277 2547/33/1277 2548/33/1279
f 2549/33/1276 2547/33/1277 2546/33/1277
f 2546/33/1277 2548/33/1279 2550/33/1285
f 2549/33/1276 2551/33/1276 2547/33/1277
f 2552/33/1281 2550/33/1285 2548/33/1279
f 2553/33/1278 2551/33/1276 2549/33/1276
f 2552/33/1281 2554/33/1281 2550/33/1285
f 2553/33/1278 2555/33/1278 2551/33/1276
f 2556/33/1283 2554/33/1281 2552/33/1281
f 2557/33/1280 2555/33/1278 2553/33/1278
f 2556/33/1283 2558/33/1286 2554/33/1281
f 2557/33/1280 2559/33/1280 2555/33/1278
f 2558/33/1286 2556/33/1283 2560/33/1282
f 2561/33/1282 2559/33/1280 2557/33/1280
f 2558/33/1286 2560/33/1282 2561/33/1282
f 2561/33/1282 2560/33/1282 2559/33/1280
f 2562/33/1272 2563/33/1287 2564/33/1272
f 2564/33/1272 2563/33/1287 2565/33/1272
f 2566/33/1272 2563/33/1287 2562/33/1272
f 2563/33/1287 2566/33/1272 2567/33/1272
f 2568/33/1272 2563/33/1287 2567/33/1272
f 2563/33/1287 2568/33/1272 2569/33/1272
