# Blender 5.1.1
# www.blender.org
mtllib tttttttttttttttttttttttt.mtl
o archkatbody
v 0.064313 -2.105100 -0.043538
v 0.077732 -2.280102 -0.043554
v 0.099122 -2.278235 -0.014505
v 0.048604 -1.768637 -0.043521
v 0.050839 -1.930098 -0.043523
v 0.072284 -1.929164 -0.014474
v 0.064313 -2.105100 -0.043538
v 0.046369 -1.607170 -0.043518
v 0.048604 -1.768637 -0.043521
v 0.067814 -1.607170 -0.014469
v 0.064380 -2.105100 0.015154
v 0.077799 -2.280102 0.015138
v 0.099122 -2.278235 -0.014505
v 0.048670 -1.768637 0.015171
v 0.050905 -1.930098 0.015169
v 0.072284 -1.929164 -0.014474
v 0.064380 -2.105100 0.015154
v 0.067814 -1.607170 -0.014469
v 0.046435 -1.607170 0.015174
v 0.048670 -1.768637 0.015171
v 0.077799 -2.280102 0.015138
v 0.120982 -2.276323 -0.014530
v 0.099122 -2.278235 -0.014505
v 0.093296 -2.278749 0.023515
v 0.026265 -2.284614 0.026952
v 0.026279 -2.284614 0.039800
v -0.068547 -2.292905 -0.014315
v -0.025363 -2.289125 -0.043437
v -0.040856 -2.290478 -0.052359
v 0.026171 -2.284614 -0.055797
v 0.026157 -2.284614 -0.068098
v -0.046687 -2.290993 -0.014339
v -0.025296 -2.289125 0.015255
v -0.040770 -2.290478 0.023667
v 0.026265 -2.284614 0.026952
v 0.026279 -2.284614 0.039800
v -0.005325 -1.607170 0.026988
v -0.057107 -1.607170 0.015291
v -0.054757 -1.770890 0.015289
v 0.064380 -2.105100 0.015154
v 0.077799 -2.280102 0.015138
v 0.026265 -2.284614 0.026952
v -0.054757 -1.770890 0.015289
v -0.052356 -1.934610 0.015286
v -0.000684 -1.932357 0.026983
v -0.038826 -2.111870 0.015271
v 0.048670 -1.768637 0.015171
v 0.050905 -1.930098 0.015169
v 0.064380 -2.105100 0.015154
v -0.000684 -1.932357 0.026983
v -0.038826 -2.111870 0.015271
v -0.025296 -2.289125 0.015255
v 0.026265 -2.284614 0.026952
v 0.046435 -1.607170 0.015174
v 0.048670 -1.768637 0.015171
v -0.005325 -1.607170 0.026988
v -0.078553 -1.607170 -0.014303
v -0.057174 -1.607170 -0.043401
v -0.054824 -1.770890 -0.043403
v -0.054824 -1.770890 -0.043403
v -0.052422 -1.934610 -0.043406
v -0.073802 -1.935543 -0.014309
v -0.038892 -2.111870 -0.043421
v -0.038892 -2.111870 -0.043421
v -0.025363 -2.289125 -0.043437
v -0.046687 -2.290993 -0.014339
v -0.057107 -1.607170 0.015291
v -0.054757 -1.770890 0.015289
v -0.078553 -1.607170 -0.014303
v -0.054757 -1.770890 0.015289
v -0.052356 -1.934610 0.015286
v -0.073802 -1.935543 -0.014309
v -0.038826 -2.111870 0.015271
v -0.073802 -1.935543 -0.014309
v -0.038826 -2.111870 0.015271
v -0.025296 -2.289125 0.015255
v -0.046687 -2.290993 -0.014339
v -0.057174 -1.607170 -0.043401
v -0.054824 -1.770890 -0.043403
v -0.005419 -1.607170 -0.055761
v 0.064313 -2.105100 -0.043538
v 0.077732 -2.280102 -0.043554
v 0.026171 -2.284614 -0.055797
v -0.054824 -1.770890 -0.043403
v -0.052422 -1.934610 -0.043406
v -0.000778 -1.932357 -0.055766
v -0.038892 -2.111870 -0.043421
v -0.000778 -1.932357 -0.055766
v 0.048604 -1.768637 -0.043521
v 0.050839 -1.930098 -0.043523
v -0.000778 -1.932357 -0.055766
v 0.064313 -2.105100 -0.043538
v -0.000778 -1.932357 -0.055766
v -0.038892 -2.111870 -0.043421
v -0.025363 -2.289125 -0.043437
v 0.026171 -2.284614 -0.055797
v -0.005419 -1.607170 -0.055761
v 0.046369 -1.607170 -0.043518
v 0.048604 -1.768637 -0.043521
v -0.091972 -0.910471 -0.014288
v -0.091691 -1.117151 -0.014288
v -0.041268 -0.925466 0.028701
v -0.046245 -1.117151 0.028707
v -0.036853 -0.774482 0.028696
v -0.106001 -0.744314 -0.014272
v -0.055416 -0.654113 0.028717
v -0.151791 -0.637022 -0.014220
v -0.112888 -0.530294 0.028782
v -0.201158 -0.530294 -0.014164
v -0.177733 -0.466683 -0.014191
v -0.107463 -0.448608 0.028776
v -0.171023 -0.196067 -0.014199
v -0.096172 -0.201037 0.028763
v -0.114675 0.158515 0.028784
v -0.190815 0.164084 -0.014176
v -0.168507 0.627021 -0.014201
v -0.075988 0.638259 0.028740
v -0.083583 1.021265 -0.014298
v 0.006309 0.999125 0.028647
v 0.073954 1.142696 0.028570
v 0.017887 1.269271 -0.014413
v 0.141603 1.286267 0.028494
v 0.192321 1.486305 -0.014610
v 0.282882 1.426484 0.028333
v 0.436076 1.708873 -0.014887
v -0.097260 -1.139486 0.054476
v -0.075959 -1.286115 0.054452
v -0.005294 -1.167697 0.054372
v -0.005294 -1.315455 0.054372
v 0.065320 -1.286115 0.054292
v 0.086621 -1.139486 0.054268
v 0.231341 1.124247 -0.014655
v 0.282882 1.426484 0.028333
v 0.173022 1.160475 0.028458
v 0.436076 1.708873 -0.014887
v 0.063614 0.726045 0.028582
v 0.128306 0.701496 -0.014538
v 0.094426 0.455178 -0.014499
v 0.000606 0.185206 0.028653
v 0.061382 0.036145 -0.014462
v 0.000158 -0.108874 0.028654
v 0.083187 -0.391917 -0.014487
v 0.039404 -0.544489 0.028609
v 0.039404 -0.544489 0.028609
v 0.119639 -0.689441 -0.014528
v 0.057182 -0.682810 0.028589
v 0.079098 -0.834583 0.028564
v 0.168503 -0.829210 -0.014583
v 0.077096 -1.117151 -0.014480
v 0.029342 -1.117151 0.028621
v 0.063614 0.726045 0.028582
v 0.173022 1.160475 0.028458
v 0.006309 0.999125 0.028647
v 0.073954 1.142696 0.028570
v 0.141603 1.286267 0.028494
v 0.282882 1.426484 0.028333
v -0.075988 0.638259 0.028740
v 0.000606 0.185206 0.028653
v -0.114675 0.158515 0.028784
v 0.000158 -0.108874 0.028654
v -0.096172 -0.201037 0.028763
v 0.039404 -0.544489 0.028609
v -0.107463 -0.448608 0.028776
v -0.112888 -0.530294 0.028782
v -0.055416 -0.654113 0.028717
v 0.057182 -0.682810 0.028589
v -0.036853 -0.774482 0.028696
v 0.079098 -0.834583 0.028564
v -0.041268 -0.925466 0.028701
v 0.029342 -1.117151 0.028621
v -0.046245 -1.117151 0.028707
v -0.005421 -1.503210 -0.057433
v 0.031147 -1.387017 -0.057474
v -0.005421 -1.503210 -0.057433
v -0.005323 -1.503210 0.028660
v -0.041942 -1.387017 0.028702
v -0.005323 -1.503210 0.028660
v -0.070396 -1.421875 0.028734
v 0.031244 -1.387017 0.028619
v 0.059754 -1.421875 0.028586
v -0.076115 -1.286115 -0.083082
v -0.005450 -1.167697 -0.083162
v -0.097416 -1.139486 -0.083058
v -0.005450 -1.315455 -0.083162
v 0.065164 -1.286115 -0.083242
v 0.086465 -1.139486 -0.083266
v -0.091691 -1.117151 -0.014288
v 0.029244 -1.117151 -0.057472
v 0.077096 -1.117151 -0.014480
v -0.046343 -1.117151 -0.057386
v 0.029342 -1.117151 0.028621
v -0.046245 -1.117151 0.028707
v 0.192321 1.486305 -0.014610
v 0.436076 1.708873 -0.014887
v 0.282784 1.426484 -0.057760
v 0.141505 1.286267 -0.057599
v 0.017887 1.269271 -0.014413
v 0.073856 1.142696 -0.057523
v -0.083583 1.021265 -0.014298
v 0.006211 0.999125 -0.057446
v -0.076086 0.638259 -0.057353
v -0.168507 0.627021 -0.014201
v -0.114773 0.158515 -0.057309
v -0.190815 0.164084 -0.014176
v -0.171023 -0.196067 -0.014199
v -0.096270 -0.201037 -0.057330
v -0.107560 -0.448608 -0.057317
v -0.177733 -0.466683 -0.014191
v -0.112986 -0.530294 -0.057311
v -0.201158 -0.530294 -0.014164
v -0.151791 -0.637022 -0.014220
v -0.055514 -0.654113 -0.057376
v -0.106001 -0.744314 -0.014272
v -0.036951 -0.774482 -0.057397
v -0.091972 -0.910471 -0.014288
v -0.041365 -0.925466 -0.057392
v -0.091691 -1.117151 -0.014288
v -0.046343 -1.117151 -0.057386
v 0.086465 -1.139486 -0.083266
v 0.065164 -1.286115 -0.083242
v -0.005450 -1.167697 -0.083162
v -0.005450 -1.315455 -0.083162
v -0.076115 -1.286115 -0.083082
v -0.097416 -1.139486 -0.083058
v 0.079000 -0.834583 -0.057529
v 0.077096 -1.117151 -0.014480
v 0.029244 -1.117151 -0.057472
v 0.168503 -0.829210 -0.014583
v 0.119639 -0.689441 -0.014528
v 0.057085 -0.682810 -0.057504
v 0.039306 -0.544489 -0.057484
v 0.083187 -0.391917 -0.014487
v 0.039306 -0.544489 -0.057484
v 0.000060 -0.108874 -0.057439
v 0.061382 0.036145 -0.014462
v 0.000508 0.185206 -0.057440
v 0.094426 0.455178 -0.014499
v 0.063517 0.726045 -0.057511
v 0.128306 0.701496 -0.014538
v 0.231341 1.124247 -0.014655
v 0.172924 1.160475 -0.057635
v 0.282784 1.426484 -0.057760
v 0.436076 1.708873 -0.014887
v -0.041365 -0.925466 -0.057392
v 0.029244 -1.117151 -0.057472
v -0.046343 -1.117151 -0.057386
v 0.079000 -0.834583 -0.057529
v -0.036951 -0.774482 -0.057397
v 0.057085 -0.682810 -0.057504
v -0.055514 -0.654113 -0.057376
v 0.039306 -0.544489 -0.057484
v -0.112986 -0.530294 -0.057311
v -0.107560 -0.448608 -0.057317
v -0.096270 -0.201037 -0.057330
v 0.000060 -0.108874 -0.057439
v -0.114773 0.158515 -0.057309
v 0.000508 0.185206 -0.057440
v -0.076086 0.638259 -0.057353
v 0.063517 0.726045 -0.057511
v 0.006211 0.999125 -0.057446
v 0.172924 1.160475 -0.057635
v 0.073856 1.142696 -0.057523
v 0.141505 1.286267 -0.057599
v 0.282784 1.426484 -0.057760
v -0.005421 -1.503210 -0.057433
v 0.031147 -1.387017 -0.057474
v -0.005421 -1.503210 -0.057433
v 0.059657 -1.421875 -0.057507
v -0.042039 -1.387017 -0.057391
v -0.070494 -1.421875 -0.057359
v 0.065320 -1.286115 0.054292
v -0.005294 -1.167697 0.054372
v 0.086621 -1.139486 0.054268
v -0.005294 -1.315455 0.054372
v -0.075959 -1.286115 0.054452
v -0.097260 -1.139486 0.054476
v 0.083668 -2.345927 0.015132
v 0.101908 -2.299440 0.027413
v 0.132388 -2.296768 -0.014543
v 0.105047 -2.344060 -0.014512
v 0.083602 -2.345927 -0.043560
v 0.101813 -2.299440 -0.056445
v 0.067135 -1.336767 0.029687
v 0.123334 -1.405768 -0.058705
v 0.067035 -1.336767 -0.058641
v 0.123434 -1.405768 0.029623
v 0.119399 -2.398917 -0.079379
v 0.105047 -2.344060 -0.014512
v 0.153685 -2.395926 -0.014567
v 0.049588 -2.550946 -0.014449
v 0.119546 -2.398917 0.050323
v 0.049588 -2.550946 -0.014449
v 0.190215 -1.026357 0.053587
v 0.172137 -1.373090 -0.014588
v 0.212279 -0.999711 -0.014633
v 0.144873 -1.351801 0.053639
v 0.190060 -1.026357 -0.082820
v 0.144719 -1.351801 -0.082769
v 0.059276 -1.606169 -0.051364
v 0.072195 -1.553912 -0.044673
v 0.086096 -1.606169 -0.014490
v 0.072263 -1.553912 0.015708
v 0.059359 -1.606169 0.022428
v 0.048604 -1.767630 -0.043521
v 0.070049 -1.767166 -0.014472
v 0.072284 -1.928164 -0.014474
v 0.048670 -1.767630 0.015171
v 0.067814 -1.606169 -0.014469
v 0.064258 -2.104099 -0.043538
v 0.085703 -2.102696 -0.014490
v 0.099122 -2.277234 -0.014505
v 0.064324 -2.104099 0.015154
v 0.072284 -1.928164 -0.014474
v 0.064324 -2.104099 0.015154
v 0.123434 -1.405768 0.029623
v -0.005300 -1.543771 0.049339
v -0.005322 -1.566771 0.029769
v 0.100760 -1.411180 0.049219
v 0.123334 -1.405768 -0.058705
v -0.005443 -1.543771 -0.077566
v 0.100616 -1.411180 -0.077686
v -0.005422 -1.566771 -0.058559
v 0.123434 -1.405768 0.029623
v -0.005372 -1.567688 -0.014386
v 0.123334 -1.405768 -0.058705
v -0.005422 -1.566771 -0.058559
v -0.005322 -1.566771 0.029769
v 0.093150 -2.277748 -0.052511
v 0.101813 -2.299440 -0.056445
v 0.132388 -2.296768 -0.014543
v 0.120982 -2.275316 -0.014530
v 0.093236 -2.277748 0.023515
v 0.101908 -2.299440 0.027413
v -0.005372 -1.054327 -0.014386
v 0.212279 -0.999711 -0.014633
v 0.190060 -1.026357 -0.082820
v -0.005449 -1.088973 -0.082599
v 0.190215 -1.026357 0.053587
v -0.005295 -1.088973 0.053809
v -0.005372 -1.054327 -0.014386
v -0.201014 -1.026357 -0.082377
v -0.223074 -0.999711 -0.014140
v -0.005449 -1.088973 -0.082599
v -0.200859 -1.026357 0.054031
v -0.005295 -1.088973 0.053809
v -0.077774 -1.336767 0.029851
v 0.067135 -1.336767 0.029687
v 0.067035 -1.336767 -0.058641
v -0.077874 -1.336767 -0.058477
v -0.065007 -1.354356 0.049407
v 0.054356 -1.354356 0.049271
v 0.067135 -1.336767 0.029687
v -0.077774 -1.336767 0.029851
v -0.077874 -1.336767 -0.058477
v 0.067035 -1.336767 -0.058641
v 0.054213 -1.354356 -0.077633
v -0.065151 -1.354356 -0.077498
v 0.119399 -2.398917 -0.079379
v 0.105047 -2.344060 -0.014512
v 0.083602 -2.345927 -0.043560
v 0.119546 -2.398917 0.050323
v 0.083668 -2.345927 0.015132
v 0.072195 -1.553912 -0.044673
v 0.072263 -1.553912 0.015708
v -0.005337 -1.543005 0.016359
v -0.005324 -1.553912 0.028097
v -0.005407 -1.543005 -0.045131
v -0.005420 -1.553912 -0.056887
v -0.083058 -1.553912 -0.044497
v -0.082989 -1.553912 0.015884
v -0.005337 -1.543005 0.016359
v -0.005324 -1.553912 0.028097
v 0.026157 -2.283613 -0.068098
v 0.077732 -2.279101 -0.043554
v 0.093150 -2.277748 -0.052511
v 0.026171 -2.283613 -0.055797
v 0.099122 -2.277234 -0.014505
v 0.120982 -2.275316 -0.014530
v 0.028243 -2.305887 0.044831
v 0.083668 -2.345927 0.015132
v 0.101908 -2.299440 0.027413
v 0.032079 -2.350445 0.026946
v -0.019538 -2.354962 0.015249
v -0.045521 -2.312338 0.027580
v 0.028243 -2.305887 0.044831
v 0.032079 -2.350445 0.026946
v -0.005295 -1.088973 0.053809
v 0.147988 -1.083282 0.088305
v 0.190215 -1.026357 0.053587
v -0.005255 -1.130300 0.088478
v -0.005295 -1.088973 0.053809
v -0.200859 -1.026357 0.054031
v -0.158494 -1.083282 0.088652
v -0.005255 -1.130300 0.088478
v 0.065320 -1.285181 0.054292
v -0.005294 -1.314522 0.054372
v -0.005255 -1.376562 0.088478
v 0.112432 -1.327665 0.088345
v -0.075959 -1.285181 0.054452
v -0.005255 -1.376562 0.088478
v -0.005294 -1.314522 0.054372
v -0.122993 -1.327665 0.088612
v -0.077774 -1.336767 0.029851
v -0.111410 -1.411180 0.049459
v -0.065007 -1.354356 0.049407
v -0.134133 -1.405768 0.029915
v 0.123434 -1.405768 0.029623
v 0.067135 -1.336767 0.029687
v 0.100760 -1.411180 0.049219
v 0.054356 -1.354356 0.049271
v 0.074187 -1.464706 -0.014477
v 0.104377 -1.553912 -0.014511
v 0.050897 -1.490356 0.007355
v 0.072263 -1.553912 0.015708
v -0.005337 -1.543005 0.016359
v -0.115172 -1.553912 -0.014262
v -0.084981 -1.464706 -0.014296
v -0.061642 -1.490356 0.007482
v -0.082989 -1.553912 0.015884
v -0.005337 -1.543005 0.016359
v -0.155518 -1.351801 0.053979
v -0.158494 -1.083282 0.088652
v -0.200859 -1.026357 0.054031
v -0.122993 -1.327665 0.088612
v -0.019538 -2.354962 0.015249
v 0.037002 -2.406140 0.077255
v 0.032079 -2.350445 0.026946
v -0.045551 -2.413363 0.050511
v 0.049588 -2.550946 -0.014449
v 0.144873 -1.351801 0.053639
v 0.190215 -1.026357 0.053587
v 0.147988 -1.083282 0.088305
v 0.112432 -1.327665 0.088345
v -0.005300 -1.543771 0.049339
v 0.100760 -1.411180 0.049219
v 0.059699 -1.420942 0.028586
v -0.005323 -1.502276 0.028660
v 0.032079 -2.350445 0.026946
v 0.037002 -2.406140 0.077255
v 0.083668 -2.345927 0.015132
v 0.119546 -2.398917 0.050323
v 0.049588 -2.550946 -0.014449
v -0.005300 -1.543771 0.049339
v -0.070396 -1.420942 0.028734
v -0.111410 -1.411180 0.049459
v -0.005323 -1.502276 0.028660
v -0.096890 -1.606169 -0.014283
v -0.115172 -1.553912 -0.014262
v -0.082989 -1.553912 0.015884
v 0.086096 -1.606169 -0.014490
v -0.070015 -1.606169 0.022574
v -0.005324 -1.553912 0.028097
v -0.005313 -1.606169 0.037600
v 0.104377 -1.553912 -0.014511
v 0.072263 -1.553912 0.015708
v 0.059359 -1.606169 0.022428
v -0.005324 -1.553912 0.028097
v -0.005313 -1.606169 0.037600
v 0.112432 -1.327665 0.088345
v 0.147988 -1.083282 0.088305
v 0.086621 -1.138552 0.054268
v 0.065320 -1.285181 0.054292
v 0.012735 -2.107482 0.026968
v -0.000740 -1.931350 0.026983
v -0.038881 -2.110864 0.015271
v 0.026265 -2.283613 0.026952
v -0.122993 -1.327665 0.088612
v -0.097260 -1.138552 0.054476
v -0.158494 -1.083282 0.088652
v -0.075959 -1.285181 0.054452
v -0.003030 -1.768760 0.026986
v -0.005325 -1.606169 0.026988
v -0.054757 -1.769889 0.015289
v -0.000740 -1.931350 0.026983
v 0.048670 -1.767630 0.015171
v -0.003030 -1.768760 0.026986
v -0.000740 -1.931350 0.026983
v -0.005325 -1.606169 0.026988
v 0.064324 -2.104099 0.015154
v 0.012735 -2.107482 0.026968
v 0.026265 -2.283613 0.026952
v -0.000740 -1.931350 0.026983
v 0.054356 -1.354356 0.049271
v 0.059699 -1.420942 0.028586
v 0.100760 -1.411180 0.049219
v 0.031244 -1.386083 0.028619
v -0.065007 -1.354356 0.049407
v -0.111410 -1.411180 0.049459
v -0.070396 -1.420942 0.028734
v -0.041942 -1.386083 0.028702
v -0.005295 -1.416916 0.053809
v -0.122993 -1.327665 0.088612
v -0.155518 -1.351801 0.053979
v -0.005255 -1.376562 0.088478
v -0.005295 -1.416916 0.053809
v 0.112432 -1.327665 0.088345
v -0.005255 -1.376562 0.088478
v 0.144873 -1.351801 0.053639
v 0.054356 -1.354356 0.049271
v -0.065007 -1.354356 0.049407
v -0.041942 -1.386083 0.028702
v 0.031244 -1.386083 0.028619
v -0.005255 -1.130300 0.088478
v -0.158494 -1.083282 0.088652
v -0.097260 -1.138552 0.054476
v -0.005294 -1.166763 0.054372
v -0.005255 -1.130300 0.088478
v 0.086621 -1.138552 0.054268
v 0.147988 -1.083282 0.088305
v -0.005294 -1.166763 0.054372
v -0.040770 -2.289472 0.023667
v -0.045521 -2.312338 0.027580
v 0.028243 -2.305887 0.044831
v 0.026279 -2.283613 0.039800
v 0.093236 -2.277748 0.023515
v 0.101908 -2.299440 0.027413
v 0.028243 -2.305887 0.044831
v 0.026279 -2.283613 0.039800
v -0.019604 -2.354962 -0.043443
v -0.045617 -2.312338 -0.056278
v -0.076092 -2.315011 -0.014306
v -0.040928 -2.356829 -0.014346
v -0.019538 -2.354962 0.015249
v -0.045521 -2.312338 0.027580
v -0.077874 -1.336767 -0.058477
v -0.134133 -1.405768 0.029915
v -0.077774 -1.336767 0.029851
v -0.134233 -1.405768 -0.058413
v -0.019604 -2.354962 -0.043443
v -0.079837 -2.416354 -0.014302
v -0.040928 -2.356829 -0.014346
v -0.019538 -2.354962 0.015249
v -0.045698 -2.413363 -0.079192
v 0.049588 -2.550946 -0.014449
v -0.045551 -2.413363 0.050511
v 0.049588 -2.550946 -0.014449
v -0.201014 -1.026357 -0.082377
v -0.182932 -1.373090 -0.014185
v -0.223074 -0.999711 -0.014140
v -0.155673 -1.351801 -0.082428
v -0.200859 -1.026357 0.054031
v -0.155518 -1.351801 0.053979
v -0.038881 -2.110864 0.015271
v -0.060272 -2.112267 -0.014324
v -0.046687 -2.289992 -0.014339
v -0.038948 -2.110864 -0.043421
v -0.073802 -1.934543 -0.014309
v -0.070099 -1.606169 -0.051217
v -0.083058 -1.553912 -0.044497
v -0.096890 -1.606169 -0.014283
v -0.082989 -1.553912 0.015884
v -0.070015 -1.606169 0.022574
v -0.054757 -1.769889 0.015289
v -0.076203 -1.770353 -0.014306
v -0.073802 -1.934543 -0.014309
v -0.054824 -1.769889 -0.043403
v -0.078609 -1.606169 -0.014303
v -0.134133 -1.405768 0.029915
v -0.005300 -1.543771 0.049339
v -0.111410 -1.411180 0.049459
v -0.005322 -1.566771 0.029769
v -0.134233 -1.405768 -0.058413
v -0.005443 -1.543771 -0.077566
v -0.005422 -1.566771 -0.058559
v -0.111554 -1.411180 -0.077445
v -0.134233 -1.405768 -0.058413
v -0.005372 -1.567688 -0.014386
v -0.134133 -1.405768 0.029915
v -0.005322 -1.566771 0.029769
v -0.005422 -1.566771 -0.058559
v -0.076092 -2.315011 -0.014306
v -0.040770 -2.289472 0.023667
v -0.068602 -2.291904 -0.014315
v -0.040856 -2.289472 -0.052359
v -0.045521 -2.312338 0.027580
v -0.045617 -2.312338 -0.056278
v 0.059359 -1.606169 0.022428
v 0.067814 -1.606169 -0.014469
v 0.086096 -1.606169 -0.014490
v 0.059276 -1.606169 -0.051364
v 0.046380 -1.606169 0.015174
v -0.005313 -1.606169 0.037600
v -0.005325 -1.606169 0.026988
v 0.046313 -1.606169 -0.043518
v -0.005431 -1.606169 -0.066390
v -0.005419 -1.606169 -0.055761
v -0.057174 -1.606169 -0.043401
v -0.070099 -1.606169 -0.051217
v -0.078609 -1.606169 -0.014303
v -0.096890 -1.606169 -0.014283
v -0.070015 -1.606169 0.022574
v -0.057107 -1.606169 0.015291
v -0.005313 -1.606169 0.037600
v -0.005325 -1.606169 0.026988
v -0.155673 -1.351801 -0.082428
v -0.005449 -1.416916 -0.082599
v -0.005372 -1.451562 -0.014386
v -0.182932 -1.373090 -0.014185
v -0.155518 -1.351801 0.053979
v -0.005295 -1.416916 0.053809
v 0.144719 -1.351801 -0.082769
v -0.005372 -1.451562 -0.014386
v -0.005449 -1.416916 -0.082599
v 0.172137 -1.373090 -0.014588
v 0.144873 -1.351801 0.053639
v -0.005295 -1.416916 0.053809
v 0.083602 -2.345927 -0.043560
v 0.101813 -2.299440 -0.056445
v 0.028108 -2.305887 -0.073696
v 0.031985 -2.350445 -0.055803
v -0.019604 -2.354962 -0.043443
v -0.045617 -2.312338 -0.056278
v -0.005449 -1.088973 -0.082599
v 0.190060 -1.026357 -0.082820
v 0.147755 -1.083282 -0.117442
v -0.005488 -1.130300 -0.117268
v -0.005449 -1.088973 -0.082599
v -0.158728 -1.083282 -0.117094
v -0.201014 -1.026357 -0.082377
v -0.005488 -1.130300 -0.117268
v 0.065164 -1.285181 -0.083242
v -0.005488 -1.376562 -0.117268
v -0.005450 -1.314522 -0.083162
v 0.112198 -1.327665 -0.117401
v -0.076115 -1.285181 -0.083082
v -0.005450 -1.314522 -0.083162
v -0.005488 -1.376562 -0.117268
v -0.123227 -1.327665 -0.117135
v -0.134233 -1.405768 -0.058413
v -0.077874 -1.336767 -0.058477
v -0.111554 -1.411180 -0.077445
v -0.065151 -1.354356 -0.077498
v 0.067035 -1.336767 -0.058641
v 0.100616 -1.411180 -0.077686
v 0.054213 -1.354356 -0.077633
v 0.123334 -1.405768 -0.058705
v 0.074187 -1.464706 -0.014477
v 0.104377 -1.553912 -0.014511
v 0.050847 -1.490356 -0.036255
v 0.072195 -1.553912 -0.044673
v -0.005407 -1.543005 -0.045131
v 0.050847 -1.490356 -0.036255
v -0.083058 -1.553912 -0.044497
v -0.061691 -1.490356 -0.036127
v -0.115172 -1.553912 -0.014262
v -0.084981 -1.464706 -0.014296
v -0.155673 -1.351801 -0.082428
v -0.201014 -1.026357 -0.082377
v -0.158728 -1.083282 -0.117094
v -0.123227 -1.327665 -0.117135
v 0.144719 -1.351801 -0.082769
v 0.147755 -1.083282 -0.117442
v 0.190060 -1.026357 -0.082820
v 0.112198 -1.327665 -0.117401
v -0.045698 -2.413363 -0.079192
v 0.036795 -2.406140 -0.105560
v 0.049588 -2.550946 -0.014449
v -0.019604 -2.354962 -0.043443
v 0.031985 -2.350445 -0.055803
v 0.083602 -2.345927 -0.043560
v 0.119399 -2.398917 -0.079379
v 0.049588 -2.550946 -0.014449
v -0.005443 -1.543771 -0.077566
v 0.059601 -1.420942 -0.057507
v 0.100616 -1.411180 -0.077686
v -0.005421 -1.502276 -0.057433
v -0.005443 -1.543771 -0.077566
v -0.111554 -1.411180 -0.077445
v -0.070494 -1.420942 -0.057359
v -0.005421 -1.502276 -0.057433
v -0.005420 -1.553912 -0.056887
v -0.070099 -1.606169 -0.051217
v -0.083058 -1.553912 -0.044497
v -0.005431 -1.606169 -0.066390
v -0.096890 -1.606169 -0.014283
v 0.059276 -1.606169 -0.051364
v -0.115172 -1.553912 -0.014262
v 0.072195 -1.553912 -0.044673
v 0.086096 -1.606169 -0.014490
v 0.104377 -1.553912 -0.014511
v 0.112198 -1.327665 -0.117401
v 0.086465 -1.138552 -0.083266
v 0.147755 -1.083282 -0.117442
v 0.065164 -1.285181 -0.083242
v -0.123227 -1.327665 -0.117135
v -0.158728 -1.083282 -0.117094
v -0.097416 -1.138552 -0.083058
v -0.076115 -1.285181 -0.083082
v -0.054824 -1.769889 -0.043403
v -0.003124 -1.768760 -0.055763
v -0.000833 -1.931350 -0.055766
v 0.048604 -1.767630 -0.043521
v -0.005419 -1.606169 -0.055761
v -0.038948 -2.110864 -0.043421
v 0.012641 -2.107482 -0.055781
v 0.026171 -2.283613 -0.055797
v 0.064258 -2.104099 -0.043538
v -0.000833 -1.931350 -0.055766
v 0.054213 -1.354356 -0.077633
v 0.100616 -1.411180 -0.077686
v 0.059601 -1.420942 -0.057507
v 0.031147 -1.386083 -0.057474
v -0.065151 -1.354356 -0.077498
v -0.070494 -1.420942 -0.057359
v -0.111554 -1.411180 -0.077445
v -0.042039 -1.386083 -0.057391
v -0.123227 -1.327665 -0.117135
v -0.005488 -1.376562 -0.117268
v -0.005449 -1.416916 -0.082599
v -0.155673 -1.351801 -0.082428
v 0.112198 -1.327665 -0.117401
v -0.005449 -1.416916 -0.082599
v -0.005488 -1.376562 -0.117268
v 0.144719 -1.351801 -0.082769
v -0.065151 -1.354356 -0.077498
v 0.054213 -1.354356 -0.077633
v 0.031147 -1.386083 -0.057474
v -0.042039 -1.386083 -0.057391
v -0.005488 -1.130300 -0.117268
v -0.097416 -1.138552 -0.083058
v -0.158728 -1.083282 -0.117094
v -0.005450 -1.166763 -0.083162
v -0.005488 -1.130300 -0.117268
v 0.147755 -1.083282 -0.117442
v 0.086465 -1.138552 -0.083266
v -0.005450 -1.166763 -0.083162
v -0.040856 -2.289472 -0.052359
v -0.045617 -2.312338 -0.056278
v 0.028108 -2.305887 -0.073696
v 0.026157 -2.283613 -0.068098
v 0.093150 -2.277748 -0.052511
v 0.101813 -2.299440 -0.056445
vn 0.4553 0.0394 -0.8895
vn 0.4863 0.0393 -0.8729
vn 0.8034 0.0631 -0.5921
vn 0.4555 0.0236 -0.8899
vn 0.4926 0.0079 -0.8702
vn 0.8044 0.0395 -0.5928
vn 0.4897 0.0396 -0.8710
vn 0.4556 0.0078 -0.8901
vn 0.8077 0.0079 -0.5896
vn 0.4866 0.0079 -0.8736
vn 0.4883 0.0393 0.8718
vn 0.4573 0.0393 0.8884
vn 0.8047 0.0631 0.5903
vn 0.4946 0.0078 0.8691
vn 0.4575 0.0236 0.8889
vn 0.8057 0.0395 0.5910
vn 0.4916 0.0396 0.8699
vn 0.8090 0.0078 0.5877
vn 0.4576 0.0078 0.8891
vn 0.4887 0.0079 0.8724
vn -0.0863 0.9963 0.0001
vn -0.0864 0.9963 0.0001
vn -0.0866 0.9962 0.0001
vn -0.0865 0.9963 0.0001
vn -0.2266 -0.0000 0.9740
vn -0.4618 -0.0078 0.8870
vn -0.4866 -0.0079 0.8736
vn 0.4573 0.0393 0.8885
vn 0.4882 0.0393 0.8718
vn 0.2288 0.0157 0.9734
vn -0.4649 -0.0237 0.8850
vn -0.2266 -0.0079 0.9740
vn -0.4863 -0.0393 0.8729
vn 0.2288 0.0079 0.9734
vn 0.4916 0.0395 0.8699
vn -0.4862 -0.0393 0.8730
vn -0.4616 -0.0314 0.8866
vn -0.2266 -0.0157 0.9739
vn 0.4576 0.0079 0.8891
vn 0.2289 -0.0000 0.9735
vn 0.4886 0.0079 0.8725
vn -0.8090 -0.0157 -0.5876
vn -0.4639 -0.0078 -0.8859
vn -0.4886 -0.0078 -0.8725
vn -0.4886 -0.0079 -0.8724
vn -0.4669 -0.0237 -0.8840
vn -0.8057 -0.0395 -0.5910
vn -0.4883 -0.0393 -0.8718
vn -0.4636 -0.0314 -0.8855
vn -0.8047 -0.0630 -0.5903
vn -0.4618 -0.0079 0.8869
vn -0.8076 -0.0157 0.5895
vn -0.4867 -0.0079 0.8735
vn -0.4867 -0.0079 0.8736
vn -0.8044 -0.0394 0.5928
vn -0.4650 -0.0237 0.8850
vn -0.4616 -0.0314 0.8865
vn -0.8034 -0.0631 0.5921
vn -0.4638 -0.0078 -0.8859
vn -0.2288 -0.0000 -0.9735
vn -0.4886 -0.0079 -0.8725
vn 0.4552 0.0393 -0.8895
vn 0.2266 0.0157 -0.9739
vn -0.2288 -0.0079 -0.9734
vn -0.4882 -0.0393 -0.8718
vn 0.4926 0.0078 -0.8702
vn 0.2266 0.0078 -0.9740
vn 0.4896 0.0395 -0.8711
vn -0.2288 -0.0157 -0.9733
vn 0.2266 -0.0000 -0.9740
vn 0.4556 0.0079 -0.8902
vn -0.6228 -0.0079 0.7823
vn -0.6659 0.0078 0.7460
vn -0.6315 -0.0000 0.7754
vn -0.5490 -0.0628 0.8334
vn -0.5216 -0.0950 0.8479
vn -0.4657 -0.1582 0.8707
vn -0.4482 -0.1813 0.8753
vn -0.4547 -0.0629 0.8884
vn -0.4645 -0.0473 0.8843
vn -0.4950 0.0630 0.8666
vn -0.5014 0.0471 0.8640
vn -0.5019 -0.0078 0.8649
vn -0.5019 -0.0000 0.8649
vn -0.4773 -0.0000 0.8787
vn -0.4712 -0.0000 0.8820
vn -0.4392 0.0550 0.8967
vn -0.4326 0.0631 0.8994
vn -0.4011 0.1262 0.9073
vn -0.3945 0.1266 0.9101
vn -0.3683 0.1808 0.9120
vn -0.3524 0.2120 0.9115
vn -0.3292 0.2437 0.9123
vn -0.2751 0.2682 0.9233
vn -0.2579 0.2747 0.9263
vn 0.0011 -0.0000 1.0000
vn 0.5461 -0.1659 0.8211
vn 0.5681 -0.2127 0.7950
vn 0.5509 -0.1728 0.8165
vn 0.5380 -0.1027 0.8366
vn 0.5440 -0.0945 0.8337
vn 0.5509 -0.0629 0.8322
vn 0.5370 -0.0315 0.8430
vn 0.5428 -0.0157 0.8397
vn 0.5608 0.0315 0.8274
vn 0.5658 0.0471 0.8232
vn 0.5690 0.0631 0.8199
vn 0.5197 0.1022 0.8482
vn 0.5349 0.0942 0.8396
vn 0.5131 -0.0079 0.8583
vn 0.5131 -0.0000 0.8583
vn 0.5304 -0.1343 0.8370
vn 0.0011 0.0001 1.0000
vn -0.0011 -0.0000 -1.0000
vn -1.0000 -0.0000 0.0011
vn 0.0012 -0.0000 1.0000
vn 1.0000 -0.0000 -0.0011
vn -0.0000 -1.0000 -0.0000
vn -0.2771 0.2682 -0.9226
vn -0.2600 0.2747 -0.9257
vn -0.3312 0.2437 -0.9115
vn -0.3545 0.2121 -0.9107
vn -0.3704 0.1807 -0.9111
vn -0.4032 0.1262 -0.9064
vn -0.3965 0.1266 -0.9092
vn -0.4347 0.0631 -0.8984
vn -0.4412 0.0550 -0.8957
vn -0.4793 -0.0000 -0.8777
vn -0.4732 -0.0000 -0.8810
vn -0.5038 -0.0078 -0.8638
vn -0.5039 -0.0000 -0.8638
vn -0.5033 0.0471 -0.8628
vn -0.4970 0.0630 -0.8655
vn -0.4567 -0.0629 -0.8874
vn -0.4665 -0.0473 -0.8832
vn -0.4502 -0.1813 -0.8743
vn -0.4677 -0.1582 -0.8696
vn -0.5236 -0.0950 -0.8467
vn -0.5509 -0.0628 -0.8322
vn -0.6246 -0.0079 -0.7809
vn -0.6333 -0.0000 -0.7739
vn -0.6676 0.0078 -0.7445
vn -0.6676 0.0079 -0.7444
vn 0.5112 -0.0079 -0.8594
vn 0.5285 -0.1343 -0.8382
vn 0.5112 -0.0000 -0.8595
vn 0.5178 0.1022 -0.8494
vn 0.5331 0.0942 -0.8408
vn 0.5671 0.0631 -0.8212
vn 0.5640 0.0471 -0.8245
vn 0.5589 0.0315 -0.8286
vn 0.5640 0.0471 -0.8244
vn 0.5409 -0.0157 -0.8409
vn 0.5351 -0.0315 -0.8442
vn 0.5490 -0.0629 -0.8334
vn 0.5361 -0.1027 -0.8379
vn 0.5422 -0.0945 -0.8349
vn 0.5443 -0.1659 -0.8223
vn 0.5490 -0.1728 -0.8177
vn 0.5663 -0.2127 -0.7963
vn -0.0011 0.0001 -1.0000
vn -0.0011 0.0002 -1.0000
vn -0.0011 -0.0001 -1.0000
vn 0.4903 -0.4026 0.7730
vn 0.8643 -0.5029 -0.0010
vn 0.5599 -0.4173 0.7158
vn 0.8644 -0.5029 -0.0010
vn 0.4886 -0.4026 -0.7741
vn 0.5583 -0.4173 -0.7171
vn 0.7748 0.6322 -0.0009
vn 0.7747 0.6323 -0.0009
vn 0.7749 0.6321 -0.0009
vn 0.8712 0.0549 -0.4879
vn 0.6992 0.7149 -0.0008
vn 0.9955 0.0948 -0.0011
vn 0.8284 -0.5601 -0.0010
vn 0.8723 0.0549 0.4859
vn 0.8284 -0.5602 -0.0009
vn 0.9368 -0.1180 0.3294
vn 0.9930 -0.1182 -0.0011
vn 0.9368 -0.1180 0.3295
vn 0.9360 -0.1180 -0.3315
vn 0.9360 -0.1180 -0.3316
vn 0.5402 -0.0549 -0.8397
vn 0.9715 -0.2369 -0.0011
vn 0.4462 -0.0000 -0.8949
vn 0.9715 -0.2370 -0.0011
vn 0.5421 -0.0549 0.8385
vn 0.4482 -0.0000 0.8939
vn 0.9999 0.0158 -0.0011
vn 0.9999 0.0157 -0.0011
vn 0.8091 0.0079 0.5877
vn 0.9969 0.0785 -0.0011
vn 0.6278 -0.5017 0.5951
vn 0.6265 -0.5017 -0.5965
vn 0.7816 -0.6237 -0.0009
vn 0.7817 -0.6236 -0.0009
vn 0.4708 0.3302 -0.8181
vn 0.8815 0.4722 -0.0010
vn 0.5194 0.3469 -0.7810
vn 0.4726 0.3302 0.8171
vn 0.5212 0.3469 0.7798
vn -0.2758 0.9612 0.0003
vn -0.2523 0.8975 -0.3618
vn -0.2523 0.8974 -0.3619
vn -0.2515 0.8974 0.3624
vn 0.2758 0.9612 -0.0003
vn 0.2515 0.8974 -0.3624
vn 0.2757 0.9612 -0.0003
vn 0.2523 0.8974 0.3618
vn 0.2523 0.8974 0.3619
vn -0.0000 1.0000 -0.0000
vn 0.0008 0.7418 0.6707
vn 0.0008 0.7417 0.6707
vn -0.0008 0.7417 -0.6707
vn 0.8711 0.0549 -0.4880
vn 0.6368 0.6530 -0.4099
vn 0.6377 0.6531 0.4084
vn 0.3804 0.2688 0.8849
vn 0.0011 0.2684 0.9633
vn -0.0011 0.2684 -0.9633
vn 0.3784 0.2687 -0.8858
vn -0.3804 0.2687 -0.8849
vn -0.3785 0.2688 0.8857
vn 0.0326 -0.3698 0.9285
vn 0.4902 -0.4026 0.7731
vn 0.5598 -0.4173 0.7159
vn -0.4098 -0.4818 0.7746
vn 0.0325 -0.3698 0.9285
vn -0.4799 -0.5044 0.7178
vn 0.0325 -0.3699 0.9285
vn -0.1961 0.6144 0.7643
vn -0.1960 0.6144 0.7643
vn 0.1978 0.6144 0.7638
vn 0.1977 0.6144 0.7638
vn -0.1954 0.4635 0.8643
vn -0.1953 0.4635 0.8643
vn 0.1974 0.4635 0.8639
vn -0.5280 0.4262 0.7346
vn 0.5296 0.4262 0.7334
vn 0.4200 0.2609 0.8692
vn 0.9263 0.3768 -0.0011
vn -0.9263 0.3768 0.0010
vn -0.4180 0.2609 0.8702
vn -0.3784 0.2688 0.8858
vn 0.0011 0.2685 0.9633
vn -0.6952 -0.0949 0.7126
vn -0.6951 -0.0949 0.7126
vn -0.2670 0.6066 0.7488
vn -0.0068 0.0629 0.9980
vn -0.0545 0.6400 0.7665
vn -0.2979 0.0630 0.9525
vn 0.0481 -0.5266 0.8488
vn 0.6968 -0.0949 0.7110
vn -0.4795 0.3859 0.7881
vn -0.0544 0.6400 0.7665
vn -0.0067 0.0629 0.9980
vn 0.1582 0.6453 0.7474
vn 0.2843 0.1180 0.9515
vn 0.0482 -0.5266 0.8488
vn 0.4813 0.3859 0.7870
vn -0.9715 -0.2370 0.0010
vn -0.9715 -0.2369 0.0011
vn -0.5402 -0.0549 0.8397
vn -0.5402 -0.0548 0.8398
vn -0.4461 -0.0000 0.8950
vn 0.0011 0.1260 0.9920
vn 0.9715 -0.2369 -0.0012
vn 0.0012 0.1260 0.9920
vn -0.5338 0.0786 0.8420
vn -0.5337 0.0786 0.8420
vn 0.5356 0.0786 0.8408
vn 0.2288 -0.0000 0.9735
vn 0.2288 0.0157 0.9733
vn -0.3615 -0.2994 0.8830
vn -0.3615 -0.2995 0.8830
vn 0.3635 -0.2994 0.8822
vn 0.3635 -0.2995 0.8821
vn -0.2678 -0.6321 0.7272
vn -0.2678 -0.6320 0.7272
vn 0.2695 -0.6320 0.7266
vn 0.2695 -0.6321 0.7266
vn 0.2694 -0.6321 0.7266
vn 0.0010 -0.5364 0.8440
vn -0.2046 -0.6638 0.7194
vn -0.2047 -0.6638 0.7194
vn 0.2063 -0.6638 0.7189
vn -0.0227 0.2369 0.9713
vn -0.5187 0.2441 0.8194
vn -0.5734 0.2518 0.7796
vn -0.0226 0.2369 0.9713
vn -0.0225 0.2369 0.9713
vn 0.5211 0.3468 0.7798
vn -0.4816 -0.5045 -0.7166
vn -0.4116 -0.4818 -0.7736
vn -0.7637 -0.6455 0.0008
vn -0.7637 -0.6456 0.0009
vn -0.4099 -0.4818 0.7745
vn -0.4800 -0.5044 0.7177
vn -0.7745 0.6326 0.0009
vn -0.7747 0.6323 0.0009
vn -0.7746 0.6325 0.0009
vn -0.7744 0.6327 0.0009
vn -0.7429 0.5292 -0.4099
vn -0.9969 -0.0785 0.0011
vn -0.8121 0.5835 0.0009
vn -0.7420 0.5292 0.4116
vn -0.8671 -0.1024 -0.4874
vn -0.7226 -0.6912 0.0008
vn -0.8660 -0.1024 0.4894
vn -0.9368 -0.1180 -0.3294
vn -0.9930 -0.1182 0.0011
vn -0.9368 -0.1180 -0.3295
vn -0.9360 -0.1180 0.3315
vn -0.9360 -0.1180 0.3316
vn -0.8047 -0.0631 -0.5903
vn -0.5421 -0.0549 -0.8385
vn -0.4482 -0.0000 -0.8939
vn -0.9715 -0.2370 0.0011
vn -0.4462 -0.0000 0.8949
vn -0.8077 -0.0079 0.5895
vn -0.9999 -0.0157 0.0011
vn -0.9999 -0.0158 0.0011
vn -0.8090 -0.0079 -0.5877
vn -0.6265 -0.5017 0.5965
vn -0.6278 -0.5017 -0.5951
vn -0.7816 -0.6237 0.0009
vn -0.7816 -0.6238 0.0009
vn -0.7817 -0.6237 0.0009
vn -0.9518 0.3068 0.0011
vn -0.5206 0.2441 -0.8182
vn -0.5735 0.2518 0.7796
vn -0.5753 0.2518 -0.7782
vn -0.3623 -0.8338 -0.4165
vn -0.4025 -0.9154 0.0005
vn -0.3614 -0.8338 0.4173
vn -0.3614 -0.8338 0.4174
vn 0.3614 -0.8338 -0.4173
vn 0.4025 -0.9154 -0.0005
vn 0.3623 -0.8338 0.4165
vn 0.5582 -0.4173 -0.7172
vn 0.4885 -0.4026 -0.7742
vn 0.0304 -0.3699 -0.9286
vn -0.4816 -0.5044 -0.7167
vn -0.1978 0.6144 -0.7638
vn 0.1960 0.6144 -0.7642
vn 0.1961 0.6144 -0.7643
vn -0.1974 0.4634 -0.8639
vn -0.1974 0.4635 -0.8639
vn -0.1974 0.4635 -0.8638
vn 0.1954 0.4635 -0.8643
vn -0.5296 0.4262 -0.7334
vn 0.5279 0.4262 -0.7346
vn 0.5280 0.4262 -0.7346
vn 0.9263 0.3768 -0.0010
vn 0.4181 0.2609 -0.8701
vn 0.3785 0.2687 -0.8857
vn 0.4180 0.2609 -0.8702
vn 0.3784 0.2688 -0.8858
vn -0.3804 0.2688 -0.8849
vn -0.4200 0.2609 -0.8692
vn -0.9263 0.3768 0.0011
vn -0.6968 -0.0949 -0.7110
vn 0.6952 -0.0949 -0.7126
vn 0.6951 -0.0949 -0.7126
vn -0.3001 0.0629 -0.9518
vn -0.0090 0.0629 -0.9980
vn 0.0462 -0.5266 -0.8489
vn -0.2687 0.6067 -0.7482
vn -0.0562 0.6400 -0.7663
vn 0.1565 0.6453 -0.7477
vn 0.2821 0.1180 -0.9521
vn 0.0463 -0.5266 -0.8489
vn -0.4813 0.3859 -0.7870
vn 0.4795 0.3859 -0.7881
vn -0.0011 0.1260 -0.9920
vn -0.5421 -0.0549 -0.8386
vn 0.4462 -0.0000 -0.8950
vn -0.9715 -0.2369 0.0012
vn 0.5402 -0.0549 -0.8398
vn 0.9715 -0.2370 -0.0010
vn -0.5357 0.0786 -0.8408
vn -0.5356 0.0786 -0.8408
vn -0.5357 0.0786 -0.8407
vn 0.5337 0.0786 -0.8420
vn 0.5338 0.0786 -0.8420
vn -0.0012 -0.0000 -1.0000
vn -0.3635 -0.2994 -0.8822
vn 0.3615 -0.2994 -0.8830
vn 0.3615 -0.2995 -0.8830
vn -0.2695 -0.6321 -0.7265
vn -0.2694 -0.6320 -0.7266
vn -0.2694 -0.6321 -0.7266
vn -0.2695 -0.6321 -0.7266
vn 0.2678 -0.6321 -0.7272
vn -0.0010 -0.5362 -0.8441
vn -0.0010 -0.5363 -0.8440
vn -0.0010 -0.5365 -0.8439
vn -0.2063 -0.6638 -0.7189
vn 0.2046 -0.6638 -0.7194
vn -0.5205 0.2440 -0.8182
vn -0.0248 0.2369 -0.9712
vn -0.5752 0.2518 -0.7783
vn 0.4707 0.3302 -0.8181
vn 0.5194 0.3468 -0.7810
vt -0.878347 1.691030
vt -0.878347 1.730160
vt -0.884907 1.691450
vt -0.878347 1.769280
vt -0.878347 1.805390
vt -0.884907 1.769490
vt -0.878347 1.841490
vt -0.884907 1.841490
vt -0.891468 1.730160
vt -0.891468 1.691030
vt -0.891468 1.805390
vt -0.891468 1.769280
vt -0.891468 1.841490
vt -0.897552 1.771390
vt -0.907218 1.764830
vt -0.902327 1.764830
vt -0.901010 1.773360
vt -0.886025 1.774100
vt -0.886025 1.776890
vt -0.864833 1.764830
vt -0.874498 1.758270
vt -0.871040 1.756300
vt -0.886025 1.755550
vt -0.886025 1.752760
vt -0.869724 1.764830
vt -0.874498 1.771390
vt -0.871040 1.773360
vt -0.890854 1.841490
vt -0.902425 1.841490
vt -0.901898 1.804880
vt -0.872262 1.691030
vt -0.875268 1.730160
vt -0.883789 1.690020
vt -0.901370 1.768280
vt -0.889822 1.768780
vt -0.898343 1.728640
vt -0.878273 1.769280
vt -0.878778 1.805390
vt -0.895316 1.689010
vt -0.879283 1.841490
vt -0.891468 1.804880
vt -0.891468 1.768280
vt -0.884907 1.768070
vt -0.891468 1.728640
vt -0.891468 1.689010
vt -0.884907 1.688590
vt -0.878347 1.804880
vt -0.878347 1.768280
vt -0.878347 1.728640
vt -0.878347 1.689010
vt -0.867390 1.841490
vt -0.878961 1.841490
vt -0.867917 1.804880
vt -0.894547 1.730160
vt -0.897552 1.691030
vt -0.886025 1.690020
vt -0.868444 1.768280
vt -0.879993 1.768780
vt -0.871471 1.728640
vt -0.891037 1.805390
vt -0.891542 1.769280
vt -0.874498 1.689010
vt -0.890532 1.841490
vt 2.817990 -0.148884
vt 2.818060 -0.195094
vt 2.829320 -0.152237
vt 2.828210 -0.195094
vt 2.830310 -0.118479
vt 2.814850 -0.111733
vt 2.826150 -0.091567
vt 2.804620 -0.087746
vt 2.813310 -0.063883
vt 2.793580 -0.063883
vt 2.798820 -0.049660
vt 2.814520 -0.045619
vt 2.800320 0.010845
vt 2.817040 0.009734
vt 2.812900 0.090123
vt 2.795890 0.091368
vt 2.800880 0.194873
vt 2.821560 0.197386
vt 2.819860 0.283026
vt 2.839960 0.278069
vt 2.855080 0.310169
vt 2.842560 0.338475
vt 2.870210 0.342269
vt 2.881560 0.386992
vt 2.901800 0.373626
vt 2.936060 0.436751
vt 2.816800 -0.200088
vt 2.821560 -0.232872
vt 2.837350 -0.206395
vt 2.837350 -0.239432
vt 2.853150 -0.232872
vt 2.857910 -0.200088
vt 2.890280 0.306039
vt 2.877230 0.314145
vt 2.852760 0.217014
vt 2.867240 0.211525
vt 2.859670 0.156453
vt 2.838680 0.096091
vt 2.852290 0.062763
vt 2.838580 0.030339
vt 2.857160 -0.032945
vt 2.847350 -0.067057
vt 2.865300 -0.099465
vt 2.851330 -0.097983
vt 2.856230 -0.131917
vt 2.876240 -0.130715
vt 2.855800 -0.195094
vt 2.845110 -0.195094
vt 2.837350 -0.281410
vt 2.845540 -0.255431
vt 2.829170 -0.255431
vt 2.822810 -0.263225
vt 2.851900 -0.263225
vt 2.818060 0.077671
vt 2.845110 0.068059
vt 2.855800 0.077671
vt 2.828210 0.068059
vt 2.845110 0.087282
vt 2.828210 0.087282
vt 2.848080 0.386992
vt 2.793580 0.436751
vt 2.827840 0.373626
vt 2.859430 0.342269
vt 2.887080 0.338475
vt 2.874550 0.310169
vt 2.909770 0.283026
vt 2.889680 0.278069
vt 2.908070 0.197386
vt 2.928750 0.194873
vt 2.916730 0.090123
vt 2.933740 0.091368
vt 2.929310 0.010845
vt 2.912590 0.009734
vt 2.915120 -0.045619
vt 2.930810 -0.049660
vt 2.916330 -0.063883
vt 2.936060 -0.063883
vt 2.925010 -0.087746
vt 2.903480 -0.091567
vt 2.914780 -0.111733
vt 2.899330 -0.118479
vt 2.911640 -0.148884
vt 2.900320 -0.152237
vt 2.911570 -0.195094
vt 2.901430 -0.195094
vt 2.871720 -0.200088
vt 2.876490 -0.232872
vt 2.892280 -0.206395
vt 2.892280 -0.239432
vt 2.908070 -0.232872
vt 2.912840 -0.200088
vt 2.873400 -0.131917
vt 2.873830 -0.195094
vt 2.884520 -0.195094
vt 2.853400 -0.130715
vt 2.864330 -0.099465
vt 2.878310 -0.097983
vt 2.882280 -0.067057
vt 2.872480 -0.032945
vt 2.891060 0.030339
vt 2.877350 0.062763
vt 2.890950 0.096091
vt 2.869960 0.156453
vt 2.876870 0.217014
vt 2.862390 0.211525
vt 2.839350 0.306039
vt 2.852400 0.314145
vt 2.884100 -0.255431
vt 2.877730 -0.263225
vt 2.892280 -0.281410
vt 2.900460 -0.255431
vt 2.906830 -0.263225
vt 1.835060 2.560290
vt 1.841620 2.571280
vt 1.832240 2.570680
vt 1.841620 2.560710
vt 1.848190 2.560290
vt 1.851010 2.570680
vt 1.831760 2.785920
vt 1.851490 2.770490
vt 1.851490 2.785920
vt 1.831760 2.770490
vt 1.856070 2.548440
vt 1.841620 2.549110
vt 1.841620 2.514450
vt 1.827180 2.548440
vt 1.826320 2.855320
vt 1.841620 2.777800
vt 1.841620 2.861280
vt 1.826320 2.782560
vt 1.856920 2.855320
vt 1.856920 2.782560
vt 1.848330 2.737370
vt 1.841620 2.725690
vt 1.849830 2.725690
vt 1.834920 2.737370
vt 1.833420 2.725690
vt 1.848190 2.689590
vt 1.841620 2.689690
vt 1.841620 2.653700
vt 1.835060 2.689590
vt 1.848190 2.614360
vt 1.841620 2.614670
vt 1.841620 2.575650
vt 1.835060 2.614360
vt 1.827440 2.739640
vt 1.831760 2.734500
vt 1.827440 2.769280
vt 1.855810 2.739640
vt 1.855810 2.769280
vt 1.851490 2.734500
vt 1.841620 2.734290
vt 1.850150 2.575530
vt 1.841620 2.576080
vt 1.833100 2.575530
vt 1.841620 2.687870
vt 1.792960 2.687870
vt 1.797910 2.672570
vt 1.841620 2.672570
vt 1.797910 2.703170
vt 1.841620 2.703170
vt 1.885340 2.672570
vt 1.890290 2.687870
vt 1.885340 2.703170
vt 1.857820 2.697730
vt 1.825430 2.697730
vt 1.825430 2.678000
vt 1.857820 2.678000
vt 1.854970 2.702050
vt 1.828280 2.702050
vt 1.828280 2.673680
vt 1.854970 2.673680
vt 1.816940 2.687870
vt 1.813700 2.673420
vt 1.821710 2.681300
vt 1.821710 2.694430
vt 1.813700 2.702310
vt 1.824270 2.694570
vt 1.841620 2.694740
vt 1.841620 2.697350
vt 1.841620 2.680990
vt 1.824270 2.681160
vt 1.841620 2.678380
vt 1.858980 2.681160
vt 1.858980 2.694570
vt 1.834560 2.675810
vt 1.823030 2.681310
vt 1.819580 2.679340
vt 1.834560 2.678590
vt 1.818260 2.687870
vt 1.813370 2.687870
vt 1.849120 2.569240
vt 1.861530 2.560290
vt 1.865610 2.570680
vt 1.850000 2.559280
vt 1.838460 2.558270
vt 1.832640 2.567800
vt 1.841620 2.841320
vt 1.875890 2.842600
vt 1.885340 2.855320
vt 1.841620 2.832080
vt 1.797910 2.855320
vt 1.807360 2.842600
vt 1.857420 2.797460
vt 1.841620 2.790900
vt 1.841620 2.777020
vt 1.867950 2.787960
vt 1.825830 2.797460
vt 1.815300 2.787960
vt 1.825430 2.785920
vt 1.817910 2.769280
vt 1.828280 2.781990
vt 1.812830 2.770490
vt 1.870420 2.770490
vt 1.857820 2.785920
vt 1.865340 2.769280
vt 1.854970 2.781990
vt 1.854210 2.751580
vt 1.866170 2.737370
vt 1.859420 2.757320
vt 1.858980 2.737370
vt 1.841620 2.739810
vt 1.823830 2.757320
vt 1.817080 2.737370
vt 1.829040 2.751580
vt 1.824270 2.737370
vt 1.808040 2.782560
vt 1.851090 2.546830
vt 1.832620 2.545210
vt 1.853920 2.514450
vt 1.875210 2.782560
vt 1.841620 2.739640
vt 1.856170 2.767100
vt 1.841620 2.748920
vt 1.869550 2.548440
vt 1.827080 2.767100
vt 1.821170 2.725690
vt 1.827160 2.725690
vt 1.841620 2.737370
vt 1.862080 2.725690
vt 1.856090 2.725690
vt 1.862180 2.830240
vt 1.845670 2.613600
vt 1.842660 2.652980
vt 1.834140 2.612850
vt 1.848690 2.574220
vt 1.821070 2.830240
vt 1.842140 2.689340
vt 1.830580 2.689080
vt 1.853700 2.689590
vt 1.857210 2.614360
vt 1.849810 2.774900
vt 1.833440 2.774900
vt 1.841620 2.768000
vt 1.841620 2.823930
vt 1.833700 2.572910
vt 1.863670 2.575530
vt 1.832240 2.567800
vt 1.835060 2.558270
vt 1.841620 2.567200
vt 1.841620 2.557850
vt 1.848190 2.558270
vt 1.851010 2.567800
vt 1.841620 2.544540
vt 1.827180 2.545210
vt 1.856070 2.545210
vt 1.848190 2.612850
vt 1.841620 2.612530
vt 1.841620 2.572800
vt 1.835060 2.612850
vt 1.841620 2.652270
vt 1.848190 2.689080
vt 1.841620 2.688980
vt 1.835060 2.689080
vt 1.850150 2.572910
vt 1.841620 2.572370
vt 1.833100 2.572910
vt 1.856090 2.696070
vt 1.857990 2.687870
vt 1.862080 2.687870
vt 1.856090 2.679670
vt 1.853200 2.694430
vt 1.841620 2.699460
vt 1.841620 2.697140
vt 1.853200 2.681310
vt 1.841620 2.676270
vt 1.841620 2.678590
vt 1.830050 2.681310
vt 1.827160 2.679670
vt 1.825260 2.687870
vt 1.821170 2.687870
vt 1.827160 2.696070
vt 1.830050 2.694430
vt 1.808040 2.672570
vt 1.801930 2.687870
vt 1.808040 2.703170
vt 1.875210 2.672570
vt 1.881320 2.687870
vt 1.875210 2.703170
vt 1.817640 2.570680
vt 1.821710 2.560290
vt 1.834120 2.569240
vt 1.833250 2.559280
vt 1.844790 2.558270
vt 1.850610 2.567800
vt 1.850630 2.545210
vt 1.832160 2.546830
vt 1.829330 2.514450
vt 1.813700 2.548440
vt 1.852670 2.689080
vt 1.841110 2.689340
vt 1.840590 2.652980
vt 1.829550 2.689590
vt 1.849110 2.612850
vt 1.837580 2.613600
vt 1.834560 2.574220
vt 1.826040 2.614360
vt 1.849550 2.572910
vt 1.819580 2.575530
s 1
usemtl Meshpart1Mtl
f 2/1/1 1/2/2 3/3/3
f 5/4/4 4/5/5 6/6/6
f 5/4/4 6/6/6 7/2/7
f 8/7/8 10/8/9 9/5/10
f 11/9/11 12/10/12 13/3/13
f 14/11/14 15/12/15 16/6/16
f 16/6/16 15/12/15 17/9/17
f 18/8/18 19/13/19 20/11/20
f 21/14/21 22/15/21 23/16/22
f 22/15/21 21/14/21 24/17/22
f 25/18/22 24/17/22 21/14/21
f 24/17/22 25/18/22 26/19/22
f 27/20/22 28/21/22 29/22/23
f 30/23/22 29/22/23 28/21/22
f 29/22/23 30/23/22 31/24/22
f 28/21/22 27/20/22 32/25/21
f 33/26/22 32/25/21 27/20/22
f 27/20/22 34/27/22 33/26/22
f 34/27/22 35/18/21 33/26/22
f 34/27/22 36/19/24 35/18/21
f 37/28/25 38/29/26 39/30/27
f 41/31/28 40/32/29 42/33/30
f 43/30/27 44/34/31 45/35/32
f 45/35/32 44/34/31 46/36/33
f 48/37/15 47/38/14 50/35/34
f 48/37/15 50/35/34 49/32/35
f 51/36/36 52/39/37 53/33/38
f 54/40/39 56/28/40 55/38/41
f 57/8/42 58/13/43 59/41/44
f 60/41/45 61/42/46 62/43/47
f 62/43/47 61/42/46 63/44/48
f 64/44/48 65/45/49 66/46/50
f 67/7/51 69/8/52 68/47/53
f 71/48/31 70/47/54 72/43/55
f 71/48/56 74/43/55 73/49/33
f 76/50/57 75/49/33 77/46/58
f 78/51/59 80/52/60 79/53/61
f 81/54/2 82/55/62 83/56/63
f 85/57/46 84/53/61 86/58/64
f 85/57/46 88/58/64 87/59/65
f 89/60/66 90/61/4 91/58/67
f 93/58/67 90/61/4 92/54/68
f 95/62/49 94/59/65 96/56/69
f 97/52/70 98/63/71 99/60/10
f 100/64/72 101/65/73 102/66/74
f 102/66/74 101/65/73 103/67/73
f 104/68/75 100/64/72 102/66/74
f 105/69/76 100/64/72 104/68/75
f 106/70/77 105/69/76 104/68/75
f 107/71/78 105/69/76 106/70/77
f 108/72/79 107/71/78 106/70/77
f 109/73/80 107/71/78 108/72/79
f 108/72/79 110/74/81 109/73/80
f 110/74/81 108/72/79 111/75/82
f 111/75/82 112/76/83 110/74/81
f 112/76/83 111/75/82 113/77/84
f 114/78/85 112/76/83 113/77/84
f 115/79/86 112/76/83 114/78/85
f 114/78/85 116/80/87 115/79/86
f 116/80/87 114/78/85 117/81/88
f 117/81/88 118/82/89 116/80/87
f 118/82/89 117/81/88 119/83/90
f 120/84/91 118/82/89 119/83/90
f 121/85/92 118/82/89 120/84/91
f 120/84/91 122/86/93 121/85/92
f 122/86/93 123/87/94 121/85/92
f 123/87/94 122/86/93 124/88/95
f 125/89/95 123/87/94 124/88/95
f 126/90/96 127/91/96 128/92/96
f 128/92/96 127/91/96 129/93/96
f 128/92/96 129/93/96 130/94/96
f 131/95/96 128/92/96 130/94/96
f 132/96/97 133/88/98 134/97/99
f 132/96/97 135/89/98 133/88/98
f 134/97/99 136/98/100 132/96/97
f 132/96/97 136/98/100 137/99/101
f 136/98/100 138/100/102 137/99/101
f 136/98/100 139/101/103 138/100/102
f 140/102/104 138/100/102 139/101/103
f 139/101/103 141/103/105 140/102/104
f 142/104/106 140/102/104 141/103/105
f 141/103/105 143/105/107 142/104/106
f 144/105/107 145/106/108 142/104/106
f 145/106/108 144/105/107 146/107/109
f 146/107/109 147/108/110 145/106/108
f 147/108/110 148/109/111 145/106/108
f 149/110/112 148/109/111 147/108/110
f 147/108/110 150/111/112 149/110/112
f 151/98/96 152/97/96 153/83/96
f 152/97/96 154/84/96 153/83/96
f 154/84/96 152/97/96 155/86/96
f 155/86/96 152/97/96 156/88/96
f 157/81/96 151/98/96 153/83/96
f 151/98/96 157/81/96 158/101/96
f 159/78/96 158/101/96 157/81/96
f 159/78/96 160/103/96 158/101/96
f 160/103/96 159/78/96 161/77/96
f 161/77/96 162/105/113 160/103/96
f 162/105/113 161/77/96 163/75/96
f 164/72/113 162/105/113 163/75/96
f 165/70/113 162/105/113 164/72/113
f 162/105/113 165/70/113 166/107/96
f 167/68/96 166/107/96 165/70/113
f 166/107/96 167/68/96 168/108/96
f 169/66/96 168/108/96 167/68/96
f 168/108/96 169/66/96 170/111/96
f 170/111/96 169/66/96 171/67/96
s 0
f 172/112/114 173/113/114 174/112/115
f 175/112/116 176/114/96 177/112/117
s 1
f 176/114/96 178/115/96 177/112/96
f 176/114/96 175/112/96 179/113/96
f 175/112/96 180/116/96 179/113/96
f 181/91/96 182/92/96 183/90/96
f 184/93/96 182/92/96 181/91/96
f 182/92/96 184/93/96 185/94/96
f 182/92/96 185/94/96 186/95/96
f 187/117/118 188/118/118 189/119/118
f 188/118/118 187/117/118 190/120/118
f 187/117/118 189/119/118 191/121/118
f 187/117/118 191/121/118 192/122/118
f 193/123/119 194/124/120 195/125/120
f 195/125/120 196/126/121 193/123/119
f 193/123/119 196/126/121 197/127/122
f 198/128/123 197/127/122 196/126/121
f 198/128/123 199/129/124 197/127/122
f 199/129/124 198/128/123 200/130/125
f 201/131/126 199/129/124 200/130/125
f 199/129/124 201/131/126 202/132/127
f 201/131/126 203/133/128 202/132/127
f 202/132/127 203/133/128 204/134/129
f 203/133/128 205/135/130 204/134/129
f 205/135/130 203/133/128 206/136/131
f 207/137/132 205/135/130 206/136/131
f 205/135/130 207/137/132 208/138/133
f 207/137/132 209/139/134 208/138/133
f 208/138/133 209/139/134 210/140/135
f 209/139/134 211/141/136 210/140/135
f 211/141/136 209/139/134 212/142/137
f 212/142/137 213/143/138 211/141/136
f 213/143/138 212/142/137 214/144/139
f 214/144/139 215/145/140 213/143/138
f 215/145/140 214/144/139 216/146/141
f 216/146/141 217/147/142 215/145/140
f 217/147/142 216/146/141 218/148/143
f 219/149/114 220/150/114 221/151/114
f 221/151/114 220/150/114 222/152/114
f 221/151/114 222/152/114 223/153/114
f 224/154/114 221/151/114 223/153/114
f 225/155/144 226/156/145 227/157/145
f 226/156/145 225/155/144 228/158/146
f 225/155/144 229/159/147 228/158/146
f 229/159/147 225/155/144 230/160/148
f 231/161/149 229/159/147 230/160/148
f 232/162/150 229/159/147 231/161/149
f 233/161/149 234/163/151 232/162/152
f 235/164/153 232/162/152 234/163/151
f 234/163/151 236/165/154 235/164/153
f 237/166/155 235/164/153 236/165/154
f 236/165/154 238/167/156 237/166/155
f 239/168/157 237/166/155 238/167/156
f 238/167/156 240/169/158 239/168/157
f 240/169/158 238/167/156 241/170/159
f 241/170/159 242/125/160 240/169/158
f 243/124/160 240/169/158 242/125/160
f 244/146/161 245/157/162 246/148/162
f 245/157/162 244/146/161 247/155/114
f 247/155/114 244/146/161 248/144/114
f 248/144/114 249/160/114 247/155/114
f 249/160/114 248/144/114 250/142/114
f 250/142/114 251/161/114 249/160/114
f 252/139/161 251/161/114 250/142/114
f 251/161/114 252/139/161 253/137/161
f 254/136/114 251/161/114 253/137/161
f 251/161/114 254/136/114 255/163/114
f 256/133/114 255/163/114 254/136/114
f 255/163/114 256/133/114 257/165/114
f 258/131/114 257/165/114 256/133/114
f 257/165/114 258/131/114 259/167/114
f 259/167/114 258/131/114 260/130/114
f 260/130/114 261/170/114 259/167/114
f 261/170/114 260/130/114 262/128/163
f 263/126/114 261/170/114 262/128/163
f 261/170/114 263/126/114 264/125/114
f 266/171/114 268/172/114 267/173/114
f 266/171/161 265/173/161 269/174/161
f 265/173/161 270/175/114 269/174/161
f 271/150/114 272/151/114 273/149/114
f 274/152/114 272/151/114 271/150/114
f 272/151/114 274/152/114 275/153/114
f 272/151/114 275/153/114 276/154/114
usemtl Meshpart3Mtl
f 277/176/164 279/177/165 278/178/166
f 279/177/165 277/176/164 280/179/167
f 281/180/168 279/177/165 280/179/167
f 279/177/165 281/180/168 282/181/169
f 283/182/170 284/183/170 285/184/171
f 284/183/170 283/182/170 286/185/172
f 287/186/173 288/179/174 289/187/175
f 287/186/173 289/187/175 290/188/176
f 288/179/174 291/189/177 289/187/175
f 289/187/175 291/189/177 292/188/178
f 293/190/179 294/191/180 295/192/180
f 294/191/180 293/190/179 296/193/181
f 294/191/180 297/194/182 295/192/180
f 297/194/182 294/191/180 298/195/183
f 300/196/184 301/197/185 299/198/186
f 301/197/187 302/199/188 303/200/189
f 304/201/9 305/202/190 306/203/191
f 305/202/190 307/204/192 306/203/191
f 308/197/190 305/202/190 304/201/9
f 305/202/190 308/197/190 307/204/192
f 309/205/3 310/206/193 311/207/193
f 310/206/193 312/208/13 311/207/193
f 313/203/193 310/206/193 309/205/3
f 310/206/193 313/203/193 314/208/13
f 315/185/194 316/209/194 317/210/194
f 316/209/194 315/185/194 318/211/194
f 319/183/195 320/212/195 321/213/195
f 319/183/195 322/214/195 320/212/195
f 323/185/196 324/215/197 325/183/196
f 325/183/196 324/215/197 326/214/196
f 324/215/197 323/185/196 327/210/196
f 328/216/198 330/177/199 329/181/200
f 328/216/198 331/217/199 330/177/199
f 332/218/201 330/177/199 331/217/199
f 330/177/199 332/218/201 333/178/202
f 334/219/203 335/220/203 336/221/204
f 334/219/203 336/221/204 337/222/205
f 334/219/203 338/223/206 335/220/203
f 338/223/206 334/219/203 339/224/206
f 340/219/207 341/225/208 342/226/209
f 341/225/208 340/219/207 343/222/208
f 344/227/210 340/219/207 342/226/209
f 344/227/210 345/224/211 340/219/207
f 346/228/212 347/229/212 348/230/212
f 346/228/212 348/230/212 349/231/212
f 350/232/213 351/233/214 352/229/214
f 350/232/213 352/229/214 353/228/214
f 354/231/215 355/230/215 356/234/215
f 354/231/215 356/234/215 357/235/215
f 359/236/174 358/237/216 360/238/217
f 362/239/218 361/240/177 359/236/174
f 364/241/219 365/242/220 366/243/220
f 367/244/221 363/245/222 368/246/221
f 369/247/223 367/244/221 368/246/221
f 371/242/220 370/248/224 372/243/220
f 373/249/21 374/250/22 375/251/22
f 374/250/22 373/249/21 376/252/22
f 377/253/22 375/251/22 374/250/22
f 375/251/22 377/253/22 378/254/21
f 379/255/225 380/256/226 381/257/227
f 380/256/226 379/255/225 382/258/225
f 383/259/228 385/255/229 384/260/230
f 385/255/229 383/259/228 386/258/231
f 387/261/232 388/262/233 389/263/232
f 388/262/233 387/261/232 390/264/232
f 391/261/234 392/265/234 393/266/235
f 391/261/234 393/266/235 394/264/234
f 395/267/236 396/268/237 397/269/236
f 397/269/236 398/270/236 395/267/236
f 399/271/238 400/269/238 401/268/238
f 400/269/238 399/271/238 402/272/238
f 403/273/239 404/274/239 405/275/239
f 404/274/239 403/273/239 406/276/239
f 407/277/240 408/278/240 409/279/240
f 409/279/240 408/278/240 410/280/240
f 413/281/241 412/282/242 411/283/242
f 412/282/242 413/281/241 414/284/219
f 415/285/220 414/284/219 413/281/241
f 417/286/243 416/287/243 418/288/244
f 418/288/244 416/287/243 419/289/245
f 420/285/246 418/288/244 419/289/245
f 421/290/247 422/266/247 423/265/247
f 422/266/247 421/290/247 424/272/248
f 425/259/249 426/291/250 427/258/251
f 426/291/250 425/259/249 428/292/252
f 426/291/250 428/292/252 429/293/253
f 430/294/254 431/263/254 432/262/254
f 430/294/254 432/262/254 433/270/254
f 434/295/255 435/279/255 436/296/255
f 434/295/255 436/296/255 437/297/255
f 438/258/256 439/291/257 440/256/258
f 440/256/258 439/291/257 441/298/259
f 441/298/259 439/291/257 442/293/260
f 443/295/261 444/299/261 445/274/261
f 444/299/261 443/295/261 446/297/261
f 448/287/262 447/300/263 449/289/264
f 449/289/265 451/301/266 452/302/267
f 452/302/267 451/301/266 453/197/267
f 455/284/188 450/303/187 454/282/268
f 457/302/269 456/304/189 455/284/188
f 456/304/189 457/302/269 458/197/269
f 459/270/270 460/262/271 461/305/271
f 459/270/270 461/305/271 462/267/270
f 463/306/96 464/307/96 465/308/38
f 463/306/96 465/308/38 466/309/96
f 467/272/272 468/310/272 469/266/272
f 468/310/272 467/272/272 470/271/272
f 471/311/96 472/197/96 473/312/25
f 471/311/96 473/312/25 474/307/96
f 475/313/273 476/311/116 477/307/116
f 478/197/116 476/311/116 475/313/273
f 479/314/274 480/306/116 481/309/116
f 482/307/116 480/306/116 479/314/274
f 483/280/275 484/296/275 485/279/275
f 484/296/275 483/280/275 486/315/276
f 487/275/277 488/274/277 489/299/277
f 487/275/277 489/299/277 490/316/278
f 491/317/279 492/272/279 493/290/279
f 492/272/279 491/317/279 494/269/280
f 495/317/281 496/270/282 497/269/283
f 495/317/281 498/294/282 496/270/282
f 499/280/284 500/275/284 501/316/284
f 499/280/284 501/316/284 502/315/284
f 503/264/285 504/266/285 505/310/286
f 503/264/285 505/310/286 506/318/285
f 507/264/287 508/305/287 509/262/287
f 508/305/287 507/264/287 510/318/287
f 513/255/288 511/319/289 512/260/290
f 511/319/289 513/255/288 514/309/291
f 515/320/201 517/255/292 516/257/293
f 517/255/292 515/320/201 518/309/292
f 520/321/294 519/322/295 521/323/296
f 521/323/296 519/322/295 522/324/297
f 523/325/298 521/323/296 522/324/297
f 521/323/296 523/325/298 524/326/299
f 525/182/300 526/183/301 527/184/302
f 526/183/301 525/182/300 528/185/303
f 529/322/304 530/327/305 531/324/306
f 531/324/306 530/327/305 532/325/307
f 530/327/305 529/322/304 533/328/308
f 530/327/305 533/328/308 534/188/309
f 532/325/307 530/327/305 535/329/310
f 535/329/310 530/327/305 536/188/309
f 537/190/311 538/191/312 539/192/312
f 538/191/312 537/190/311 540/193/313
f 538/191/312 541/194/314 539/192/312
f 541/194/314 538/191/312 542/195/315
f 543/330/58 544/331/305 545/332/305
f 544/331/305 546/333/316 545/332/305
f 547/334/305 544/331/305 543/330/58
f 544/331/305 547/334/305 546/333/316
f 550/197/263 549/199/317 548/200/318
f 551/196/264 550/197/319 552/198/320
f 553/335/321 554/336/322 555/334/323
f 554/336/322 556/337/324 555/334/323
f 557/197/323 554/336/322 553/335/321
f 554/336/322 557/197/323 556/337/324
f 558/183/325 559/212/325 560/213/325
f 558/183/325 561/214/325 559/212/325
f 562/185/326 563/209/326 564/210/326
f 563/209/326 562/185/326 565/211/326
f 566/185/327 567/215/328 568/183/329
f 568/183/329 567/215/328 569/214/327
f 567/215/328 566/185/327 570/210/327
f 571/323/330 572/338/289 573/339/330
f 574/340/331 571/323/330 573/339/330
f 572/338/289 571/323/330 575/326/332
f 571/323/330 574/340/331 576/321/333
f 577/341/118 578/342/118 579/343/118
f 580/344/118 579/343/118 578/342/118
f 578/342/118 577/341/118 581/345/118
f 582/346/118 581/345/118 577/341/118
f 581/345/118 582/346/118 583/347/118
f 578/342/118 584/348/118 580/344/118
f 584/348/118 585/349/118 580/344/118
f 585/349/118 584/348/118 586/350/118
f 587/351/118 585/349/118 586/350/118
f 585/349/118 587/351/118 588/352/118
f 589/353/118 588/352/118 587/351/118
f 588/352/118 589/353/118 590/354/118
f 591/355/118 590/354/118 589/353/118
f 591/355/118 589/353/118 592/356/118
f 593/346/118 591/355/118 592/356/118
f 592/356/118 594/347/118 593/346/118
f 595/357/334 596/222/334 597/219/335
f 597/219/335 598/358/335 595/357/334
f 597/219/335 599/359/336 598/358/335
f 599/359/336 597/219/335 600/224/337
f 601/360/338 602/219/339 603/222/338
f 602/219/339 601/360/338 604/361/339
f 602/219/339 604/361/339 605/362/340
f 602/219/339 605/362/340 606/224/340
f 608/363/341 607/364/342 609/365/343
f 609/365/343 607/364/342 610/366/343
f 611/367/295 609/365/343 610/366/343
f 609/365/343 611/367/295 612/368/344
f 613/261/345 614/265/345 615/266/345
f 613/261/345 615/266/345 616/264/345
f 617/261/346 618/262/347 619/263/347
f 618/262/347 617/261/346 620/264/347
f 621/271/348 622/269/349 623/268/350
f 622/269/349 621/271/348 624/272/349
f 625/267/351 626/268/351 627/269/351
f 627/269/351 628/270/351 625/267/351
f 629/277/352 630/278/352 631/279/352
f 631/279/352 630/278/352 632/280/352
f 633/273/353 634/274/354 635/275/354
f 634/274/354 633/273/353 636/276/354
f 637/286/355 638/287/355 639/288/356
f 639/288/356 638/287/355 640/289/357
f 641/285/221 642/288/358 640/289/359
f 641/285/221 643/284/360 644/281/361
f 645/282/362 644/281/361 643/284/360
f 644/281/361 645/282/362 646/283/362
f 647/294/363 648/263/363 649/262/363
f 647/294/363 649/262/363 650/270/363
f 651/290/364 652/266/364 653/265/364
f 652/266/364 651/290/364 654/272/365
f 655/369/366 656/370/367 657/371/368
f 658/367/369 656/370/367 655/369/366
f 659/366/370 656/370/367 658/367/369
f 660/364/371 656/370/367 659/366/370
f 656/370/367 660/364/371 661/372/372
f 656/370/367 661/372/372 662/371/373
f 663/295/374 664/299/374 665/274/374
f 664/299/374 663/295/374 666/297/374
f 667/295/375 668/279/375 669/296/375
f 667/295/375 669/296/375 670/297/375
f 671/302/376 672/304/318 673/284/377
f 672/304/318 671/302/376 674/197/376
f 671/302/376 676/301/378 674/197/376
f 673/284/317 675/303/263 677/282/379
f 678/289/380 676/301/378 671/302/376
f 680/287/381 679/300/187 678/289/184
f 681/272/382 682/310/383 683/266/383
f 682/310/383 681/272/382 684/271/384
f 685/270/385 686/262/386 687/305/385
f 685/270/385 687/305/385 688/267/386
f 689/373/60 690/374/114 691/375/114
f 690/374/114 692/376/70 691/375/114
f 693/197/387 690/374/114 689/373/60
f 690/374/114 693/197/387 692/376/70
f 694/377/69 695/378/114 696/379/387
f 695/378/114 697/380/63 696/379/387
f 698/375/114 695/378/114 694/377/69
f 695/378/114 698/375/114 697/380/63
f 699/275/388 700/274/388 701/299/388
f 699/275/388 701/299/388 702/316/388
f 703/280/389 704/296/390 705/279/390
f 704/296/390 703/280/389 706/315/389
f 707/270/391 708/269/392 709/317/393
f 709/317/393 710/294/394 707/270/391
f 711/272/395 712/317/395 713/269/395
f 712/317/395 711/272/395 714/290/395
f 715/280/396 716/275/397 717/316/397
f 715/280/396 717/316/397 718/315/398
f 719/264/399 720/305/399 721/262/399
f 720/305/399 719/264/399 722/318/399
f 723/264/400 724/266/400 725/310/400
f 723/264/400 725/310/400 726/318/400
f 727/381/401 729/365/402 728/368/403
f 727/381/401 730/379/402 729/365/402
f 731/382/404 729/365/402 730/379/402
f 729/365/402 731/382/404 732/363/405
o archkatwing1
v -0.377857 -1.274084 -0.024286
v -0.314712 -1.200286 -0.001990
v -0.377832 -1.274084 -0.001919
v -0.314738 -1.200286 -0.024358
v -0.287542 -1.133158 -0.002021
v -0.287567 -1.133158 -0.024389
v -0.287542 -1.133158 -0.002021
v -0.354043 -1.107832 -0.024313
v -0.354018 -1.107832 -0.001946
v -0.287567 -1.133158 -0.024389
v -0.460491 -1.209304 -0.024193
v -0.585501 -1.327583 -0.024051
v -0.460466 -1.209304 -0.001825
v -0.585476 -1.327583 -0.001683
v -0.354018 -1.107832 -0.001946
v -0.460491 -1.209304 -0.024193
v -0.460466 -1.209304 -0.001825
v -0.354043 -1.107832 -0.024313
v -0.460466 -1.209304 -0.001825
v -0.377832 -1.274084 -0.001919
v -0.354018 -1.107832 -0.001946
v -0.314712 -1.200286 -0.001990
v -0.287542 -1.133158 -0.002021
v -0.412719 -1.305382 -0.001879
v -0.436874 -1.314349 -0.001852
v -0.498368 -1.323289 -0.001782
v -0.585476 -1.327583 -0.001683
v -0.585501 -1.327583 -0.024051
v -0.498368 -1.323289 -0.001782
v -0.585476 -1.327583 -0.001683
v -0.498393 -1.323289 -0.024150
v -0.436874 -1.314349 -0.001852
v -0.436899 -1.314349 -0.024219
v -0.436899 -1.314349 -0.024219
v -0.412719 -1.305382 -0.001879
v -0.436874 -1.314349 -0.001852
v -0.412744 -1.305382 -0.024247
v -0.377832 -1.274084 -0.001919
v -0.377857 -1.274084 -0.024286
v -0.460491 -1.209304 -0.024193
v -0.377857 -1.274084 -0.024286
v -0.412744 -1.305382 -0.024247
v -0.436899 -1.314349 -0.024219
v -0.498393 -1.323289 -0.024150
v -0.585501 -1.327583 -0.024051
v -0.354043 -1.107832 -0.024313
v -0.314738 -1.200286 -0.024358
v -0.287567 -1.133158 -0.024389
v -0.416956 -0.747625 0.007629
v -0.445069 -0.844144 -0.033713
v -0.417003 -0.747625 -0.033745
v -0.445023 -0.844144 0.007661
v -0.471413 -0.648993 0.007691
v -0.471460 -0.648993 -0.033684
v -0.416956 -0.747625 0.007629
v -0.417003 -0.747625 -0.033745
v -0.750046 -0.428208 -0.033368
v -0.889760 -0.303428 -0.033209
v -0.749999 -0.428208 0.008007
v -0.889713 -0.303428 0.008165
v -1.001744 -0.193575 -0.033082
v -1.001697 -0.193575 0.008292
v -0.471413 -0.648993 0.007691
v -0.471460 -0.648993 -0.033684
v -0.749999 -0.428208 0.008007
v -0.898265 -0.530592 0.008175
v -0.791596 -0.653242 0.008054
v -0.668991 -0.728963 0.007915
v -0.889713 -0.303428 0.008165
v -0.471413 -0.648993 0.007691
v -0.445023 -0.844144 0.007661
v -0.416956 -0.747625 0.007629
v -0.932371 -0.459136 0.008213
v -0.972901 -0.337554 0.008259
v -1.001697 -0.193575 0.008292
v -1.001744 -0.193575 -0.033082
v -0.972901 -0.337554 0.008259
v -1.001697 -0.193575 0.008292
v -0.972948 -0.337554 -0.033115
v -0.932371 -0.459136 0.008213
v -0.932418 -0.459136 -0.033161
v -0.898265 -0.530592 0.008175
v -0.898312 -0.530592 -0.033200
v -0.791596 -0.653242 0.008054
v -0.791642 -0.653242 -0.033321
v -0.791596 -0.653242 0.008054
v -0.791642 -0.653242 -0.033321
v -0.668991 -0.728963 0.007915
v -0.669038 -0.728963 -0.033460
v -0.445023 -0.844144 0.007661
v -0.445069 -0.844144 -0.033713
v -0.669038 -0.728963 -0.033460
v -0.471460 -0.648993 -0.033684
v -0.445069 -0.844144 -0.033713
v -0.417003 -0.747625 -0.033745
v -0.750046 -0.428208 -0.033368
v -0.791642 -0.653242 -0.033321
v -0.898312 -0.530592 -0.033200
v -0.889760 -0.303428 -0.033209
v -0.932418 -0.459136 -0.033161
v -0.972948 -0.337554 -0.033115
v -1.001744 -0.193575 -0.033082
v -0.446353 -0.839084 -0.029788
v -0.431275 -0.930868 0.003738
v -0.431313 -0.930868 -0.029805
v -0.446315 -0.839084 0.003755
v -0.770895 -0.694412 -0.029420
v -1.032766 -0.589490 -0.029123
v -0.770857 -0.694412 0.004123
v -1.032728 -0.589490 0.004420
v -0.446315 -0.839084 0.003755
v -0.446353 -0.839084 -0.029788
v -0.657419 -0.905234 0.003995
v -0.446315 -0.839084 0.003755
v -0.770857 -0.694412 0.004123
v -0.431275 -0.930868 0.003738
v -0.810607 -0.861906 0.004168
v -0.881105 -0.831475 0.004248
v -0.911074 -0.801648 0.004282
v -0.966588 -0.716227 0.004345
v -1.032728 -0.589490 0.004420
v -1.032766 -0.589490 -0.029123
v -0.966588 -0.716227 0.004345
v -1.032728 -0.589490 0.004420
v -0.966626 -0.716227 -0.029198
v -0.911074 -0.801648 0.004282
v -0.911112 -0.801648 -0.029261
v -0.911074 -0.801648 0.004282
v -0.911112 -0.801648 -0.029261
v -0.881105 -0.831475 0.004248
v -0.881143 -0.831475 -0.029295
v -0.810607 -0.861906 0.004168
v -0.810645 -0.861906 -0.029375
v -0.657419 -0.905234 0.003995
v -0.657457 -0.905234 -0.029549
v -0.431275 -0.930868 0.003738
v -0.431313 -0.930868 -0.029805
v -0.810645 -0.861906 -0.029375
v -0.770895 -0.694412 -0.029420
v -0.657457 -0.905234 -0.029549
v -0.881143 -0.831475 -0.029295
v -0.911112 -0.801648 -0.029261
v -0.966626 -0.716227 -0.029198
v -1.032766 -0.589490 -0.029123
v -0.446353 -0.839084 -0.029788
v -0.431313 -0.930868 -0.029805
v -0.340431 -1.098892 -0.000289
v -0.400504 -1.040575 -0.025933
v -0.400475 -1.040575 -0.000221
v -0.340460 -1.098892 -0.026001
v -0.562803 -1.100642 -0.025749
v -0.752887 -1.170242 -0.025533
v -0.562774 -1.100642 -0.000037
v -0.752857 -1.170242 0.000179
v -0.400475 -1.040575 -0.000221
v -0.400504 -1.040575 -0.025933
v -0.562774 -1.100642 -0.000037
v -0.503625 -1.209097 -0.000104
v -0.400475 -1.040575 -0.000221
v -0.401089 -1.158753 -0.000220
v -0.340431 -1.098892 -0.000289
v -0.555842 -1.226681 -0.000045
v -0.586144 -1.225121 -0.000010
v -0.656753 -1.206146 0.000070
v -0.752857 -1.170242 0.000179
v -0.752887 -1.170242 -0.025533
v -0.656753 -1.206146 0.000070
v -0.752857 -1.170242 0.000179
v -0.656783 -1.206146 -0.025642
v -0.586144 -1.225121 -0.000010
v -0.586173 -1.225121 -0.025722
v -0.555872 -1.226681 -0.025757
v -0.555842 -1.226681 -0.000045
v -0.503654 -1.209097 -0.025816
v -0.503625 -1.209097 -0.000104
v -0.503654 -1.209097 -0.025816
v -0.401089 -1.158753 -0.000220
v -0.503625 -1.209097 -0.000104
v -0.401118 -1.158753 -0.025932
v -0.340431 -1.098892 -0.000289
v -0.340460 -1.098892 -0.026001
v -0.586173 -1.225121 -0.025722
v -0.656783 -1.206146 -0.025642
v -0.562803 -1.100642 -0.025749
v -0.752887 -1.170242 -0.025533
v -0.555872 -1.226681 -0.025757
v -0.503654 -1.209097 -0.025816
v -0.400504 -1.040575 -0.025933
v -0.401118 -1.158753 -0.025932
v -0.340460 -1.098892 -0.026001
v -0.294589 -1.330009 -0.002576
v -0.294613 -1.330009 -0.023818
v -0.278376 -1.296632 -0.002594
v -0.278400 -1.296632 -0.023836
v -0.254165 -1.223639 -0.002622
v -0.254189 -1.223639 -0.023864
v -0.254360 -1.166284 -0.023863
v -0.254336 -1.166284 -0.002622
v -0.254360 -1.166284 -0.023863
v -0.310635 -1.167603 -0.002558
v -0.254336 -1.166284 -0.002622
v -0.310659 -1.167603 -0.023799
v -0.278376 -1.296632 -0.002594
v -0.254165 -1.223639 -0.002622
v -0.310635 -1.167603 -0.002558
v -0.254336 -1.166284 -0.002622
v -0.358378 -1.273861 -0.002504
v -0.294589 -1.330009 -0.002576
v -0.309628 -1.343818 -0.002559
v -0.352061 -1.368775 -0.002511
v -0.414622 -1.397981 -0.002440
v -0.310635 -1.167603 -0.002558
v -0.310659 -1.167603 -0.023799
v -0.358402 -1.273861 -0.023745
v -0.358378 -1.273861 -0.002504
v -0.358402 -1.273861 -0.023745
v -0.414646 -1.397981 -0.023682
v -0.358378 -1.273861 -0.002504
v -0.414622 -1.397981 -0.002440
v -0.414646 -1.397981 -0.023682
v -0.352061 -1.368775 -0.002511
v -0.414622 -1.397981 -0.002440
v -0.352085 -1.368775 -0.023753
v -0.309628 -1.343818 -0.002559
v -0.309653 -1.343818 -0.023801
v -0.294589 -1.330009 -0.002576
v -0.294613 -1.330009 -0.023818
v -0.278400 -1.296632 -0.023836
v -0.358402 -1.273861 -0.023745
v -0.310659 -1.167603 -0.023799
v -0.254189 -1.223639 -0.023864
v -0.254360 -1.166284 -0.023863
v -0.294613 -1.330009 -0.023818
v -0.309653 -1.343818 -0.023801
v -0.352085 -1.368775 -0.023753
v -0.414646 -1.397981 -0.023682
v -0.407885 -0.929151 -0.027596
v -0.366815 -1.038322 0.001430
v -0.366848 -1.038322 -0.027643
v -0.407852 -0.929151 0.001477
v -0.648122 -0.908505 -0.027324
v -0.929110 -0.883346 -0.027005
v -0.648089 -0.908505 0.001749
v -0.929077 -0.883346 0.002068
v -0.407852 -0.929151 0.001477
v -0.407885 -0.929151 -0.027596
v -0.637967 -1.080342 0.001738
v -0.478799 -1.077776 0.001557
v -0.648089 -0.908505 0.001749
v -0.714224 -1.071486 0.001824
v -0.751516 -1.051533 0.001866
v -0.829228 -0.985691 0.001954
v -0.929077 -0.883346 0.002068
v -0.407852 -0.929151 0.001477
v -0.366815 -1.038322 0.001430
v -0.929110 -0.883346 -0.027005
v -0.829228 -0.985691 0.001954
v -0.929077 -0.883346 0.002068
v -0.829261 -0.985691 -0.027119
v -0.829228 -0.985691 0.001954
v -0.829261 -0.985691 -0.027119
v -0.751516 -1.051533 0.001866
v -0.751549 -1.051533 -0.027207
v -0.714224 -1.071486 0.001824
v -0.714257 -1.071486 -0.027249
v -0.637967 -1.080342 0.001738
v -0.638000 -1.080342 -0.027336
v -0.638000 -1.080342 -0.027336
v -0.478799 -1.077776 0.001557
v -0.478832 -1.077776 -0.027516
v -0.366815 -1.038322 0.001430
v -0.366848 -1.038322 -0.027643
v -0.648122 -0.908505 -0.027324
v -0.478832 -1.077776 -0.027516
v -0.638000 -1.080342 -0.027336
v -0.714257 -1.071486 -0.027249
v -0.751549 -1.051533 -0.027207
v -0.829261 -0.985691 -0.027119
v -0.929110 -0.883346 -0.027005
v -0.407885 -0.929151 -0.027596
v -0.366848 -1.038322 -0.027643
v -0.186532 -1.266325 -0.013311
v -0.300419 -1.124789 0.031537
v -0.347714 -1.168290 -0.013128
v -0.186482 -1.202109 0.031408
v -0.352581 -1.065320 0.031596
v -0.409042 -1.096002 -0.013059
v -0.461873 -0.951246 -0.012999
v -0.405921 -0.940009 0.026623
v -0.475906 -0.796404 -0.012983
v -0.419229 -0.803135 0.026638
v -0.477975 -0.755301 -0.012980
v -0.430243 -0.724105 0.026651
v -0.521058 -0.599844 0.007184
v -0.545176 -0.615247 -0.012904
v -0.617411 -0.520472 -0.012822
v -0.300419 -1.124789 0.031537
v -0.186482 -1.202109 0.031408
v -0.253226 -1.081293 -0.013235
v -0.186532 -1.137899 -0.013311
v -0.296222 -1.034638 -0.013186
v -0.352581 -1.065320 0.031596
v -0.405921 -0.940009 0.026623
v -0.350060 -0.928766 -0.013125
v -0.350060 -0.928766 -0.013125
v -0.419229 -0.803135 0.026638
v -0.362694 -0.809872 -0.013111
v -0.430243 -0.724105 0.026651
v -0.382541 -0.692914 -0.013089
v -0.497041 -0.584442 -0.012959
v -0.521058 -0.599844 0.007184
v -0.617411 -0.520472 -0.012822
v -0.186532 -1.266325 -0.013311
v -0.300521 -1.124789 -0.057917
v -0.186583 -1.202109 -0.058046
v -0.347714 -1.168290 -0.013128
v -0.352682 -1.065320 -0.057858
v -0.409042 -1.096002 -0.013059
v -0.461873 -0.951246 -0.012999
v -0.406011 -0.940009 -0.052764
v -0.475906 -0.796404 -0.012983
v -0.419319 -0.803135 -0.052749
v -0.477975 -0.755301 -0.012980
v -0.430333 -0.724105 -0.052737
v -0.521104 -0.599844 -0.033064
v -0.545176 -0.615247 -0.012904
v -0.617411 -0.520472 -0.012822
v -0.300521 -1.124789 -0.057917
v -0.296222 -1.034638 -0.013186
v -0.253226 -1.081293 -0.013235
v -0.186583 -1.202109 -0.058046
v -0.186532 -1.137899 -0.013311
v -0.352682 -1.065320 -0.057858
v -0.406011 -0.940009 -0.052764
v -0.350060 -0.928766 -0.013125
v -0.419319 -0.803135 -0.052749
v -0.350060 -0.928766 -0.013125
v -0.362694 -0.809872 -0.013111
v -0.430333 -0.724105 -0.052737
v -0.382541 -0.692914 -0.013089
v -0.497041 -0.584442 -0.012959
v -0.521104 -0.599844 -0.033064
v -0.617411 -0.520472 -0.012822
vn 0.7149 -0.6992 -0.0008
vn 0.8643 -0.5029 -0.0010
vn 0.8644 -0.5029 -0.0010
vn 0.9263 -0.3768 -0.0011
vn 0.3537 0.9354 -0.0004
vn 0.3537 0.9353 -0.0004
vn -0.6912 0.7226 0.0008
vn -0.6871 0.7265 0.0008
vn -0.6872 0.7265 0.0008
vn -0.6913 0.7226 0.0008
vn 0.0011 -0.0001 1.0000
vn 0.0011 -0.0000 1.0000
vn 0.0011 0.0001 1.0000
vn 0.0011 0.0002 1.0000
vn 0.0011 -0.0003 1.0000
vn 0.0473 -0.9989 -0.0001
vn 0.0948 -0.9955 -0.0001
vn 0.0472 -0.9989 -0.0001
vn 0.2517 -0.9678 -0.0003
vn 0.2518 -0.9678 -0.0003
vn 0.5272 -0.8498 -0.0006
vn -0.0011 -0.0000 -1.0000
vn 0.9612 -0.2758 -0.0011
vn 0.9612 -0.2757 -0.0011
vn 0.8764 0.4816 -0.0010
vn 0.7816 0.6237 -0.0009
vn 0.7817 0.6237 -0.0009
vn 0.6456 0.7637 -0.0007
vn 0.6833 0.7301 -0.0008
vn 0.6992 0.7149 -0.0008
vn 0.6993 0.7149 -0.0008
vn 0.7816 0.6238 -0.0009
vn -0.9806 -0.1959 0.0011
vn -0.9678 -0.2518 0.0011
vn -0.9290 -0.3701 0.0011
vn -0.9290 -0.3700 0.0011
vn -0.8440 -0.5363 0.0010
vn -0.8440 -0.5364 0.0010
vn -0.6541 -0.7564 0.0007
vn -0.6540 -0.7565 0.0007
vn -0.4877 -0.8730 0.0006
vn -0.4568 -0.8896 0.0005
vn -0.4567 -0.8896 0.0005
vn -0.0011 0.0001 -1.0000
vn -0.0011 -0.0001 -1.0000
vn 0.9862 0.1656 -0.0011
vn 0.9862 0.1657 -0.0011
vn 0.3863 0.9224 -0.0004
vn 0.3701 0.9290 -0.0004
vn 0.4090 0.9125 -0.0005
vn -0.8866 -0.4626 0.0010
vn -0.8643 -0.5029 0.0010
vn -0.8866 -0.4625 0.0010
vn -0.8643 -0.5030 0.0010
vn -0.7816 -0.6237 0.0009
vn -0.7816 -0.6238 0.0009
vn -0.5745 -0.8185 0.0007
vn -0.3373 -0.9414 0.0004
vn -0.1961 -0.9806 0.0002
vn -0.1105 -0.9939 0.0001
vn -0.1104 -0.9939 0.0001
vn -0.0011 0.0002 -1.0000
vn 0.6951 0.7189 -0.0008
vn 0.6952 0.7188 -0.0008
vn -0.3468 0.9379 0.0004
vn -0.3468 0.9380 0.0004
vn -0.3470 0.9379 0.0004
vn -0.3468 -0.9379 0.0004
vn -0.3067 -0.9518 0.0003
vn -0.1580 -0.9874 0.0002
vn -0.1579 -0.9874 0.0002
vn 0.1414 -0.9900 -0.0002
vn 0.3863 -0.9224 -0.0004
vn 0.5886 -0.8084 -0.0007
vn 0.7032 -0.7110 -0.0008
vn 0.7031 -0.7111 -0.0008
vn -0.0011 -0.0002 -1.0000
vn 0.8185 -0.5745 -0.0009
vn 0.9290 -0.3700 -0.0011
vn 0.9888 -0.1491 -0.0011
vn 1.0000 -0.0000 -0.0011
vn -0.0234 0.9997 -0.0000
vn -0.9124 0.4092 0.0010
vn -0.9125 0.4091 0.0010
vn -0.9125 0.4090 0.0010
vn 0.4251 -0.9052 -0.0005
vn 0.4660 -0.8848 -0.0005
vn 0.4250 -0.9052 -0.0005
vn 0.4659 -0.8848 -0.0005
vn 0.5975 -0.8019 -0.0007
vn 0.8185 -0.5746 -0.0009
vn 0.9354 0.3537 -0.0011
vn 0.9353 0.3537 -0.0011
vn 0.0863 0.9963 -0.0001
vn 0.0870 0.9962 -0.0001
vn 0.0864 0.9963 -0.0001
vn 0.0862 0.9963 -0.0001
vn -0.7149 -0.6992 0.0008
vn -0.6832 -0.7303 0.0008
vn -0.7150 -0.6991 0.0008
vn -0.5655 -0.8247 0.0006
vn -0.3068 -0.9518 0.0003
vn -0.0472 -0.9989 0.0001
vn 0.1809 -0.9835 -0.0002
vn 0.1810 -0.9835 -0.0002
vn 0.3304 -0.9438 -0.0004
vn 0.3304 -0.9439 -0.0004
vn -0.3299 -0.5198 0.7880
vn -0.3777 -0.4575 0.8050
vn -0.4007 -0.4252 0.8116
vn -0.4876 -0.2994 0.8201
vn -0.5109 -0.2598 0.8195
vn -0.5643 -0.1178 0.8171
vn -0.5578 -0.1338 0.8191
vn -0.5903 -0.0631 0.8047
vn -0.5817 -0.0551 0.8115
vn -0.5595 -0.1578 0.8137
vn -0.5722 -0.1334 0.8092
vn -0.5029 -0.2755 0.8193
vn -0.4865 -0.3066 0.8181
vn -0.4559 -0.3466 0.8197
vn 0.4117 0.4266 0.8053
vn 0.3704 0.4953 0.7858
vn 0.3943 0.4485 0.8021
vn 0.4726 0.3302 0.8171
vn 0.4883 0.3066 0.8170
vn 0.5591 0.1416 0.8170
vn 0.5516 0.1652 0.8176
vn 0.5826 0.0786 0.8090
vn 0.5591 0.1415 0.8170
vn 0.5829 0.0708 0.8094
vn 0.5205 0.2441 0.8182
vn 0.5357 0.2123 0.8173
vn 0.3714 0.4651 0.8036
vn 0.3490 0.4905 0.7985
vn 0.2928 0.5522 0.7806
vn -0.3317 -0.5198 -0.7872
vn -0.3795 -0.4575 -0.8041
vn -0.4025 -0.4252 -0.8106
vn -0.4895 -0.2995 -0.8190
vn -0.5127 -0.2598 -0.8183
vn -0.5662 -0.1178 -0.8158
vn -0.5597 -0.1338 -0.8178
vn -0.5921 -0.0630 -0.8034
vn -0.5835 -0.0551 -0.8102
vn -0.5614 -0.1579 -0.8124
vn -0.5740 -0.1335 -0.8079
vn -0.5047 -0.2755 -0.8181
vn -0.4883 -0.3066 -0.8170
vn -0.4578 -0.3466 -0.8187
vn 0.4099 0.4266 -0.8062
vn 0.4708 0.3302 -0.8181
vn 0.3925 0.4485 -0.8030
vn 0.3686 0.4953 -0.7866
vn 0.4865 0.3066 -0.8181
vn 0.5572 0.1415 -0.8182
vn 0.5498 0.1652 -0.8188
vn 0.5808 0.0786 -0.8103
vn 0.5811 0.0708 -0.8108
vn 0.5187 0.2441 -0.8194
vn 0.5338 0.2124 -0.8185
vn 0.3696 0.4651 -0.8044
vn 0.3471 0.4904 -0.7994
vn 0.2910 0.5522 -0.7813
vt -0.214165 0.801779
vt -0.219140 0.818278
vt -0.219140 0.801779
vt -0.214165 0.818278
vt -0.219140 0.833287
vt -0.214165 0.833287
vt -0.249962 0.816871
vt -0.235096 0.811897
vt -0.235096 0.816871
vt -0.249962 0.811897
vt -0.211289 0.811897
vt -0.183343 0.811897
vt -0.211289 0.816871
vt -0.183343 0.816871
vt -0.222015 0.816262
vt -0.203538 0.801779
vt -0.198209 0.838950
vt -0.189425 0.818278
vt -0.183343 0.833287
vt -0.211333 0.794782
vt -0.216737 0.792776
vt -0.230487 0.790778
vt -0.249962 0.789818
vt -0.230487 0.816871
vt -0.230487 0.811897
vt -0.216737 0.816871
vt -0.216737 0.811897
vt -0.211333 0.816871
vt -0.211333 0.811897
vt -0.203538 0.816871
vt -0.203538 0.811897
vt -0.211289 0.816262
vt -0.229767 0.801779
vt -0.221972 0.794782
vt -0.216568 0.792776
vt -0.202818 0.790778
vt -0.183343 0.789818
vt -0.235096 0.838950
vt -0.243880 0.818278
vt -0.249962 0.833287
vt 0.335544 0.478773
vt 0.344836 0.457193
vt 0.344836 0.478773
vt 0.335544 0.457193
vt 0.344836 0.500826
vt 0.335544 0.500826
vt 0.349286 0.525275
vt 0.380523 0.525275
vt 0.349286 0.534567
vt 0.380523 0.534567
vt 0.405561 0.525275
vt 0.405561 0.534567
vt 0.286988 0.534567
vt 0.286988 0.525275
vt 0.331094 0.550190
vt 0.297949 0.527298
vt 0.321795 0.499876
vt 0.349217 0.482946
vt 0.299857 0.578089
vt 0.393392 0.500826
vt 0.399292 0.457193
vt 0.405561 0.478773
vt 0.290319 0.543274
vt 0.281258 0.570458
vt 0.274819 0.602649
vt 0.335544 0.602649
vt 0.344836 0.570458
vt 0.344836 0.602649
vt 0.335544 0.570458
vt 0.344836 0.543274
vt 0.335544 0.543274
vt 0.344836 0.527298
vt 0.335544 0.527298
vt 0.344836 0.499876
vt 0.335544 0.499876
vt 0.321795 0.525275
vt 0.349217 0.534567
vt 0.321795 0.534567
vt 0.349217 0.525275
vt 0.399292 0.534567
vt 0.399292 0.525275
vt 0.331163 0.482946
vt 0.286988 0.500826
vt 0.281088 0.457193
vt 0.274819 0.478773
vt 0.349286 0.550190
vt 0.358585 0.499876
vt 0.382431 0.527298
vt 0.380523 0.578089
vt 0.390061 0.543274
vt 0.399122 0.570458
vt 0.405561 0.602649
vt 0.845798 0.280802
vt 0.838291 0.260279
vt 0.845798 0.260279
vt 0.838291 0.280802
vt 0.850736 0.294689
vt 0.909285 0.294689
vt 0.850736 0.302196
vt 0.909285 0.302196
vt 0.778171 0.302196
vt 0.778171 0.294689
vt 0.858720 0.266012
vt 0.905919 0.280802
vt 0.833353 0.313147
vt 0.909285 0.260279
vt 0.824471 0.275699
vt 0.808704 0.282503
vt 0.802010 0.289171
vt 0.789599 0.308271
vt 0.774805 0.336606
vt 0.838291 0.336606
vt 0.845798 0.308271
vt 0.845798 0.336606
vt 0.838291 0.308271
vt 0.845798 0.289171
vt 0.838291 0.289171
vt 0.802010 0.294689
vt 0.808704 0.302196
vt 0.802010 0.302196
vt 0.808704 0.294689
vt 0.824471 0.302196
vt 0.824471 0.294689
vt 0.858720 0.302196
vt 0.858720 0.294689
vt 0.859619 0.275699
vt 0.850736 0.313147
vt 0.825370 0.266012
vt 0.875385 0.282503
vt 0.882079 0.289171
vt 0.894490 0.308271
vt 0.909285 0.336606
vt 0.778171 0.280802
vt 0.774805 0.260279
vt 0.402113 1.253130
vt 0.415538 1.247470
vt 0.415538 1.253130
vt 0.402113 1.247470
vt 0.451820 1.247470
vt 0.494323 1.247470
vt 0.451820 1.253130
vt 0.494323 1.253130
vt 0.444616 1.257680
vt 0.457837 1.233430
vt 0.480898 1.271110
vt 0.480764 1.244690
vt 0.494323 1.258070
vt 0.446158 1.229500
vt 0.439386 1.229850
vt 0.423600 1.234090
vt 0.402113 1.242120
vt 0.423600 1.253130
vt 0.423600 1.247470
vt 0.439386 1.253130
vt 0.439386 1.247470
vt 0.446158 1.247470
vt 0.446158 1.253130
vt 0.457837 1.247470
vt 0.457837 1.253130
vt 0.480764 1.253130
vt 0.480764 1.247470
vt 0.457049 1.229850
vt 0.472835 1.234090
vt 0.451820 1.257680
vt 0.494323 1.242120
vt 0.450278 1.229500
vt 0.438599 1.233430
vt 0.415538 1.271110
vt 0.415671 1.244690
vt 0.402113 1.258070
vt -0.077654 0.731991
vt -0.082389 0.739454
vt -0.082389 0.731991
vt -0.077654 0.739454
vt -0.082389 0.755774
vt -0.077654 0.755774
vt -0.077654 0.768598
vt -0.082389 0.768598
vt -0.097927 0.740329
vt -0.085332 0.745064
vt -0.097927 0.745064
vt -0.085332 0.740329
vt -0.067497 0.739454
vt -0.062086 0.755774
vt -0.074711 0.768303
vt -0.062116 0.768598
vt -0.085378 0.744545
vt -0.071119 0.731991
vt -0.074481 0.728904
vt -0.083965 0.723325
vt -0.097957 0.716794
vt -0.077654 0.768303
vt -0.082389 0.768303
vt -0.082389 0.744545
vt -0.077654 0.744545
vt -0.082389 0.716794
vt -0.077654 0.716794
vt -0.097957 0.740329
vt -0.083965 0.745064
vt -0.097957 0.745064
vt -0.083965 0.740329
vt -0.074481 0.745064
vt -0.074481 0.740329
vt -0.071119 0.745064
vt -0.071119 0.740329
vt -0.092546 0.739454
vt -0.074665 0.744545
vt -0.085332 0.768303
vt -0.097957 0.755774
vt -0.097927 0.768598
vt -0.088924 0.731991
vt -0.085562 0.728904
vt -0.076078 0.723325
vt -0.062086 0.716794
vt -0.212093 1.186410
vt -0.218624 1.162000
vt -0.212093 1.162000
vt -0.218624 1.186410
vt -0.215322 1.171360
vt -0.152501 1.171360
vt -0.215322 1.177890
vt -0.152501 1.177890
vt -0.269035 1.177890
vt -0.269035 1.171360
vt -0.213129 1.152610
vt -0.177541 1.153180
vt -0.215395 1.191030
vt -0.230186 1.154590
vt -0.238515 1.159050
vt -0.255896 1.173770
vt -0.278216 1.196650
vt -0.161682 1.186410
vt -0.152501 1.162000
vt -0.218624 1.196650
vt -0.212093 1.173770
vt -0.212093 1.196650
vt -0.218624 1.173770
vt -0.255896 1.171360
vt -0.238515 1.177890
vt -0.255896 1.177890
vt -0.238515 1.171360
vt -0.230186 1.177890
vt -0.230186 1.171360
vt -0.213129 1.177890
vt -0.213129 1.171360
vt -0.177541 1.177890
vt -0.177541 1.171360
vt -0.215322 1.191030
vt -0.253176 1.153180
vt -0.217588 1.152610
vt -0.200531 1.154590
vt -0.192202 1.159050
vt -0.174820 1.173770
vt -0.152501 1.196650
vt -0.269035 1.186410
vt -0.278216 1.162000
vt 0.341161 1.161850
vt 0.315691 1.193490
vt 0.305131 1.183770
vt 0.341161 1.176210
vt 0.304028 1.206790
vt 0.291416 1.199930
vt 0.279607 1.232290
vt 0.292105 1.234810
vt 0.276466 1.266910
vt 0.289124 1.265410
vt 0.275998 1.276110
vt 0.286669 1.283080
vt 0.266361 1.310860
vt 0.260978 1.307420
vt 0.244825 1.328610
vt 0.326252 1.203220
vt 0.341161 1.190560
vt 0.316639 1.213650
vt 0.304603 1.237320
vt 0.301783 1.263900
vt 0.297340 1.290050
vt 0.271743 1.314310
vt 0.244825 1.161850
vt 0.270295 1.193490
vt 0.244825 1.176210
vt 0.280856 1.183770
vt 0.281959 1.206790
vt 0.294570 1.199930
vt 0.306379 1.232290
vt 0.293881 1.234810
vt 0.309521 1.266910
vt 0.296862 1.265410
vt 0.309988 1.276110
vt 0.299317 1.283080
vt 0.319626 1.310860
vt 0.325009 1.307420
vt 0.341161 1.328610
vt 0.269347 1.213650
vt 0.259735 1.203220
vt 0.244825 1.190560
vt 0.281384 1.237320
vt 0.284203 1.263900
vt 0.288647 1.290050
vt 0.314243 1.314310
s 1
usemtl Meshpart1Mtl.001
f 733/383/406 734/384/407 735/385/406
f 734/384/407 733/383/406 736/386/408
f 736/386/408 737/387/409 734/384/407
f 737/387/409 736/386/408 738/388/409
f 739/389/410 740/390/410 741/391/411
f 740/390/410 739/389/410 742/392/411
f 743/393/412 744/394/413 745/395/412
f 746/396/414 745/395/412 744/394/413
f 747/391/412 748/393/412 749/395/412
f 748/393/412 747/391/412 750/390/415
f 751/397/416 752/398/417 753/399/418
f 753/399/418 752/398/417 754/400/418
f 755/401/419 753/399/418 754/400/418
f 752/398/417 751/397/416 756/402/416
f 751/397/416 757/403/416 756/402/416
f 757/403/416 751/397/416 758/404/420
f 758/404/420 751/397/416 759/405/418
f 760/392/421 761/406/422 762/389/423
f 761/406/422 760/392/421 763/407/422
f 763/407/422 764/408/424 761/406/422
f 764/408/424 763/407/422 765/409/424
f 766/409/425 767/410/426 768/408/425
f 767/410/426 766/409/425 769/411/426
f 769/411/426 770/412/406 767/410/426
f 770/412/406 769/411/426 771/413/406
f 772/414/427 773/415/427 774/416/427
f 772/414/427 774/416/427 775/417/427
f 772/414/427 775/417/427 776/418/427
f 776/418/427 777/419/427 772/414/427
f 773/415/427 772/414/427 778/420/427
f 773/415/427 778/420/427 779/421/427
f 779/421/427 778/420/427 780/422/427
f 781/423/428 782/424/428 783/425/428
f 782/424/428 781/423/428 784/426/429
f 787/423/430 786/427/431 785/428/432
f 786/427/431 787/423/430 788/425/430
f 789/429/433 790/430/434 791/431/433
f 792/432/434 791/431/433 790/430/434
f 792/432/434 790/430/434 793/433/435
f 794/434/436 792/432/434 793/433/435
f 795/435/437 789/429/433 791/431/433
f 789/429/433 795/435/437 796/436/431
f 797/437/417 798/438/417 799/439/417
f 797/437/417 799/439/417 800/440/417
f 801/441/417 798/438/417 797/437/417
f 800/440/417 802/442/417 797/437/417
f 803/443/417 802/442/417 800/440/417
f 802/442/417 803/443/417 804/444/417
f 798/438/417 801/441/417 805/445/417
f 805/445/417 801/441/417 806/446/417
f 806/446/417 801/441/417 807/447/417
f 808/448/438 809/449/439 810/450/438
f 809/449/439 808/448/438 811/451/439
f 811/451/439 812/452/440 809/449/439
f 812/452/440 811/451/439 813/453/441
f 813/453/441 814/454/442 812/452/440
f 814/454/442 813/453/441 815/455/443
f 815/455/443 816/456/444 814/454/442
f 816/456/444 815/455/443 817/457/444
f 819/458/445 820/459/446 818/460/445
f 820/459/446 819/458/445 821/461/446
f 821/461/446 822/462/447 820/459/446
f 822/462/447 821/461/446 823/463/448
f 824/464/449 825/465/449 826/466/427
f 826/466/427 825/465/449 827/467/427
f 825/465/449 824/464/449 828/468/427
f 829/469/427 828/468/427 824/464/449
f 828/468/427 829/469/427 830/470/450
f 830/470/450 831/471/450 828/468/427
f 831/471/450 830/470/450 832/472/450
f 831/471/450 832/472/450 833/473/427
f 833/473/427 834/474/427 831/471/450
f 835/475/451 836/476/452 837/477/452
f 836/476/452 835/475/451 838/478/452
f 839/479/453 840/480/454 841/481/453
f 842/482/454 841/481/453 840/480/454
f 843/483/455 839/479/453 841/481/453
f 839/479/453 843/483/455 844/484/455
f 845/485/417 846/486/417 847/487/417
f 846/486/417 845/485/417 848/488/417
f 847/487/417 849/489/417 845/485/417
f 847/487/417 850/490/416 849/489/417
f 850/490/416 847/487/417 851/491/417
f 851/491/417 847/487/417 852/492/418
f 852/492/418 847/487/417 853/493/418
f 854/494/456 855/495/457 856/496/458
f 855/495/457 854/494/456 857/497/459
f 857/497/459 858/498/460 855/495/457
f 858/498/460 857/497/459 859/499/460
f 861/500/461 862/501/462 860/502/460
f 862/501/462 861/500/461 863/503/462
f 863/503/462 864/504/463 862/501/462
f 864/504/463 863/503/462 865/505/463
f 865/505/463 866/506/464 864/504/463
f 866/506/464 865/505/463 867/507/464
f 867/507/464 868/482/465 866/506/464
f 868/482/465 867/507/464 869/480/466
f 870/508/427 871/509/427 872/510/450
f 873/511/449 871/509/427 870/508/427
f 871/509/427 873/511/449 874/512/467
f 871/509/427 874/512/467 875/513/427
f 871/509/427 875/513/427 876/514/427
f 872/510/450 871/509/427 877/515/450
f 872/510/450 877/515/450 878/516/427
f 879/517/468 880/518/469 881/519/468
f 880/518/469 879/517/468 882/520/468
f 883/521/470 884/522/470 885/523/471
f 886/524/470 885/523/471 884/522/470
f 887/519/470 883/521/470 885/523/471
f 883/521/470 887/519/470 888/518/472
f 889/525/417 890/526/417 891/527/417
f 891/527/417 890/526/417 892/528/417
f 892/528/417 893/529/417 891/527/417
f 890/526/417 889/525/417 894/530/417
f 889/525/417 895/531/417 894/530/417
f 895/531/417 889/525/417 896/532/417
f 896/532/417 889/525/417 897/533/417
f 898/520/473 899/534/474 900/517/473
f 899/534/474 898/520/473 901/535/474
f 901/535/474 902/536/475 899/534/474
f 902/536/475 901/535/474 903/537/476
f 904/538/477 902/536/475 903/537/476
f 902/536/475 904/538/477 905/539/477
f 906/540/478 905/539/477 904/538/477
f 905/539/477 906/540/478 907/541/478
f 908/540/478 909/542/479 910/541/478
f 909/542/479 908/540/478 911/543/479
f 911/543/479 912/524/480 909/542/479
f 912/524/480 911/543/479 913/522/481
f 914/544/482 915/545/450 916/546/450
f 917/547/482 916/546/450 915/545/450
f 916/546/450 918/548/427 914/544/482
f 916/546/450 919/549/482 918/548/427
f 920/550/427 919/549/482 916/546/450
f 919/549/482 920/550/427 921/551/427
f 921/551/427 920/550/427 922/552/427
f 924/553/483 925/554/484 923/555/483
f 925/554/484 924/553/483 926/556/484
f 926/556/484 927/557/485 925/554/484
f 927/557/485 926/556/484 928/558/485
f 929/559/486 927/557/485 928/558/485
f 929/559/486 930/560/486 927/557/485
f 931/561/487 932/562/487 933/563/487
f 932/562/487 931/561/487 934/564/487
f 935/565/417 936/566/417 937/567/417
f 938/568/417 937/567/417 936/566/417
f 939/569/417 935/565/417 937/567/417
f 935/565/417 939/569/417 940/570/417
f 939/569/417 941/571/416 940/570/417
f 941/571/416 939/569/417 942/572/416
f 942/572/416 939/569/417 943/573/417
f 944/574/488 945/575/489 946/576/489
f 944/574/488 946/576/489 947/577/490
f 948/576/490 949/578/489 950/577/490
f 950/577/490 949/578/489 951/579/489
f 952/580/491 953/581/492 954/582/493
f 953/581/492 952/580/491 955/583/494
f 955/583/494 956/584/495 953/581/492
f 956/584/495 955/583/494 957/585/495
f 957/585/495 958/586/496 956/584/495
f 958/586/496 957/585/495 959/587/483
f 960/588/427 961/589/427 962/590/449
f 960/588/427 962/590/449 963/591/427
f 963/591/427 962/590/449 964/592/427
f 961/589/427 960/588/427 965/593/450
f 966/594/427 961/589/427 965/593/450
f 961/589/427 966/594/427 967/595/427
f 961/589/427 967/595/427 968/596/427
f 969/597/497 970/598/497 971/599/498
f 970/598/497 969/597/497 972/600/497
f 973/601/499 974/602/500 975/603/499
f 976/604/500 975/603/499 974/602/500
f 977/605/501 973/601/499 975/603/499
f 973/601/499 977/605/501 978/606/502
f 979/607/419 980/608/417 981/609/418
f 981/609/418 982/610/418 979/607/419
f 982/610/418 981/609/418 983/611/418
f 983/611/418 981/609/418 984/612/418
f 984/612/418 981/609/418 985/613/417
f 980/608/417 986/614/417 981/609/418
f 986/614/417 980/608/417 987/615/417
f 988/616/503 989/617/504 990/618/505
f 989/617/504 988/616/503 991/619/504
f 993/620/504 994/621/506 992/622/504
f 994/621/506 993/620/504 995/623/506
f 995/623/506 996/624/507 994/621/506
f 996/624/507 995/623/506 997/625/507
f 997/625/507 998/626/508 996/624/507
f 998/626/508 997/625/507 999/627/508
f 1000/627/508 1001/628/509 998/626/508
f 1001/628/509 1000/627/508 1002/629/510
f 1002/629/510 1003/604/511 1001/628/509
f 1003/604/511 1002/629/510 1004/602/512
f 1005/630/427 1006/631/427 1007/632/427
f 1008/633/427 1005/630/427 1007/632/427
f 1005/630/427 1008/633/427 1009/634/427
f 1005/630/427 1009/634/427 1010/635/427
f 1010/635/427 1011/636/427 1005/630/427
f 1006/631/427 1005/630/427 1012/637/427
f 1006/631/427 1012/637/427 1013/638/450
f 1014/639/513 1015/640/514 1016/641/515
f 1015/640/514 1014/639/513 1017/642/513
f 1016/641/515 1015/640/514 1018/643/516
f 1018/643/516 1019/644/517 1016/641/515
f 1018/643/516 1020/645/518 1019/644/517
f 1020/645/518 1018/643/516 1021/646/519
f 1021/646/519 1022/647/520 1020/645/518
f 1022/647/520 1021/646/519 1023/648/521
f 1023/648/521 1024/649/522 1022/647/520
f 1024/649/522 1023/648/521 1025/650/523
f 1024/649/522 1025/650/523 1026/651/524
f 1027/652/525 1024/649/522 1026/651/524
f 1027/652/525 1026/651/524 1028/653/526
f 1029/640/527 1030/642/528 1031/654/529
f 1030/642/528 1032/655/528 1031/654/529
f 1029/640/527 1031/654/529 1033/656/530
f 1033/656/530 1034/643/531 1029/640/527
f 1033/656/530 1035/646/532 1034/643/531
f 1035/646/532 1033/656/530 1036/657/533
f 1037/657/533 1038/648/534 1035/646/535
f 1038/648/534 1037/657/533 1039/658/536
f 1039/658/536 1040/650/537 1038/648/534
f 1040/650/537 1039/658/536 1041/659/538
f 1040/650/537 1041/659/538 1042/660/539
f 1043/651/540 1040/650/537 1042/660/539
f 1043/651/540 1042/660/539 1044/653/541
f 1045/661/542 1046/662/543 1047/663/542
f 1046/662/543 1045/661/542 1048/664/544
f 1048/664/544 1049/665/545 1046/662/543
f 1049/665/545 1048/664/544 1050/666/546
f 1051/667/547 1049/665/545 1050/666/546
f 1051/667/547 1052/668/548 1049/665/545
f 1053/669/549 1052/668/548 1051/667/547
f 1053/669/549 1054/670/550 1052/668/548
f 1055/671/551 1054/670/550 1053/669/549
f 1055/671/551 1056/672/552 1054/670/550
f 1055/671/551 1057/673/553 1056/672/552
f 1057/673/553 1055/671/551 1058/674/554
f 1057/673/553 1058/674/554 1059/675/555
f 1060/662/556 1061/676/557 1062/677/558
f 1062/677/558 1063/663/559 1060/662/556
f 1064/678/559 1063/663/559 1062/677/558
f 1061/676/557 1060/662/556 1065/665/560
f 1066/668/561 1061/676/557 1065/665/560
f 1066/668/561 1067/679/562 1061/676/557
f 1068/670/563 1069/679/562 1066/668/561
f 1068/670/563 1070/680/564 1069/679/562
f 1071/672/565 1070/680/564 1068/670/563
f 1071/672/565 1072/681/566 1070/680/564
f 1071/672/565 1073/682/567 1072/681/566
f 1073/682/567 1071/672/565 1074/673/568
f 1073/682/567 1074/673/568 1075/675/569
o archkatwing2
v 0.370253 -1.271937 -0.002869
v 0.307108 -1.198139 -0.025165
v 0.370228 -1.271937 -0.025237
v 0.307133 -1.198139 -0.002797
v 0.279937 -1.131011 -0.025134
v 0.279963 -1.131011 -0.002767
v 0.279937 -1.131011 -0.025134
v 0.346435 -1.105685 -0.002842
v 0.346409 -1.105685 -0.025210
v 0.279963 -1.131011 -0.002767
v 0.452938 -1.207157 -0.002963
v 0.577893 -1.325435 -0.003104
v 0.452912 -1.207157 -0.025331
v 0.577868 -1.325435 -0.025472
v 0.346409 -1.105685 -0.025210
v 0.452938 -1.207157 -0.002963
v 0.452912 -1.207157 -0.025331
v 0.346435 -1.105685 -0.002842
v 0.452912 -1.207157 -0.025331
v 0.370228 -1.271937 -0.025237
v 0.346409 -1.105685 -0.025210
v 0.307108 -1.198139 -0.025165
v 0.279937 -1.131011 -0.025134
v 0.405114 -1.303234 -0.025276
v 0.429265 -1.312202 -0.025304
v 0.490764 -1.321142 -0.025373
v 0.577868 -1.325435 -0.025472
v 0.577893 -1.325435 -0.003104
v 0.490764 -1.321142 -0.025373
v 0.577868 -1.325435 -0.025472
v 0.490789 -1.321142 -0.003006
v 0.429265 -1.312202 -0.025304
v 0.429290 -1.312202 -0.002936
v 0.429290 -1.312202 -0.002936
v 0.405114 -1.303234 -0.025276
v 0.429265 -1.312202 -0.025304
v 0.405140 -1.303234 -0.002909
v 0.370228 -1.271937 -0.025237
v 0.370253 -1.271937 -0.002869
v 0.452938 -1.207157 -0.002963
v 0.370253 -1.271937 -0.002869
v 0.405140 -1.303234 -0.002909
v 0.429290 -1.312202 -0.002936
v 0.490789 -1.321142 -0.003006
v 0.577893 -1.325435 -0.003104
v 0.346435 -1.105685 -0.002842
v 0.307133 -1.198139 -0.002797
v 0.279963 -1.131011 -0.002767
v 0.409352 -0.745478 -0.034785
v 0.437465 -0.841997 0.006558
v 0.409399 -0.745478 0.006590
v 0.437418 -0.841997 -0.034816
v 0.463804 -0.646845 -0.034846
v 0.463851 -0.646845 0.006528
v 0.409352 -0.745478 -0.034785
v 0.409399 -0.745478 0.006590
v 0.742493 -0.426061 0.006212
v 0.882206 -0.301280 0.006054
v 0.742446 -0.426061 -0.035162
v 0.882160 -0.301280 -0.035321
v 0.994191 -0.191428 0.005927
v 0.994144 -0.191428 -0.035448
v 0.463804 -0.646845 -0.034846
v 0.463851 -0.646845 0.006528
v 0.742446 -0.426061 -0.035162
v 0.890661 -0.528444 -0.035330
v 0.784042 -0.651094 -0.035209
v 0.661382 -0.726816 -0.035070
v 0.882160 -0.301280 -0.035321
v 0.463804 -0.646845 -0.034846
v 0.437418 -0.841997 -0.034816
v 0.409352 -0.745478 -0.034785
v 0.924818 -0.456989 -0.035369
v 0.965352 -0.335406 -0.035415
v 0.994144 -0.191428 -0.035448
v 0.994191 -0.191428 0.005927
v 0.965352 -0.335406 -0.035415
v 0.994144 -0.191428 -0.035448
v 0.965399 -0.335406 0.005960
v 0.924818 -0.456989 -0.035369
v 0.924865 -0.456989 0.006006
v 0.890661 -0.528444 -0.035330
v 0.890707 -0.528444 0.006044
v 0.784042 -0.651094 -0.035209
v 0.784089 -0.651094 0.006165
v 0.784042 -0.651094 -0.035209
v 0.784089 -0.651094 0.006165
v 0.661382 -0.726816 -0.035070
v 0.661429 -0.726816 0.006304
v 0.437418 -0.841997 -0.034816
v 0.437465 -0.841997 0.006558
v 0.661429 -0.726816 0.006304
v 0.463851 -0.646845 0.006528
v 0.437465 -0.841997 0.006558
v 0.409399 -0.745478 0.006590
v 0.742493 -0.426061 0.006212
v 0.784089 -0.651094 0.006165
v 0.890707 -0.528444 0.006044
v 0.882206 -0.301280 0.006054
v 0.924865 -0.456989 0.006006
v 0.965399 -0.335406 0.005960
v 0.994191 -0.191428 0.005927
v 0.438745 -0.836937 0.002650
v 0.423667 -0.928720 -0.030877
v 0.423705 -0.928720 0.002667
v 0.438707 -0.836937 -0.030894
v 0.763342 -0.692265 0.002282
v 1.025217 -0.587343 0.001985
v 0.763304 -0.692265 -0.031262
v 1.025179 -0.587343 -0.031559
v 0.438707 -0.836937 -0.030894
v 0.438745 -0.836937 0.002650
v 0.649814 -0.903087 -0.031133
v 0.438707 -0.836937 -0.030894
v 0.763304 -0.692265 -0.031262
v 0.423667 -0.928720 -0.030877
v 0.803002 -0.859758 -0.031307
v 0.873556 -0.829328 -0.031387
v 0.903466 -0.799501 -0.031421
v 0.958984 -0.714080 -0.031483
v 1.025179 -0.587343 -0.031559
v 1.025217 -0.587343 0.001985
v 0.958984 -0.714080 -0.031483
v 1.025179 -0.587343 -0.031559
v 0.959022 -0.714080 0.002060
v 0.903466 -0.799501 -0.031421
v 0.903504 -0.799501 0.002123
v 0.903466 -0.799501 -0.031421
v 0.903504 -0.799501 0.002123
v 0.873556 -0.829328 -0.031387
v 0.873595 -0.829328 0.002157
v 0.803002 -0.859758 -0.031307
v 0.803040 -0.859758 0.002237
v 0.649814 -0.903087 -0.031133
v 0.649853 -0.903087 0.002410
v 0.423667 -0.928720 -0.030877
v 0.423705 -0.928720 0.002667
v 0.803040 -0.859758 0.002237
v 0.763342 -0.692265 0.002282
v 0.649853 -0.903087 0.002410
v 0.873595 -0.829328 0.002157
v 0.903504 -0.799501 0.002123
v 0.959022 -0.714080 0.002060
v 1.025217 -0.587343 0.001985
v 0.438745 -0.836937 0.002650
v 0.423705 -0.928720 0.002667
v 0.332822 -1.096745 -0.026866
v 0.392951 -1.038428 -0.001223
v 0.392922 -1.038428 -0.026935
v 0.332851 -1.096745 -0.001155
v 0.555194 -1.098495 -0.001407
v 0.745282 -1.168094 -0.001622
v 0.555165 -1.098495 -0.027119
v 0.745253 -1.168094 -0.027334
v 0.392922 -1.038428 -0.026935
v 0.392951 -1.038428 -0.001223
v 0.555165 -1.098495 -0.027119
v 0.496017 -1.206950 -0.027051
v 0.392922 -1.038428 -0.026935
v 0.393481 -1.156605 -0.026935
v 0.332822 -1.096745 -0.026866
v 0.548289 -1.224533 -0.027111
v 0.578535 -1.222973 -0.027145
v 0.649149 -1.203998 -0.027225
v 0.745253 -1.168094 -0.027334
v 0.745282 -1.168094 -0.001622
v 0.649149 -1.203998 -0.027225
v 0.745253 -1.168094 -0.027334
v 0.649178 -1.203998 -0.001513
v 0.578535 -1.222973 -0.027145
v 0.578565 -1.222973 -0.001433
v 0.548319 -1.224533 -0.001399
v 0.548289 -1.224533 -0.027111
v 0.496046 -1.206950 -0.001340
v 0.496017 -1.206950 -0.027051
v 0.496046 -1.206950 -0.001340
v 0.393481 -1.156605 -0.026935
v 0.496017 -1.206950 -0.027051
v 0.393510 -1.156605 -0.001223
v 0.332822 -1.096745 -0.026866
v 0.332851 -1.096745 -0.001155
v 0.578565 -1.222973 -0.001433
v 0.649178 -1.203998 -0.001513
v 0.555194 -1.098495 -0.001407
v 0.745282 -1.168094 -0.001622
v 0.548319 -1.224533 -0.001399
v 0.496046 -1.206950 -0.001340
v 0.392951 -1.038428 -0.001223
v 0.393510 -1.156605 -0.001223
v 0.332851 -1.096745 -0.001155
v 0.286869 -1.327862 -0.024579
v 0.286893 -1.327862 -0.003338
v 0.270656 -1.294485 -0.024561
v 0.270681 -1.294485 -0.003319
v 0.246446 -1.221492 -0.024533
v 0.246470 -1.221492 -0.003292
v 0.246641 -1.164136 -0.003292
v 0.246617 -1.164136 -0.024534
v 0.246641 -1.164136 -0.003292
v 0.302916 -1.165456 -0.024597
v 0.246617 -1.164136 -0.024534
v 0.302940 -1.165456 -0.003356
v 0.270656 -1.294485 -0.024561
v 0.246446 -1.221492 -0.024533
v 0.302916 -1.165456 -0.024597
v 0.246617 -1.164136 -0.024534
v 0.350658 -1.271714 -0.024652
v 0.286869 -1.327862 -0.024579
v 0.301909 -1.341671 -0.024596
v 0.344341 -1.366628 -0.024644
v 0.406902 -1.395834 -0.024715
v 0.302916 -1.165456 -0.024597
v 0.302940 -1.165456 -0.003356
v 0.350683 -1.271714 -0.003410
v 0.350658 -1.271714 -0.024652
v 0.350683 -1.271714 -0.003410
v 0.406926 -1.395834 -0.003474
v 0.350658 -1.271714 -0.024652
v 0.406902 -1.395834 -0.024715
v 0.406926 -1.395834 -0.003474
v 0.344341 -1.366628 -0.024644
v 0.406902 -1.395834 -0.024715
v 0.344365 -1.366628 -0.003403
v 0.301909 -1.341671 -0.024596
v 0.301933 -1.341671 -0.003355
v 0.286869 -1.327862 -0.024579
v 0.286893 -1.327862 -0.003338
v 0.270681 -1.294485 -0.003319
v 0.350683 -1.271714 -0.003410
v 0.302940 -1.165456 -0.003356
v 0.246470 -1.221492 -0.003292
v 0.246641 -1.164136 -0.003292
v 0.286893 -1.327862 -0.003338
v 0.301933 -1.341671 -0.003355
v 0.344365 -1.366628 -0.003403
v 0.406926 -1.395834 -0.003474
v 0.400277 -0.927004 0.000458
v 0.359210 -1.036175 -0.028568
v 0.359243 -1.036175 0.000505
v 0.400244 -0.927004 -0.028615
v 0.640513 -0.906357 0.000186
v 0.921505 -0.881199 -0.000133
v 0.640480 -0.906357 -0.028887
v 0.921472 -0.881199 -0.029206
v 0.400244 -0.927004 -0.028615
v 0.400277 -0.927004 0.000458
v 0.630358 -1.078195 -0.028876
v 0.471190 -1.075629 -0.028695
v 0.640480 -0.906357 -0.028887
v 0.706675 -1.069339 -0.028962
v 0.743908 -1.049386 -0.029005
v 0.821619 -0.983544 -0.029093
v 0.921472 -0.881199 -0.029206
v 0.400244 -0.927004 -0.028615
v 0.359210 -1.036175 -0.028568
v 0.921505 -0.881199 -0.000133
v 0.821619 -0.983544 -0.029093
v 0.921472 -0.881199 -0.029206
v 0.821652 -0.983544 -0.000020
v 0.821619 -0.983544 -0.029093
v 0.821652 -0.983544 -0.000020
v 0.743908 -1.049386 -0.029005
v 0.743941 -1.049386 0.000068
v 0.706675 -1.069339 -0.028962
v 0.706708 -1.069339 0.000111
v 0.630358 -1.078195 -0.028876
v 0.630391 -1.078195 0.000197
v 0.630391 -1.078195 0.000197
v 0.471190 -1.075629 -0.028695
v 0.471223 -1.075629 0.000378
v 0.359210 -1.036175 -0.028568
v 0.359243 -1.036175 0.000505
v 0.640513 -0.906357 0.000186
v 0.471223 -1.075629 0.000378
v 0.630391 -1.078195 0.000197
v 0.706708 -1.069339 0.000111
v 0.743941 -1.049386 0.000068
v 0.821652 -0.983544 -0.000020
v 0.921505 -0.881199 -0.000133
v 0.400277 -0.927004 0.000458
v 0.359243 -1.036175 0.000505
v 0.178979 -1.264177 -0.013828
v 0.292811 -1.122642 -0.058692
v 0.340105 -1.166143 -0.014010
v 0.178929 -1.199962 -0.058563
v 0.344972 -1.063173 -0.058751
v 0.401437 -1.093855 -0.014080
v 0.454269 -0.949099 -0.014140
v 0.398317 -0.937861 -0.053779
v 0.468302 -0.794257 -0.014156
v 0.411676 -0.800988 -0.053794
v 0.470426 -0.753154 -0.014158
v 0.422634 -0.721957 -0.053806
v 0.513505 -0.597697 -0.034340
v 0.537572 -0.613100 -0.014234
v 0.609803 -0.518325 -0.014316
v 0.292811 -1.122642 -0.058692
v 0.178929 -1.199962 -0.058563
v 0.245622 -1.079146 -0.013903
v 0.178979 -1.135752 -0.013828
v 0.288613 -1.032490 -0.013952
v 0.344972 -1.063173 -0.058751
v 0.398317 -0.937861 -0.053779
v 0.342451 -0.926618 -0.014013
v 0.342451 -0.926618 -0.014013
v 0.411676 -0.800988 -0.053794
v 0.355089 -0.807725 -0.014027
v 0.422634 -0.721957 -0.053806
v 0.374936 -0.690766 -0.014050
v 0.489433 -0.582295 -0.014180
v 0.513505 -0.597697 -0.034340
v 0.609803 -0.518325 -0.014316
v 0.178979 -1.264177 -0.013828
v 0.292912 -1.122642 0.030762
v 0.179030 -1.199962 0.030891
v 0.340105 -1.166143 -0.014010
v 0.345074 -1.063173 0.030703
v 0.401437 -1.093855 -0.014080
v 0.454269 -0.949099 -0.014140
v 0.398407 -0.937861 0.025609
v 0.468302 -0.794257 -0.014156
v 0.411766 -0.800988 0.025594
v 0.470426 -0.753154 -0.014158
v 0.422724 -0.721957 0.025582
v 0.513551 -0.597697 0.005909
v 0.537572 -0.613100 -0.014234
v 0.609803 -0.518325 -0.014316
v 0.292912 -1.122642 0.030762
v 0.288613 -1.032490 -0.013952
v 0.245622 -1.079146 -0.013903
v 0.179030 -1.199962 0.030891
v 0.178979 -1.135752 -0.013828
v 0.345074 -1.063173 0.030703
v 0.398407 -0.937861 0.025609
v 0.342451 -0.926618 -0.014013
v 0.411766 -0.800988 0.025594
v 0.342451 -0.926618 -0.014013
v 0.355089 -0.807725 -0.014027
v 0.422724 -0.721957 0.025582
v 0.374936 -0.690766 -0.014050
v 0.489433 -0.582295 -0.014180
v 0.513551 -0.597697 0.005909
v 0.609803 -0.518325 -0.014316
vn -0.7149 -0.6992 0.0008
vn -0.8644 -0.5029 0.0010
vn -0.8643 -0.5029 0.0010
vn -0.9263 -0.3768 0.0011
vn -0.3537 0.9354 0.0004
vn -0.3537 0.9353 0.0004
vn 0.6912 0.7226 -0.0008
vn 0.6870 0.7266 -0.0008
vn 0.6871 0.7266 -0.0008
vn 0.6912 0.7227 -0.0008
vn -0.0011 -0.0000 -1.0000
vn -0.0011 0.0001 -1.0000
vn -0.0472 -0.9989 0.0001
vn -0.0948 -0.9955 0.0001
vn -0.2517 -0.9678 0.0003
vn -0.2518 -0.9678 0.0003
vn -0.5271 -0.8498 0.0006
vn -0.5272 -0.8498 0.0006
vn 0.0011 0.0001 1.0000
vn 0.0011 -0.0001 1.0000
vn 0.0011 -0.0000 1.0000
vn 0.0011 0.0002 1.0000
vn -0.9612 -0.2758 0.0011
vn -0.9612 -0.2757 0.0011
vn -0.8764 0.4816 0.0010
vn -0.7817 0.6237 0.0009
vn -0.6456 0.7637 0.0007
vn -0.6835 0.7300 0.0008
vn -0.6834 0.7300 0.0008
vn -0.6992 0.7149 0.0008
vn -0.7816 0.6238 0.0009
vn -0.0011 -0.0001 -1.0000
vn -0.0011 -0.0002 -1.0000
vn 0.9806 -0.1961 -0.0011
vn 0.9678 -0.2518 -0.0011
vn 0.9290 -0.3701 -0.0011
vn 0.8440 -0.5364 -0.0010
vn 0.6541 -0.7565 -0.0007
vn 0.6540 -0.7565 -0.0007
vn 0.4877 -0.8730 -0.0006
vn 0.4567 -0.8896 -0.0005
vn -0.9862 0.1657 0.0011
vn -0.9862 0.1656 0.0011
vn -0.3863 0.9224 0.0004
vn -0.3701 0.9290 0.0004
vn -0.4090 0.9125 0.0005
vn 0.8864 -0.4629 -0.0010
vn 0.8644 -0.5029 -0.0010
vn 0.7816 -0.6237 -0.0008
vn 0.7816 -0.6237 -0.0009
vn 0.5745 -0.8185 -0.0007
vn 0.7816 -0.6238 -0.0009
vn 0.3373 -0.9414 -0.0004
vn 0.1961 -0.9806 -0.0002
vn 0.1104 -0.9939 -0.0001
vn 0.0011 -0.0003 1.0000
vn 0.0011 -0.0004 1.0000
vn -0.6952 0.7188 0.0008
vn -0.6951 0.7189 0.0008
vn 0.3468 0.9379 -0.0004
vn 0.3471 0.9378 -0.0004
vn 0.3468 0.9380 -0.0004
vn 0.3468 -0.9379 -0.0004
vn 0.3068 -0.9518 -0.0003
vn 0.1580 -0.9874 -0.0002
vn -0.1414 -0.9900 0.0002
vn -0.1414 -0.9899 0.0002
vn -0.3863 -0.9224 0.0004
vn -0.5886 -0.8084 0.0007
vn -0.7032 -0.7110 0.0008
vn -0.7031 -0.7111 0.0008
vn 0.0011 -0.0002 1.0000
vn -0.8185 -0.5745 0.0009
vn -0.9290 -0.3700 0.0011
vn -0.9290 -0.3701 0.0011
vn -0.9888 -0.1491 0.0011
vn -1.0000 -0.0000 0.0011
vn 0.0234 0.9997 -0.0000
vn 0.0235 0.9997 -0.0000
vn 0.9125 0.4091 -0.0010
vn 0.9125 0.4092 -0.0010
vn 0.9125 0.4090 -0.0010
vn -0.4250 -0.9052 0.0005
vn -0.4660 -0.8848 0.0005
vn -0.4659 -0.8848 0.0005
vn -0.5975 -0.8019 0.0007
vn -0.8185 -0.5746 0.0009
vn -0.9354 0.3537 0.0011
vn -0.9353 0.3537 0.0011
vn -0.0863 0.9963 0.0001
vn -0.0870 0.9962 0.0001
vn -0.0860 0.9963 0.0001
vn 0.7149 -0.6992 -0.0008
vn 0.6832 -0.7303 -0.0008
vn 0.7150 -0.6991 -0.0008
vn 0.5655 -0.8247 -0.0006
vn 0.0472 -0.9989 -0.0001
vn -0.1810 -0.9835 0.0002
vn -0.3304 -0.9439 0.0004
vn -0.3303 -0.9439 0.0004
vn 0.3299 -0.5198 -0.7880
vn 0.3777 -0.4575 -0.8050
vn 0.4007 -0.4252 -0.8116
vn 0.4876 -0.2994 -0.8201
vn 0.5109 -0.2598 -0.8195
vn 0.5643 -0.1178 -0.8171
vn 0.5578 -0.1338 -0.8191
vn 0.5903 -0.0630 -0.8047
vn 0.5817 -0.0551 -0.8116
vn 0.5595 -0.1579 -0.8137
vn 0.5721 -0.1335 -0.8092
vn 0.5029 -0.2755 -0.8193
vn 0.4865 -0.3066 -0.8181
vn 0.4560 -0.3466 -0.8197
vn -0.4117 0.4266 -0.8053
vn -0.3704 0.4953 -0.7858
vn -0.3943 0.4485 -0.8021
vn -0.4726 0.3302 -0.8171
vn -0.4883 0.3066 -0.8170
vn -0.5591 0.1415 -0.8169
vn -0.5516 0.1652 -0.8176
vn -0.5826 0.0786 -0.8090
vn -0.5591 0.1415 -0.8170
vn -0.5829 0.0708 -0.8094
vn -0.5206 0.2441 -0.8182
vn -0.5357 0.2124 -0.8173
vn -0.3714 0.4651 -0.8036
vn -0.3490 0.4904 -0.7986
vn -0.2928 0.5522 -0.7806
vn 0.3317 -0.5198 0.7872
vn 0.3795 -0.4575 0.8041
vn 0.4025 -0.4252 0.8106
vn 0.4895 -0.2995 0.8190
vn 0.5127 -0.2598 0.8183
vn 0.5662 -0.1178 0.8158
vn 0.5597 -0.1338 0.8178
vn 0.5921 -0.0630 0.8034
vn 0.5835 -0.0551 0.8102
vn 0.5614 -0.1579 0.8124
vn 0.5740 -0.1335 0.8079
vn 0.5047 -0.2755 0.8181
vn 0.4883 -0.3066 0.8170
vn 0.4578 -0.3466 0.8187
vn -0.4099 0.4266 0.8062
vn -0.4708 0.3302 0.8181
vn -0.3925 0.4485 0.8030
vn -0.3686 0.4953 0.7866
vn -0.4865 0.3066 0.8181
vn -0.5572 0.1415 0.8182
vn -0.5498 0.1652 0.8188
vn -0.5808 0.0786 0.8103
vn -0.5811 0.0708 0.8108
vn -0.5187 0.2441 0.8194
vn -0.5338 0.2124 0.8185
vn -0.3696 0.4651 0.8044
vn -0.3471 0.4904 0.7994
vn -0.2910 0.5522 0.7813
vt -0.067068 0.938117
vt -0.072043 0.954617
vt -0.072043 0.938117
vt -0.067068 0.954617
vt -0.072043 0.969626
vt -0.067068 0.969626
vt -0.102865 0.953210
vt -0.087999 0.948235
vt -0.087999 0.953210
vt -0.102865 0.948235
vt -0.064193 0.948235
vt -0.036246 0.948235
vt -0.064193 0.953210
vt -0.036246 0.953210
vt -0.074919 0.952601
vt -0.056441 0.938117
vt -0.051112 0.975289
vt -0.042329 0.954617
vt -0.036246 0.969626
vt -0.064236 0.931120
vt -0.069640 0.929115
vt -0.083390 0.927116
vt -0.102865 0.926156
vt -0.083390 0.953210
vt -0.083390 0.948235
vt -0.069640 0.953210
vt -0.069640 0.948235
vt -0.064236 0.953210
vt -0.064236 0.948235
vt -0.056441 0.953210
vt -0.056441 0.948235
vt -0.064193 0.952601
vt -0.082670 0.938117
vt -0.074875 0.931120
vt -0.069472 0.929115
vt -0.055721 0.927116
vt -0.036246 0.926156
vt -0.087999 0.975289
vt -0.096783 0.954617
vt -0.102865 0.969626
vt 0.946045 0.608662
vt 0.955338 0.587082
vt 0.955338 0.608662
vt 0.946045 0.587082
vt 0.955338 0.630715
vt 0.946045 0.630715
vt 0.959787 0.655164
vt 0.991024 0.655164
vt 0.959787 0.664456
vt 0.991024 0.664456
vt 1.016060 0.655164
vt 1.016060 0.664456
vt 0.897489 0.664456
vt 0.897489 0.655164
vt 0.941596 0.680079
vt 0.908451 0.657187
vt 0.932296 0.629765
vt 0.959718 0.612835
vt 0.910358 0.707977
vt 1.003890 0.630715
vt 1.009790 0.587082
vt 1.016060 0.608662
vt 0.900820 0.673163
vt 0.891759 0.700347
vt 0.885321 0.732538
vt 0.946045 0.732538
vt 0.955338 0.700347
vt 0.955338 0.732538
vt 0.946045 0.700347
vt 0.955338 0.673163
vt 0.946045 0.673163
vt 0.955338 0.657187
vt 0.946045 0.657187
vt 0.955338 0.629765
vt 0.946045 0.629765
vt 0.932296 0.655164
vt 0.959718 0.664456
vt 0.932296 0.664456
vt 0.959718 0.655164
vt 1.009790 0.664456
vt 1.009790 0.655164
vt 0.941665 0.612835
vt 0.897489 0.630715
vt 0.891590 0.587082
vt 0.885321 0.608662
vt 0.959787 0.680079
vt 0.969087 0.629765
vt 0.992932 0.657187
vt 0.991024 0.707978
vt 1.000560 0.673163
vt 1.009620 0.700347
vt 1.016060 0.732538
vt -0.221025 0.374497
vt -0.228532 0.353974
vt -0.221025 0.353974
vt -0.228532 0.374497
vt -0.216087 0.388384
vt -0.157539 0.388384
vt -0.216087 0.395891
vt -0.157539 0.395891
vt -0.288653 0.395891
vt -0.288653 0.388384
vt -0.208104 0.359707
vt -0.160905 0.374497
vt -0.233471 0.406842
vt -0.157539 0.353974
vt -0.242353 0.369394
vt -0.258119 0.376198
vt -0.264813 0.382866
vt -0.277225 0.401965
vt -0.292019 0.430300
vt -0.228532 0.430300
vt -0.221025 0.401965
vt -0.221025 0.430300
vt -0.228532 0.401965
vt -0.221025 0.382866
vt -0.228532 0.382866
vt -0.264813 0.388384
vt -0.258119 0.395891
vt -0.264813 0.395891
vt -0.258119 0.388384
vt -0.242353 0.395891
vt -0.242353 0.388384
vt -0.208104 0.395891
vt -0.208104 0.388384
vt -0.207205 0.369394
vt -0.216087 0.406842
vt -0.241454 0.359707
vt -0.191438 0.376198
vt -0.184744 0.382866
vt -0.172333 0.401965
vt -0.157539 0.430300
vt -0.288653 0.374497
vt -0.292019 0.353974
vt -0.189714 1.253130
vt -0.176289 1.247470
vt -0.176289 1.253130
vt -0.189714 1.247470
vt -0.140007 1.247470
vt -0.097504 1.247470
vt -0.140007 1.253130
vt -0.097504 1.253130
vt -0.147211 1.257680
vt -0.133990 1.233430
vt -0.110929 1.271110
vt -0.111062 1.244690
vt -0.097504 1.258070
vt -0.145669 1.229500
vt -0.152440 1.229850
vt -0.168226 1.234090
vt -0.189714 1.242120
vt -0.168226 1.253130
vt -0.168226 1.247470
vt -0.152440 1.253130
vt -0.152440 1.247470
vt -0.145669 1.247470
vt -0.145669 1.253130
vt -0.133990 1.247470
vt -0.133990 1.253130
vt -0.111062 1.253130
vt -0.111062 1.247470
vt -0.134777 1.229850
vt -0.118991 1.234090
vt -0.140007 1.257680
vt -0.097504 1.242120
vt -0.141549 1.229500
vt -0.153228 1.233430
vt -0.176289 1.271110
vt -0.176156 1.244690
vt -0.189714 1.258070
vt 0.358799 0.893687
vt 0.354064 0.901150
vt 0.354064 0.893687
vt 0.358799 0.901150
vt 0.354064 0.917470
vt 0.358799 0.917470
vt 0.358799 0.930294
vt 0.354064 0.930294
vt 0.338526 0.902025
vt 0.351120 0.906760
vt 0.338526 0.906760
vt 0.351120 0.902025
vt 0.368956 0.901150
vt 0.374367 0.917470
vt 0.361742 0.929999
vt 0.374336 0.930294
vt 0.351075 0.906241
vt 0.365334 0.893687
vt 0.361972 0.890600
vt 0.352488 0.885021
vt 0.338495 0.878490
vt 0.358799 0.929999
vt 0.354064 0.929999
vt 0.354064 0.906241
vt 0.358799 0.906241
vt 0.354064 0.878490
vt 0.358799 0.878490
vt 0.338495 0.902025
vt 0.352488 0.906760
vt 0.338495 0.906760
vt 0.352488 0.902025
vt 0.361972 0.906760
vt 0.361972 0.902025
vt 0.365334 0.906760
vt 0.365334 0.902025
vt 0.343907 0.901150
vt 0.361788 0.906241
vt 0.351120 0.929999
vt 0.338495 0.917470
vt 0.338526 0.930294
vt 0.347529 0.893687
vt 0.350891 0.890600
vt 0.360375 0.885021
vt 0.374367 0.878490
vt 0.422938 0.425182
vt 0.416407 0.400772
vt 0.422938 0.400772
vt 0.416407 0.425182
vt 0.419709 0.410134
vt 0.482531 0.410134
vt 0.419709 0.416665
vt 0.482531 0.416665
vt 0.365996 0.416665
vt 0.365996 0.410134
vt 0.421902 0.391377
vt 0.457490 0.391952
vt 0.419636 0.429798
vt 0.404845 0.393358
vt 0.396516 0.397818
vt 0.379135 0.412540
vt 0.356815 0.435422
vt 0.473349 0.425182
vt 0.482531 0.400772
vt 0.416407 0.435422
vt 0.422938 0.412540
vt 0.422938 0.435422
vt 0.416407 0.412540
vt 0.379135 0.410134
vt 0.396516 0.416665
vt 0.379135 0.416665
vt 0.396516 0.410134
vt 0.404845 0.416665
vt 0.404845 0.410134
vt 0.421902 0.416665
vt 0.421902 0.410134
vt 0.457490 0.416665
vt 0.457490 0.410134
vt 0.419709 0.429798
vt 0.381855 0.391952
vt 0.417443 0.391377
vt 0.434500 0.393358
vt 0.442829 0.397818
vt 0.460211 0.412540
vt 0.482531 0.435422
vt 0.365996 0.425182
vt 0.356815 0.400772
vt -0.600890 0.248335
vt -0.626360 0.279980
vt -0.636920 0.270254
vt -0.600890 0.262692
vt -0.638023 0.293276
vt -0.650635 0.286416
vt -0.662443 0.318781
vt -0.649946 0.321294
vt -0.665585 0.353401
vt -0.652926 0.351895
vt -0.666053 0.362591
vt -0.655382 0.369565
vt -0.675690 0.397348
vt -0.681073 0.393905
vt -0.697226 0.415094
vt -0.615799 0.289705
vt -0.600890 0.277048
vt -0.625411 0.300136
vt -0.637448 0.323807
vt -0.640268 0.350390
vt -0.644711 0.376540
vt -0.670307 0.400792
vt -0.697226 0.248335
vt -0.671756 0.279980
vt -0.697226 0.262692
vt -0.661195 0.270254
vt -0.660092 0.293276
vt -0.647480 0.286416
vt -0.635672 0.318781
vt -0.648169 0.321294
vt -0.632530 0.353401
vt -0.645189 0.351895
vt -0.632062 0.362591
vt -0.642733 0.369565
vt -0.622425 0.397348
vt -0.617042 0.393905
vt -0.600890 0.415094
vt -0.672704 0.300136
vt -0.682316 0.289705
vt -0.697226 0.277048
vt -0.660667 0.323807
vt -0.657847 0.350390
vt -0.653404 0.376540
vt -0.627808 0.400792
s 1
usemtl Meshpart1Mtl.002
f 1076/683/570 1077/684/571 1078/685/570
f 1077/684/571 1076/683/570 1079/686/572
f 1079/686/572 1080/687/573 1077/684/571
f 1080/687/573 1079/686/572 1081/688/573
f 1082/689/574 1083/690/575 1084/691/575
f 1083/690/575 1082/689/574 1085/692/575
f 1086/693/576 1087/694/577 1088/695/576
f 1089/696/578 1088/695/576 1087/694/577
f 1090/691/576 1091/693/579 1092/695/576
f 1091/693/579 1090/691/576 1093/690/576
f 1094/697/580 1095/698/580 1096/699/580
f 1096/699/580 1095/698/580 1097/700/580
f 1098/701/580 1096/699/580 1097/700/580
f 1095/698/580 1094/697/580 1099/702/580
f 1094/697/580 1100/703/580 1099/702/580
f 1100/703/580 1094/697/580 1101/704/580
f 1101/704/580 1094/697/580 1102/705/581
f 1103/692/582 1104/706/583 1105/689/582
f 1104/706/583 1103/692/582 1106/707/583
f 1106/707/583 1107/708/584 1104/706/583
f 1107/708/584 1106/707/583 1108/709/584
f 1109/709/585 1110/710/586 1111/708/585
f 1110/710/586 1109/709/585 1112/711/587
f 1112/711/587 1113/712/570 1110/710/586
f 1113/712/570 1112/711/587 1114/713/570
f 1115/714/588 1116/715/589 1117/716/590
f 1115/714/588 1117/716/590 1118/717/588
f 1115/714/588 1118/717/588 1119/718/590
f 1119/718/590 1120/719/589 1115/714/588
f 1116/715/589 1115/714/588 1121/720/591
f 1116/715/589 1121/720/591 1122/721/588
f 1122/721/588 1121/720/591 1123/722/590
f 1124/723/592 1125/724/592 1126/725/593
f 1125/724/592 1124/723/592 1127/726/592
f 1130/723/594 1129/727/595 1128/728/595
f 1129/727/595 1130/723/594 1131/725/594
f 1132/729/596 1133/730/597 1134/731/596
f 1135/732/598 1134/731/596 1133/730/597
f 1135/732/598 1133/730/597 1136/733/599
f 1137/734/599 1135/732/598 1136/733/599
f 1138/735/600 1132/729/596 1134/731/596
f 1132/729/596 1138/735/600 1139/736/600
f 1140/737/580 1141/738/580 1142/739/580
f 1140/737/580 1142/739/580 1143/740/601
f 1144/741/601 1141/738/580 1140/737/580
f 1143/740/601 1145/742/601 1140/737/580
f 1146/743/602 1145/742/601 1143/740/601
f 1145/742/601 1146/743/602 1147/744/580
f 1141/738/580 1144/741/601 1148/745/601
f 1148/745/601 1144/741/601 1149/746/602
f 1149/746/602 1144/741/601 1150/747/580
f 1151/748/603 1152/749/604 1153/750/603
f 1152/749/604 1151/748/603 1154/751/604
f 1154/751/604 1155/752/605 1152/749/604
f 1155/752/605 1154/751/604 1156/753/605
f 1156/753/605 1157/754/606 1155/752/605
f 1157/754/606 1156/753/605 1158/755/606
f 1158/755/606 1159/756/607 1157/754/606
f 1159/756/607 1158/755/606 1160/757/607
f 1162/758/608 1163/759/609 1161/760/608
f 1163/759/609 1162/758/608 1164/761/609
f 1164/761/609 1165/762/610 1163/759/609
f 1165/762/610 1164/761/609 1166/763/610
f 1167/764/590 1168/765/590 1169/766/590
f 1169/766/590 1168/765/590 1170/767/590
f 1168/765/590 1167/764/590 1171/768/590
f 1172/769/589 1171/768/590 1167/764/590
f 1171/768/590 1172/769/589 1173/770/590
f 1173/770/590 1174/771/590 1171/768/590
f 1174/771/590 1173/770/590 1175/772/590
f 1174/771/590 1175/772/590 1176/773/590
f 1176/773/590 1177/774/590 1174/771/590
f 1178/775/611 1179/776/612 1180/777/611
f 1179/776/612 1178/775/611 1181/778/611
f 1182/779/613 1183/780/614 1184/781/613
f 1185/782/614 1184/781/613 1183/780/614
f 1186/783/615 1182/779/613 1184/781/613
f 1182/779/613 1186/783/615 1187/784/615
f 1188/785/580 1189/786/580 1190/787/580
f 1189/786/580 1188/785/580 1191/788/580
f 1190/787/580 1192/789/580 1188/785/580
f 1190/787/580 1193/790/580 1192/789/580
f 1193/790/580 1190/787/580 1194/791/580
f 1194/791/580 1190/787/580 1195/792/580
f 1195/792/580 1190/787/580 1196/793/580
f 1197/794/616 1198/795/617 1199/796/616
f 1198/795/617 1197/794/616 1200/797/617
f 1200/797/617 1201/798/618 1198/795/617
f 1201/798/618 1200/797/617 1202/799/619
f 1204/800/619 1205/801/620 1203/802/621
f 1205/801/620 1204/800/619 1206/803/620
f 1206/803/620 1207/804/622 1205/801/620
f 1207/804/622 1206/803/620 1208/805/622
f 1208/805/622 1209/806/623 1207/804/622
f 1209/806/623 1208/805/622 1210/807/623
f 1210/807/623 1211/782/624 1209/806/623
f 1211/782/624 1210/807/623 1212/780/624
f 1213/808/590 1214/809/590 1215/810/589
f 1216/811/589 1214/809/590 1213/808/590
f 1214/809/590 1216/811/589 1217/812/589
f 1214/809/590 1217/812/589 1218/813/590
f 1214/809/590 1218/813/590 1219/814/590
f 1215/810/589 1214/809/590 1220/815/625
f 1215/810/589 1220/815/625 1221/816/626
f 1222/817/627 1223/818/628 1224/819/628
f 1223/818/628 1222/817/627 1225/820/628
f 1226/821/629 1227/822/629 1228/823/629
f 1229/824/629 1228/823/629 1227/822/629
f 1230/819/630 1226/821/629 1228/823/629
f 1226/821/629 1230/819/630 1231/818/631
f 1232/825/580 1233/826/580 1234/827/580
f 1234/827/580 1233/826/580 1235/828/580
f 1235/828/580 1236/829/580 1234/827/580
f 1233/826/580 1232/825/580 1237/830/580
f 1232/825/580 1238/831/580 1237/830/580
f 1238/831/580 1232/825/580 1239/832/602
f 1239/832/602 1232/825/580 1240/833/581
f 1241/820/632 1242/834/633 1243/817/632
f 1242/834/633 1241/820/632 1244/835/633
f 1244/835/633 1245/836/634 1242/834/633
f 1245/836/634 1244/835/633 1246/837/634
f 1247/838/635 1245/836/634 1246/837/634
f 1245/836/634 1247/838/635 1248/839/636
f 1249/840/637 1248/839/636 1247/838/635
f 1248/839/636 1249/840/637 1250/841/637
f 1251/840/637 1252/842/638 1253/841/637
f 1252/842/638 1251/840/637 1254/843/638
f 1254/843/638 1255/824/639 1252/842/638
f 1255/824/639 1254/843/638 1256/822/640
f 1257/844/590 1258/845/590 1259/846/589
f 1260/847/590 1259/846/589 1258/845/590
f 1259/846/589 1261/848/641 1257/844/590
f 1259/846/589 1262/849/589 1261/848/641
f 1263/850/590 1262/849/589 1259/846/589
f 1262/849/589 1263/850/590 1264/851/588
f 1264/851/588 1263/850/590 1265/852/590
f 1267/853/642 1268/854/643 1266/855/642
f 1268/854/643 1267/853/642 1269/856/644
f 1269/856/644 1270/857/645 1268/854/643
f 1270/857/645 1269/856/644 1271/858/645
f 1272/859/646 1270/857/645 1271/858/645
f 1272/859/646 1273/860/646 1270/857/645
f 1274/861/647 1275/862/647 1276/863/648
f 1275/862/647 1274/861/647 1277/864/647
f 1278/865/581 1279/866/580 1280/867/581
f 1281/868/580 1280/867/581 1279/866/580
f 1282/869/580 1278/865/581 1280/867/581
f 1278/865/581 1282/869/580 1283/870/580
f 1282/869/580 1284/871/601 1283/870/580
f 1284/871/601 1282/869/580 1285/872/601
f 1285/872/601 1282/869/580 1286/873/580
f 1287/874/649 1288/875/650 1289/876/649
f 1287/874/649 1289/876/649 1290/877/650
f 1291/876/651 1292/878/649 1293/877/651
f 1293/877/651 1292/878/649 1294/879/649
f 1295/880/652 1296/881/653 1297/882/652
f 1296/881/653 1295/880/652 1298/883/654
f 1298/883/654 1299/884/655 1296/881/653
f 1299/884/655 1298/883/654 1300/885/655
f 1300/885/655 1301/886/656 1299/884/655
f 1301/886/656 1300/885/655 1302/887/642
f 1303/888/590 1304/889/589 1305/890/590
f 1303/888/590 1305/890/590 1306/891/590
f 1306/891/590 1305/890/590 1307/892/590
f 1304/889/589 1303/888/590 1308/893/590
f 1309/894/590 1304/889/589 1308/893/590
f 1304/889/589 1309/894/590 1310/895/590
f 1304/889/589 1310/895/590 1311/896/590
f 1312/897/657 1313/898/658 1314/899/658
f 1313/898/658 1312/897/657 1315/900/657
f 1316/901/659 1317/902/660 1318/903/659
f 1319/904/660 1318/903/659 1317/902/660
f 1320/905/659 1316/901/659 1318/903/659
f 1316/901/659 1320/905/659 1321/906/661
f 1322/907/580 1323/908/580 1324/909/580
f 1324/909/580 1325/910/580 1322/907/580
f 1325/910/580 1324/909/580 1326/911/580
f 1326/911/580 1324/909/580 1327/912/580
f 1327/912/580 1324/909/580 1328/913/580
f 1323/908/580 1329/914/580 1324/909/580
f 1329/914/580 1323/908/580 1330/915/580
f 1331/916/662 1332/917/663 1333/918/664
f 1332/917/663 1331/916/662 1334/919/663
f 1336/920/663 1337/921/665 1335/922/663
f 1337/921/665 1336/920/663 1338/923/665
f 1338/923/665 1339/924/633 1337/921/665
f 1339/924/633 1338/923/665 1340/925/633
f 1340/925/633 1341/926/666 1339/924/633
f 1341/926/666 1340/925/633 1342/927/666
f 1343/927/666 1344/928/667 1341/926/666
f 1344/928/667 1343/927/666 1345/929/667
f 1345/929/667 1346/904/668 1344/928/667
f 1346/904/668 1345/929/667 1347/902/669
f 1348/930/588 1349/931/590 1350/932/588
f 1351/933/590 1348/930/588 1350/932/588
f 1348/930/588 1351/933/590 1352/934/588
f 1348/930/588 1352/934/588 1353/935/590
f 1353/935/590 1354/936/590 1348/930/588
f 1349/931/590 1348/930/588 1355/937/590
f 1349/931/590 1355/937/590 1356/938/589
f 1357/939/670 1358/940/671 1359/941/672
f 1358/940/671 1357/939/670 1360/942/670
f 1359/941/672 1358/940/671 1361/943/673
f 1361/943/673 1362/944/674 1359/941/672
f 1361/943/673 1363/945/675 1362/944/674
f 1363/945/675 1361/943/673 1364/946/676
f 1364/946/676 1365/947/677 1363/945/675
f 1365/947/677 1364/946/676 1366/948/678
f 1366/948/678 1367/949/679 1365/947/677
f 1367/949/679 1366/948/678 1368/950/680
f 1367/949/679 1368/950/680 1369/951/681
f 1370/952/682 1367/949/679 1369/951/681
f 1370/952/682 1369/951/681 1371/953/683
f 1372/940/684 1373/942/685 1374/954/686
f 1373/942/685 1375/955/685 1374/954/686
f 1372/940/684 1374/954/686 1376/956/687
f 1376/956/687 1377/943/688 1372/940/684
f 1376/956/687 1378/946/689 1377/943/688
f 1378/946/689 1376/956/687 1379/957/690
f 1380/957/690 1381/948/691 1378/946/692
f 1381/948/691 1380/957/690 1382/958/693
f 1382/958/693 1383/950/694 1381/948/691
f 1383/950/694 1382/958/693 1384/959/695
f 1383/950/694 1384/959/695 1385/960/696
f 1386/951/697 1383/950/694 1385/960/696
f 1386/951/697 1385/960/696 1387/953/698
f 1388/961/699 1389/962/700 1390/963/699
f 1389/962/700 1388/961/699 1391/964/701
f 1391/964/701 1392/965/702 1389/962/700
f 1392/965/702 1391/964/701 1393/966/703
f 1394/967/704 1392/965/702 1393/966/703
f 1394/967/704 1395/968/705 1392/965/702
f 1396/969/706 1395/968/705 1394/967/704
f 1396/969/706 1397/970/707 1395/968/705
f 1398/971/708 1397/970/707 1396/969/706
f 1398/971/708 1399/972/709 1397/970/707
f 1398/971/708 1400/973/710 1399/972/709
f 1400/973/710 1398/971/708 1401/974/711
f 1400/973/710 1401/974/711 1402/975/712
f 1403/962/713 1404/976/714 1405/977/715
f 1405/977/715 1406/963/716 1403/962/713
f 1407/978/716 1406/963/716 1405/977/715
f 1404/976/714 1403/962/713 1408/965/717
f 1409/968/718 1404/976/714 1408/965/717
f 1409/968/718 1410/979/719 1404/976/714
f 1411/970/720 1412/979/719 1409/968/718
f 1411/970/720 1413/980/721 1412/979/719
f 1414/972/722 1413/980/721 1411/970/720
f 1414/972/722 1415/981/723 1413/980/721
f 1414/972/722 1416/982/724 1415/981/723
f 1416/982/724 1414/972/722 1417/973/725
f 1416/982/724 1417/973/725 1418/975/726
