# Blender 5.1.1
# www.blender.org
mtllib xxxxxxxxxxxxx.mtl
o Cube
o 110793562121905
v -1.626176 0.725313 0.007827
v -1.516724 0.936986 -0.007826
v -1.626176 0.725313 -0.007826
v -1.516724 0.936986 0.007827
v -1.281477 1.240809 0.007826
v -1.281477 1.240809 -0.007826
v -1.024773 1.461425 0.007826
v -1.024773 1.461425 -0.007826
v -0.908294 1.079360 -0.007826
v -0.888294 0.902007 0.007827
v -0.908294 1.079360 0.007826
v -0.888294 0.902007 -0.007826
v -0.915503 1.142761 0.007826
v -0.915503 1.142761 -0.007826
v -0.950689 1.162345 0.007826
v -0.950689 1.162345 -0.007826
v -1.015818 1.168095 0.007826
v -1.015818 1.168095 -0.007827
v -1.035266 1.212325 0.007826
v -1.035266 1.212325 -0.007826
v 1.189172 1.069948 -0.000000
v 1.138092 1.156624 -0.005878
v 1.138092 1.156624 0.005878
v 1.189172 1.069948 -0.000000
v 0.924582 1.368259 -0.005878
v 0.924582 1.368259 0.005878
v 0.751572 1.506877 -0.005878
v 0.751572 1.506877 0.005878
v 0.620693 1.075151 0.005878
v 0.781662 1.226670 -0.005878
v 0.781662 1.226670 0.005878
v 0.620693 1.075151 -0.005878
v 0.179906 1.728618 -0.007827
v 0.235392 1.661738 0.007826
v 0.235392 1.661738 -0.007827
v 0.179906 1.728618 0.007826
v 0.235392 1.661738 -0.007827
v 0.432552 1.531175 0.007826
v 0.432552 1.531175 -0.007827
v 0.235392 1.661738 0.007826
v -1.024773 1.461425 0.007826
v -0.754753 1.615167 -0.007827
v -1.024773 1.461425 -0.007826
v -0.754753 1.615167 0.007826
v -0.433881 1.720929 0.007826
v -0.433881 1.720929 -0.007827
v -0.049999 1.802801 -0.007827
v -0.049999 1.802801 0.007826
v 0.143870 1.828464 0.007826
v 0.143870 1.828464 -0.007827
v 0.315765 1.402293 -0.007826
v 0.315765 1.402293 0.007826
v 0.321243 1.385360 0.007826
v 0.321243 1.385360 -0.007826
v 0.143870 1.828464 0.007826
v 0.179906 1.728618 0.007826
v 0.143870 1.828464 -0.007827
v 0.179906 1.728618 -0.007827
v -0.475504 1.246910 -0.007826
v -0.405912 0.998455 0.007827
v -0.475504 1.246910 0.007826
v -0.405912 0.998455 -0.007826
v -0.540995 1.262565 0.007826
v -0.475504 1.246910 -0.007826
v -0.475504 1.246910 0.007826
v -0.540995 1.262565 -0.007826
v -0.555113 1.348457 0.007827
v -0.555113 1.348457 -0.007826
v 0.315765 1.402293 -0.007826
v 0.397319 1.392637 -0.007826
v 0.315765 1.402293 0.007826
v 0.397319 1.392637 0.007826
v 0.432552 1.531175 -0.007827
v 0.432552 1.531175 0.007826
v 0.115372 1.249319 0.007826
v 0.078128 1.117753 -0.007826
v 0.115372 1.249319 -0.007826
v 0.078128 1.117753 0.007826
v 0.115372 1.249319 -0.007826
v 0.199277 1.362431 -0.007826
v 0.115372 1.249319 0.007826
v 0.199277 1.362431 0.007826
v 0.321243 1.385360 -0.007826
v 0.321243 1.385360 0.007826
v -0.132723 1.270961 0.007826
v -0.066155 1.277841 -0.007826
v -0.066155 1.277841 0.007826
v -0.132723 1.270961 -0.007826
v -0.433881 1.720929 -0.007827
v -0.179350 1.284197 -0.007826
v -0.288228 1.269659 -0.007826
v -0.205432 1.262667 -0.007826
v -0.354764 1.227666 -0.007826
v -0.475504 1.246910 -0.007826
v -0.405912 0.998455 -0.007826
v -0.555113 1.348457 -0.007826
v -0.540995 1.262565 -0.007826
v -0.754753 1.615167 -0.007827
v -0.049999 1.802801 -0.007827
v -0.597187 1.290112 -0.007826
v -0.139438 1.289313 -0.007826
v -0.646039 1.260750 -0.007826
v -0.066155 1.277841 -0.007826
v -0.132723 1.270961 -0.007826
v 0.115372 1.249319 -0.007826
v 0.078128 1.117753 -0.007826
v 0.179906 1.728618 -0.007827
v 0.143870 1.828464 -0.007827
v 0.199277 1.362431 -0.007826
v 0.235392 1.661738 -0.007827
v 0.315765 1.402293 -0.007826
v 0.321243 1.385360 -0.007826
v 0.432552 1.531175 -0.007827
v 0.397319 1.392637 -0.007826
v -0.701288 1.204742 -0.007827
v -0.645834 1.245177 -0.007826
v -0.769622 1.103695 -0.007826
v -0.915503 1.142761 -0.007826
v -0.848005 0.998329 -0.007826
v -0.908294 1.079360 -0.007826
v -0.888294 0.902007 -0.007826
v -1.024773 1.461425 -0.007826
v -0.950689 1.162345 -0.007826
v -1.035266 1.212325 -0.007826
v -1.015818 1.168095 -0.007827
v -1.148435 1.121525 -0.007826
v -1.281477 1.240809 -0.007826
v -1.185948 1.118952 -0.007826
v -1.209159 1.058187 -0.007826
v -1.252484 1.017363 -0.007826
v -1.319945 1.015651 -0.007826
v -1.516724 0.936986 -0.007826
v -1.345626 0.954814 -0.007826
v -1.626176 0.725313 -0.007826
v 0.235392 1.661738 0.007826
v 0.199277 1.362431 0.007826
v 0.315765 1.402293 0.007826
v 0.321243 1.385360 0.007826
v 0.432552 1.531175 0.007826
v 0.397319 1.392637 0.007826
v 0.179906 1.728618 0.007826
v 0.115372 1.249319 0.007826
v -0.049999 1.802801 0.007826
v 0.143870 1.828464 0.007826
v -0.066155 1.277841 0.007826
v 0.078128 1.117753 0.007826
v -0.139438 1.289313 0.007826
v -0.132723 1.270961 0.007826
v -0.179350 1.284197 0.007826
v -0.433881 1.720929 0.007826
v -0.288228 1.269659 0.007826
v -0.205432 1.262667 0.007826
v -0.354764 1.227666 0.007826
v -0.475504 1.246910 0.007826
v -0.405912 0.998455 0.007827
v -0.555113 1.348457 0.007827
v -0.540995 1.262565 0.007826
v -0.754753 1.615167 0.007826
v -0.597187 1.290112 0.007826
v -0.646039 1.260750 0.007826
v -0.701288 1.204742 0.007826
v -0.645834 1.245177 0.007826
v -0.769622 1.103695 0.007826
v -0.915503 1.142761 0.007826
v -0.848005 0.998329 0.007827
v -0.908294 1.079360 0.007826
v -0.888294 0.902007 0.007827
v -1.024773 1.461425 0.007826
v -0.950689 1.162345 0.007826
v -1.035266 1.212325 0.007826
v -1.015818 1.168095 0.007826
v -1.148435 1.121525 0.007826
v -1.281477 1.240809 0.007826
v -1.185948 1.118952 0.007826
v -1.209159 1.058187 0.007826
v -1.252484 1.017363 0.007827
v -1.319945 1.015651 0.007827
v -1.516724 0.936986 0.007827
v -1.345626 0.954814 0.007827
v -1.626176 0.725313 0.007827
v 0.924582 1.368259 0.005878
v 1.016209 1.164459 0.005878
v 1.046507 1.165695 0.005878
v 0.781662 1.226670 0.005878
v 1.138092 1.156624 0.005878
v 1.120934 1.131314 0.005878
v 1.158126 1.105137 0.005878
v 1.189172 1.069948 -0.000000
v 0.751572 1.506877 0.005878
v 0.657616 1.251070 0.005878
v 0.620693 1.075151 0.005878
v 0.647616 1.236053 0.005878
v 0.646811 1.475791 0.005878
v 0.617662 1.279394 0.005878
v 0.628441 1.261245 0.005878
v 0.583698 1.344305 0.005878
v 0.611223 1.280245 0.005878
v 0.526621 1.382445 0.005878
v 0.533559 1.359718 0.005878
v 0.478566 1.480909 0.005878
v 0.477574 1.422062 0.005878
v 0.490761 1.374047 0.005878
v 0.924582 1.368259 -0.005878
v 1.138092 1.156624 -0.005878
v 1.046507 1.165695 -0.005878
v 1.120934 1.131314 -0.005878
v 1.158126 1.105137 -0.005878
v 1.189172 1.069948 -0.000000
v 1.016209 1.164459 -0.005878
v 0.781662 1.226670 -0.005878
v 0.751572 1.506877 -0.005878
v 0.657616 1.251070 -0.005878
v 0.620693 1.075151 -0.005878
v 0.647616 1.236053 -0.005878
v 0.646811 1.475791 -0.005878
v 0.617662 1.279394 -0.005878
v 0.628441 1.261245 -0.005878
v 0.583698 1.344305 -0.005878
v 0.611223 1.280245 -0.005878
v 0.526621 1.382445 -0.005878
v 0.533559 1.359718 -0.005878
v 0.478566 1.480909 -0.005878
v 0.477574 1.422062 -0.005878
v 0.490761 1.374047 -0.005878
v -0.139438 1.289313 0.007826
v -0.139438 1.289313 -0.007826
v -0.132723 1.270961 -0.007826
v -0.132723 1.270961 0.007826
v 0.478566 1.480909 -0.005878
v 0.477574 1.422062 0.005878
v 0.478566 1.480909 0.005878
v 0.477574 1.422062 -0.005878
v 0.646811 1.475791 0.005878
v 0.646811 1.475791 -0.005878
v 0.751572 1.506877 -0.005878
v 0.751572 1.506877 0.005878
v 0.078128 1.117753 0.007826
v -0.066155 1.277841 0.007826
v -0.066155 1.277841 -0.007826
v 0.078128 1.117753 -0.007826
v -0.179350 1.284197 0.007826
v -0.139438 1.289313 -0.007826
v -0.139438 1.289313 0.007826
v -0.179350 1.284197 -0.007826
v -0.205432 1.262667 0.007826
v -0.205432 1.262667 -0.007826
v -0.288228 1.269659 0.007826
v -0.288228 1.269659 -0.007826
v -0.354764 1.227666 0.007826
v -0.354764 1.227666 -0.007826
v -0.405912 0.998455 0.007827
v -0.405912 0.998455 -0.007826
v 1.016209 1.164459 0.005878
v 0.781662 1.226670 0.005878
v 0.781662 1.226670 -0.005878
v 1.016209 1.164459 -0.005878
v 1.046507 1.165695 0.005878
v 1.046507 1.165695 -0.005878
v 1.120934 1.131314 0.005878
v 1.120934 1.131314 -0.005878
v -0.597187 1.290112 0.007826
v -0.555113 1.348457 -0.007826
v -0.555113 1.348457 0.007827
v -0.597187 1.290112 -0.007826
v -0.646039 1.260750 0.007826
v -0.646039 1.260750 -0.007826
v -0.645834 1.245177 0.007826
v -0.645834 1.245177 -0.007826
v -0.701288 1.204742 0.007826
v -0.701288 1.204742 -0.007827
v -0.769622 1.103695 0.007826
v -0.769622 1.103695 -0.007826
v -0.848005 0.998329 0.007827
v -0.848005 0.998329 -0.007826
v -0.888294 0.902007 0.007827
v -0.888294 0.902007 -0.007826
v 0.628441 1.261245 0.005878
v 0.628441 1.261245 -0.005878
v 0.657616 1.251070 0.005878
v 0.657616 1.251070 -0.005878
v 0.617662 1.279394 -0.005878
v 0.617662 1.279394 0.005878
v 0.611223 1.280245 -0.005878
v 0.611223 1.280245 0.005878
v 0.583698 1.344305 -0.005878
v 0.583698 1.344305 0.005878
v 0.533559 1.359718 -0.005878
v 0.533559 1.359718 0.005878
v 0.526621 1.382445 -0.005878
v 0.526621 1.382445 0.005878
v 0.490761 1.374047 0.005878
v 0.490761 1.374047 -0.005878
v -1.148435 1.121525 0.007826
v -1.035266 1.212325 -0.007826
v -1.035266 1.212325 0.007826
v -1.148435 1.121525 -0.007826
v -1.185948 1.118952 0.007826
v -1.185948 1.118952 -0.007826
v -1.209159 1.058187 0.007826
v -1.209159 1.058187 -0.007826
v -1.252484 1.017363 0.007827
v -1.252484 1.017363 -0.007826
v -1.319945 1.015651 0.007827
v -1.319945 1.015651 -0.007826
v -1.345626 0.954814 0.007827
v -1.345626 0.954814 -0.007826
v -1.626176 0.725313 0.007827
v -1.626176 0.725313 -0.007826
v 0.477574 1.422062 -0.005878
v 0.490761 1.374047 0.005878
v 0.477574 1.422062 0.005878
v 0.490761 1.374047 -0.005878
v 1.158126 1.105137 0.005878
v 1.120934 1.131314 0.005878
v 1.120934 1.131314 -0.005878
v 1.158126 1.105137 -0.005878
v 1.189172 1.069948 -0.000000
v 1.158126 1.105137 -0.005878
v 0.647616 1.236053 -0.005878
v 0.620693 1.075151 0.005878
v 0.647616 1.236053 0.005878
v 0.620693 1.075151 -0.005878
v 0.657616 1.251070 -0.005878
v 0.657616 1.251070 0.005878
vn -0.8884 0.4592 -0.0005
vn -0.8460 0.5333 -0.0005
vn -0.8883 0.4592 -0.0003
vn -0.8460 0.5332 -0.0005
vn -0.7293 0.6842 -0.0005
vn -0.5796 0.8149 -0.0005
vn -0.9936 -0.1125 -0.0000
vn -0.9937 -0.1121 -0.0000
vn -0.9937 -0.1125 -0.0003
vn -0.9028 -0.4301 -0.0000
vn -0.9028 -0.4300 0.0005
vn -0.3030 -0.9530 0.0005
vn -0.6918 -0.7221 -0.0000
vn -0.6918 -0.7221 0.0005
vn -0.9154 -0.4025 0.0006
vn -0.9154 -0.4025 -0.0000
vn 0.8615 0.5078 -0.0007
vn 0.7921 0.6104 -0.0005
vn 0.7921 0.6104 -0.0004
vn 0.8615 0.5078 -0.0005
vn 0.7922 0.6103 -0.0005
vn -0.0000 -0.0000 -1.0000
vn 0.6663 0.7457 -0.0004
vn 0.6664 0.7456 -0.0005
vn 0.2287 0.9735 -0.0005
vn 0.6854 -0.7282 -0.0000
vn 0.6856 -0.7280 0.0004
vn 0.8785 0.4778 -0.0005
vn 0.6772 0.7358 -0.0005
vn 0.6772 0.7358 -0.0000
vn 0.8785 0.4778 -0.0000
vn 0.6771 0.7359 -0.0005
vn 0.5522 0.8337 -0.0005
vn 0.6771 0.7359 -0.0000
vn -0.5795 0.8150 -0.0005
vn -0.4086 0.9127 -0.0005
vn -0.2617 0.9652 -0.0004
vn -0.2619 0.9651 -0.0005
vn -0.1700 0.9854 -0.0000
vn -0.1310 0.9914 -0.0005
vn -0.1312 0.9914 -0.0000
vn 0.9515 0.3077 -0.0003
vn 0.9515 0.3077 -0.0008
vn 0.9515 0.3077 -0.0007
vn 0.9406 0.3395 -0.0000
vn 0.8785 0.4777 -0.0005
vn 0.8785 0.4777 -0.0000
vn -0.8009 -0.5988 -0.0000
vn -0.9629 -0.2697 -0.0000
vn -0.8009 -0.5988 0.0005
vn -0.9629 -0.2699 0.0006
vn -0.8535 -0.5211 -0.0000
vn -0.8010 -0.5987 0.0005
vn -0.8010 -0.5987 -0.0000
vn -0.8534 -0.5213 0.0005
vn -0.9868 -0.1622 -0.0005
vn -0.9867 -0.1623 -0.0006
vn -0.1176 -0.9931 -0.0000
vn 0.7532 -0.6578 -0.0000
vn -0.1173 -0.9931 0.0004
vn 0.7533 -0.6577 0.0005
vn 0.9691 -0.2465 -0.0000
vn 0.9692 -0.2464 0.0003
vn 0.9621 -0.2725 0.0003
vn 0.9622 -0.2724 -0.0000
vn 0.8032 -0.5958 -0.0000
vn 0.5816 -0.8135 -0.0000
vn 0.5816 -0.8135 0.0005
vn 0.1846 -0.9828 0.0003
vn -0.6889 -0.7249 0.0005
vn 0.1028 -0.9947 -0.0000
vn -0.0000 -0.0000 1.0000
vn 0.0009 0.0009 1.0000
vn 0.0010 0.0009 1.0000
vn 0.0009 0.0009 -1.0000
vn 0.0010 0.0009 -1.0000
vn -0.6833 -0.7302 0.0005
vn -0.6833 -0.7302 -0.0000
vn -0.6888 -0.7249 0.0005
vn -0.8853 0.4650 -0.0000
vn -0.9930 -0.1181 -0.0005
vn -0.8853 0.4651 -0.0005
vn -0.1309 0.9914 -0.0005
vn -0.7428 -0.6695 -0.0000
vn 0.4200 -0.9075 0.0005
vn -0.6833 -0.7301 0.0005
vn -0.6833 -0.7301 -0.0000
vn 0.3331 -0.9429 0.0005
vn 0.3331 -0.9429 -0.0000
vn 0.2560 -0.9667 0.0005
vn 0.8725 -0.4886 0.0005
vn 0.8725 -0.4886 -0.0000
vn 0.9760 -0.2178 -0.0000
vn 0.9760 -0.2179 0.0005
vn -0.1104 -0.9939 0.0005
vn -0.2564 -0.9666 -0.0000
vn -0.2562 -0.9666 0.0004
vn -0.2033 -0.9791 0.0005
vn -0.5021 -0.8648 -0.0000
vn -0.5021 -0.8648 0.0005
vn 0.6937 -0.7203 0.0005
vn 0.8111 -0.5849 -0.0000
vn 0.8109 -0.5852 0.0003
vn 0.9404 -0.3401 0.0005
vn 0.9404 -0.3400 -0.0000
vn 0.9466 -0.3225 0.0005
vn 0.9466 -0.3225 -0.0000
vn 0.7320 -0.6813 0.0005
vn 0.8156 -0.5787 -0.0000
vn 0.8742 -0.4856 0.0005
vn 0.9225 -0.3861 0.0004
vn 0.9225 -0.3859 -0.0000
vn -0.6817 -0.7316 -0.0000
vn -0.6818 -0.7316 0.0005
vn -0.3293 -0.9442 -0.0000
vn -0.3294 -0.9442 0.0005
vn -0.6273 -0.7788 0.0005
vn -0.6273 -0.7788 -0.0000
vn -0.7066 -0.7077 0.0005
vn -0.7066 -0.7076 -0.0000
vn -0.7428 -0.6695 0.0005
vn -0.7997 -0.6004 0.0005
vn -0.7997 -0.6004 -0.0000
vn -0.6977 -0.7164 0.0005
vn -0.6977 -0.7164 -0.0000
vn 0.2280 -0.9737 -0.0000
vn 0.3887 -0.9214 0.0005
vn 0.6261 -0.7797 0.0004
vn 0.6261 -0.7798 0.0003
vn 0.3888 -0.9213 0.0005
vn 0.7181 -0.6959 0.0005
vn 0.7181 -0.6960 -0.0000
vn 0.8500 -0.5268 0.0005
vn 0.8500 -0.5268 -0.0000
vn 0.4183 -0.9083 0.0005
vn 0.4184 -0.9083 -0.0000
vn 0.6867 -0.7269 0.0005
vn 0.6867 -0.7269 -0.0000
vn 0.8241 -0.5665 0.0005
vn 0.8241 -0.5664 -0.0000
vn 0.6332 -0.7740 0.0005
vn 0.6332 -0.7740 -0.0000
vn -0.9930 -0.1183 -0.0005
vn -0.9643 -0.2648 0.0006
vn -0.6643 -0.7475 -0.0000
vn -0.5023 -0.8647 0.0005
vn -0.5023 -0.8647 -0.0000
vn -0.6643 -0.7475 0.0005
vn -0.7499 -0.6616 -0.0000
vn -0.6644 -0.7474 0.0005
vn -0.9408 0.3389 -0.0005
vn -0.9863 0.1651 -0.0003
vn -0.9863 0.1650 -0.0000
vn -0.8325 0.5540 -0.0003
vn -0.8323 0.5543 -0.0000
vt 0.000000 1.000000
vt 0.000000 0.000000
vt 1.000000 1.000000
vt 1.000000 0.000000
s 1
f 1/1/1 2/2/2 3/2/3
f 2/2/2 1/1/1 4/1/4
f 4/1/4 5/1/5 2/2/2
f 6/2/5 2/2/2 5/1/5
f 5/1/5 7/1/6 6/2/5
f 8/2/6 6/2/5 7/1/6
f 9/2/7 10/1/8 11/1/9
f 10/1/8 9/2/7 12/2/8
f 13/1/10 9/2/7 11/1/9
f 13/1/10 14/2/11 9/2/7
f 15/1/12 14/2/11 13/1/10
f 14/2/11 15/1/12 16/2/12
f 17/1/13 16/2/12 15/1/12
f 16/2/12 17/1/13 18/2/14
f 19/1/15 18/2/14 17/1/13
f 19/1/15 20/2/16 18/2/14
f 21/2/17 22/2/18 23/2/19
s 0
f 21/2/20 23/2/21 24/2/22
s 1
f 25/2/23 23/2/19 22/2/18
f 23/2/19 25/2/23 26/2/24
f 27/2/25 26/2/24 25/2/23
f 26/2/24 27/2/25 28/2/25
f 29/2/26 30/2/26 31/2/26
f 30/2/26 29/2/26 32/2/27
f 33/2/28 34/3/29 35/4/30
f 34/3/29 33/2/28 36/1/31
f 37/4/32 38/3/33 39/4/33
f 38/3/33 37/4/32 40/3/34
f 41/1/35 42/2/36 43/2/35
f 42/2/36 41/1/35 44/1/36
f 44/1/36 45/1/37 42/2/36
f 46/2/38 42/2/36 45/1/37
f 45/1/37 47/2/39 46/2/38
f 47/2/39 45/1/37 48/1/39
f 48/1/39 49/1/40 47/2/39
f 50/2/41 47/2/39 49/1/40
f 51/4/42 52/3/43 53/3/42
f 51/4/42 53/3/42 54/4/44
f 55/1/45 56/1/46 57/2/45
f 57/2/45 56/1/46 58/2/47
f 59/2/48 60/1/49 61/1/50
f 60/1/49 59/2/48 62/2/51
f 63/1/52 64/2/53 65/1/54
f 64/2/53 63/1/52 66/2/55
f 67/1/56 66/2/55 63/1/52
f 67/1/56 68/2/57 66/2/55
f 69/4/58 70/4/59 71/3/60
f 72/3/61 71/3/60 70/4/59
f 73/4/62 72/3/61 70/4/59
f 74/3/63 72/3/61 73/4/62
f 75/3/64 76/4/64 77/4/64
f 76/4/64 75/3/64 78/3/65
f 79/4/66 80/4/67 81/3/66
f 82/3/68 81/3/66 80/4/67
f 80/4/67 83/4/69 82/3/68
f 84/3/69 82/3/68 83/4/69
f 85/1/70 86/2/71 87/1/71
f 86/2/71 85/1/70 88/2/70
f 89/2/22 90/2/22 91/2/22
f 90/2/22 92/2/22 91/2/22
f 93/2/22 89/2/22 91/2/22
f 94/2/22 89/2/22 93/2/22
f 93/2/22 95/2/22 94/2/22
f 89/2/22 94/2/22 96/2/22
f 96/2/22 94/2/22 97/2/22
f 89/2/22 96/2/22 98/2/22
f 90/2/22 89/2/22 99/2/22
f 100/2/22 98/2/22 96/2/22
f 99/2/22 101/2/22 90/2/22
f 98/2/22 100/2/22 102/2/22
f 103/2/22 101/2/22 99/2/22
f 101/2/22 103/2/22 104/2/22
f 99/2/22 105/4/22 103/2/22
f 106/4/22 103/2/22 105/4/22
f 105/4/22 99/2/22 107/2/22
f 107/2/22 99/2/22 108/2/22
f 105/4/22 107/2/22 109/4/22
f 109/4/22 107/2/22 110/4/22
f 110/4/22 111/4/22 109/4/22
f 112/4/22 109/4/22 111/4/22
f 113/4/22 111/4/22 110/4/22
f 111/4/22 113/4/22 114/4/22
f 115/2/22 98/2/22 102/2/22
f 116/2/22 115/2/22 102/2/22
f 117/2/22 98/2/22 115/2/22
f 98/2/22 117/2/22 118/2/22
f 119/2/22 118/2/22 117/2/22
f 118/2/22 119/2/22 120/2/22
f 119/2/22 121/2/22 120/2/22
f 98/2/22 118/2/22 122/2/22
f 122/2/22 118/2/22 123/2/22
f 122/2/22 123/2/22 124/2/22
f 124/2/22 123/2/22 125/2/22
f 126/2/22 122/2/22 124/2/22
f 122/2/22 126/2/22 127/2/22
f 127/2/22 126/2/22 128/2/22
f 129/2/22 127/2/22 128/2/22
f 127/2/22 129/2/22 130/2/22
f 127/2/22 130/2/22 131/2/22
f 127/2/22 131/2/22 132/2/22
f 131/2/22 133/2/22 132/2/22
f 133/2/22 134/2/22 132/2/22
f 135/3/72 136/3/72 137/3/72
f 137/3/72 136/3/72 138/3/72
f 135/3/72 137/3/72 139/3/72
f 139/3/72 137/3/72 140/3/72
f 141/1/72 136/3/72 135/3/72
f 141/1/72 142/3/72 136/3/72
f 142/3/72 141/1/72 143/1/72
f 143/1/72 141/1/72 144/1/72
f 145/1/72 142/3/72 143/1/72
f 142/3/72 145/1/72 146/3/72
f 145/1/72 143/1/72 147/1/72
f 145/1/72 147/1/72 148/1/72
f 143/1/72 149/1/72 147/1/72
f 150/1/72 149/1/72 143/1/72
f 149/1/72 151/1/72 152/1/72
f 151/1/72 149/1/72 150/1/72
f 150/1/72 153/1/72 151/1/72
f 153/1/72 150/1/72 154/1/72
f 154/1/72 155/1/72 153/1/72
f 154/1/72 150/1/72 156/1/72
f 154/1/72 156/1/72 157/1/72
f 158/1/72 156/1/72 150/1/72
f 158/1/72 159/1/72 156/1/72
f 159/1/72 158/1/72 160/1/72
f 161/1/72 160/1/72 158/1/72
f 160/1/72 161/1/72 162/1/72
f 158/1/72 163/1/72 161/1/72
f 158/1/72 164/1/72 163/1/72
f 164/1/72 165/1/72 163/1/72
f 165/1/72 164/1/72 166/1/72
f 166/1/72 167/1/72 165/1/72
f 168/1/72 164/1/72 158/1/72
f 164/1/72 168/1/72 169/1/72
f 169/1/72 168/1/72 170/1/72
f 169/1/72 170/1/72 171/1/72
f 168/1/72 172/1/72 170/1/72
f 173/1/72 172/1/72 168/1/72
f 172/1/72 173/1/72 174/1/72
f 173/1/72 175/1/72 174/1/72
f 173/1/72 176/1/72 175/1/72
f 176/1/72 173/1/72 177/1/72
f 178/1/72 177/1/72 173/1/72
f 177/1/72 178/1/72 179/1/72
f 178/1/72 180/1/72 179/1/72
f 181/2/73 182/2/73 183/2/73
f 181/2/73 184/2/73 182/2/73
f 185/2/73 181/2/73 183/2/73
f 185/2/73 183/2/73 186/2/73
f 186/2/73 187/2/73 185/2/73
f 188/2/74 185/2/73 187/2/73
f 189/2/73 184/2/73 181/2/73
f 189/2/73 190/2/73 184/2/73
f 191/2/73 184/2/73 190/2/73
f 191/2/73 190/2/73 192/2/73
f 190/2/73 189/2/73 193/2/73
f 190/2/73 193/2/73 194/2/73
f 190/2/73 194/2/73 195/2/73
f 196/2/73 194/2/73 193/2/73
f 194/2/73 196/2/73 197/2/73
f 198/2/73 196/2/73 193/2/73
f 196/2/73 198/2/73 199/2/74
f 193/2/73 200/2/73 198/2/73
f 201/2/73 198/2/73 200/2/73
f 202/2/73 198/2/73 201/2/73
f 203/2/75 204/2/75 205/2/75
f 205/2/75 204/2/75 206/2/75
f 204/2/75 207/2/75 206/2/75
f 204/2/75 208/2/76 207/2/75
f 209/2/75 203/2/75 205/2/75
f 203/2/75 209/2/75 210/2/75
f 210/2/75 211/2/75 203/2/75
f 212/2/75 211/2/75 210/2/75
f 213/2/75 212/2/75 210/2/75
f 212/2/75 213/2/75 214/2/75
f 211/2/75 212/2/75 215/2/75
f 216/2/75 215/2/75 212/2/75
f 212/2/75 217/2/75 216/2/75
f 215/2/75 216/2/75 218/2/75
f 219/2/75 218/2/75 216/2/75
f 220/2/75 215/2/75 218/2/75
f 220/2/75 218/2/75 221/2/76
f 215/2/75 220/2/75 222/2/75
f 222/2/75 220/2/75 223/2/75
f 223/2/75 220/2/75 224/2/75
f 225/1/77 226/2/78 227/2/79
f 225/1/77 227/2/79 228/1/79
f 229/2/80 230/2/81 231/2/82
f 230/2/81 229/2/80 232/2/81
f 233/2/40 229/2/80 231/2/82
f 229/2/80 233/2/40 234/2/83
f 235/2/25 234/2/83 233/2/40
f 235/2/25 233/2/40 236/2/25
f 237/3/84 238/1/84 239/2/84
f 237/3/84 239/2/84 240/4/84
f 241/1/85 242/2/86 243/1/87
f 242/2/86 241/1/85 244/2/85
f 245/1/88 244/2/85 241/1/85
f 244/2/85 245/1/88 246/2/89
f 247/1/90 246/2/89 245/1/88
f 246/2/89 247/1/90 248/2/90
f 249/1/91 248/2/90 247/1/90
f 248/2/90 249/1/91 250/2/92
f 249/1/91 251/1/93 250/2/92
f 250/2/92 251/1/93 252/2/94
f 253/2/95 254/2/96 255/2/97
f 253/2/95 255/2/97 256/2/95
f 257/2/98 253/2/95 256/2/95
f 257/2/98 256/2/95 258/2/98
f 259/2/99 257/2/98 258/2/98
f 259/2/99 258/2/98 260/2/100
f 261/1/101 262/2/102 263/1/103
f 262/2/102 261/1/101 264/2/101
f 265/1/104 264/2/101 261/1/101
f 264/2/101 265/1/104 266/2/105
f 267/1/106 266/2/105 265/1/104
f 266/2/105 267/1/106 268/2/107
f 269/1/108 268/2/107 267/1/106
f 268/2/107 269/1/108 270/2/108
f 271/1/109 270/2/108 269/1/108
f 270/2/108 271/1/109 272/2/109
f 273/1/110 272/2/109 271/1/109
f 272/2/109 273/1/110 274/2/110
f 273/1/110 275/1/111 274/2/110
f 274/2/110 275/1/111 276/2/112
f 277/2/113 278/2/114 279/2/115
f 279/2/115 278/2/114 280/2/116
f 277/2/113 281/2/117 278/2/114
f 282/2/118 281/2/117 277/2/113
f 282/2/118 283/2/119 281/2/117
f 284/2/120 283/2/119 282/2/118
f 284/2/120 285/2/121 283/2/119
f 285/2/121 284/2/120 286/2/84
f 286/2/84 287/2/122 285/2/121
f 286/2/84 288/2/123 287/2/122
f 288/2/123 289/2/124 287/2/122
f 289/2/124 288/2/123 290/2/125
f 291/2/126 289/2/124 290/2/125
f 289/2/124 291/2/126 292/2/126
f 293/1/127 294/2/128 295/1/129
f 294/2/128 293/1/127 296/2/130
f 297/1/131 296/2/130 293/1/127
f 296/2/130 297/1/131 298/2/132
f 297/1/131 299/1/133 298/2/132
f 298/2/132 299/1/133 300/2/134
f 301/1/135 300/2/134 299/1/133
f 300/2/134 301/1/135 302/2/136
f 303/1/137 302/2/136 301/1/135
f 302/2/136 303/1/137 304/2/138
f 303/1/137 305/1/139 304/2/138
f 304/2/138 305/1/139 306/2/140
f 307/1/141 306/2/140 305/1/139
f 306/2/140 307/1/141 308/2/142
f 309/2/143 310/2/144 311/2/143
f 310/2/144 309/2/143 312/2/144
f 313/2/145 314/2/146 315/2/147
f 313/2/145 315/2/147 316/2/148
f 317/2/149 313/2/150 318/2/150
f 319/2/151 320/2/152 321/2/151
f 320/2/152 319/2/151 322/2/153
f 319/2/151 321/2/151 323/2/154
f 323/2/154 321/2/151 324/2/155
o 76012895709797
v -0.215938 -1.882007 0.000000
v -0.176879 -1.839447 -0.028714
v -0.194263 -1.877498 -0.053514
v -0.108060 -2.029420 0.000000
v -0.141933 -1.866612 -0.075680
v -0.108060 -2.029420 0.000000
v -0.148800 -1.833604 -0.040608
v -0.188509 -1.841866 0.000000
v -0.176879 -1.839447 0.028714
v -0.194263 -1.877498 0.053514
v -0.108060 -2.029420 0.000000
v -0.141933 -1.866612 0.075680
v -0.108060 -2.029420 0.000000
v -0.148800 -1.833604 0.040608
v -0.120721 -1.827762 0.028714
v -0.089604 -1.855724 0.053514
v -0.108060 -2.029420 0.000000
v -0.109091 -1.825343 0.000000
v -0.067928 -1.851215 0.000000
v -0.108060 -2.029420 0.000000
v -0.089604 -1.855724 -0.053514
v -0.108060 -2.029420 0.000000
v -0.120721 -1.827762 -0.028714
v -0.141933 -1.866612 -0.075680
v -0.148800 -1.833604 -0.040608
v -0.108060 -2.029420 0.000000
v -1.690457 0.666925 -0.000000
v -1.703900 0.627938 -0.000000
v -1.684222 0.664014 0.006899
v -1.680995 0.684075 0.006793
v -1.690457 0.666925 -0.000000
v -1.684222 0.664013 -0.006899
v -1.680995 0.684074 -0.006793
v -1.582899 0.910529 -0.000000
v -1.645654 0.773450 -0.000000
v -1.574713 0.907085 0.024148
v -1.640206 0.773079 0.014105
v -1.680995 0.684075 0.006793
v -1.690457 0.666925 -0.000000
v -1.645654 0.773450 -0.000000
v -1.680995 0.684074 -0.006793
v -1.574713 0.907085 -0.024148
v -1.640206 0.773079 -0.014105
v -1.508520 1.024328 -0.030919
v -1.582899 0.910529 -0.000000
v -1.518944 1.028193 -0.000000
v -1.574713 0.907085 -0.024148
v -1.582899 0.910529 -0.000000
v -1.508520 1.024328 0.030919
v -1.574713 0.907085 0.024148
v -1.452044 1.124738 -0.000000
v -1.518944 1.028193 -0.000000
v -1.441193 1.120497 0.033101
v -1.508520 1.024328 0.030919
v -1.441193 1.120497 -0.033101
v -1.518944 1.028193 -0.000000
v -1.508520 1.024328 -0.030919
v 1.209911 1.024244 -0.000000
v 1.202561 1.045733 -0.000000
v 1.199836 1.044057 0.002828
v 1.197721 1.055152 0.002789
v 1.202561 1.045733 -0.000000
v 1.199836 1.044058 -0.002828
v 1.197721 1.055152 -0.002789
v -1.282467 1.302143 -0.000000
v -1.365865 1.206450 0.031327
v -1.274557 1.295141 0.028958
v -1.375407 1.211916 -0.000000
v -1.452044 1.124738 -0.000000
v -1.441193 1.120497 0.033101
v -1.365863 1.206450 -0.031327
v -1.452044 1.124738 -0.000000
v -1.441193 1.120497 -0.033101
v -1.282467 1.302143 -0.000000
v -1.274557 1.295141 -0.028958
v -1.164454 1.393756 -0.028986
v -1.274557 1.295141 -0.028958
v -1.171710 1.401884 -0.000000
v -1.282467 1.302143 -0.000000
v -1.274557 1.295141 0.028958
v -1.171710 1.401884 -0.000000
v -1.164454 1.393756 0.028986
v -1.061617 1.493139 -0.000000
v -1.164454 1.393756 0.028986
v -1.054460 1.484316 0.030213
v -1.171710 1.401884 -0.000000
v -1.061617 1.493139 -0.000000
v -1.164454 1.393756 -0.028986
v -1.054460 1.484316 -0.030213
v -0.904854 0.846528 -0.000000
v -0.907987 0.868522 -0.000000
v -0.902352 0.867792 -0.005684
v -0.906718 0.878645 -0.005593
v -0.907987 0.868522 -0.000000
v -0.902352 0.867792 0.005684
v -0.906718 0.878645 0.005593
v -0.962910 1.548770 -0.030908
v -1.054460 1.484316 -0.030213
v -0.969812 1.558041 -0.000000
v -1.061617 1.493139 -0.000000
v -1.054460 1.484316 0.030213
v -0.969812 1.558041 -0.000000
v -0.962910 1.548770 0.030908
v -0.904770 1.000122 -0.018622
v -0.906593 0.929123 -0.011455
v -0.911657 1.001282 -0.000000
v -0.910736 0.928680 -0.000000
v -0.897368 1.057213 -0.022040
v -0.905399 1.059116 -0.000000
v -0.906593 0.929124 0.011455
v -0.911657 1.001282 -0.000000
v -0.897368 1.057213 0.022040
v -0.904770 1.000122 0.018622
v 0.847471 1.470081 -0.021661
v 0.822444 1.499149 -0.000000
v 0.855785 1.472583 -0.000000
v 0.813043 1.497589 -0.024383
v 0.890065 1.434289 -0.018986
v 0.847471 1.470081 0.021661
v 0.813043 1.497589 0.024383
v 0.890065 1.434289 0.018986
v 0.896491 1.438373 -0.000000
v 0.946148 1.385194 -0.017683
v 0.946148 1.385194 0.017683
v 0.950984 1.390543 -0.000000
v 1.010152 1.325335 -0.016569
v 1.010152 1.325335 0.016569
v 1.014070 1.330938 -0.000000
v 1.077760 1.262615 -0.000000
v 1.074100 1.258125 -0.014172
v 1.074100 1.258125 0.014172
v 1.134508 1.185673 -0.000000
v 1.131264 1.182905 -0.010380
v 1.131264 1.182905 0.010379
v 1.177394 1.105109 -0.000000
v 1.174984 1.104751 -0.005849
v 1.174984 1.104751 0.005849
v 1.197721 1.055152 -0.002789
v 1.197721 1.055152 0.002789
v 1.202561 1.045733 -0.000000
v -0.890497 1.603726 -0.000000
v -0.962910 1.548770 0.030908
v -0.884117 1.593931 0.031416
v -0.969812 1.558041 -0.000000
v -0.890497 1.603726 -0.000000
v -0.962910 1.548770 -0.030908
v -0.884117 1.593931 -0.031416
v -0.805447 1.632139 -0.032490
v -0.884117 1.593931 -0.031416
v -0.811090 1.642824 -0.000000
v -0.890497 1.603726 -0.000000
v -0.884117 1.593931 0.031416
v -0.811090 1.642824 -0.000000
v -0.805447 1.632139 0.032490
v -0.715295 1.684917 -0.000000
v -0.805447 1.632139 0.032490
v -0.710509 1.672992 0.034450
v -0.811090 1.642824 -0.000000
v -0.715295 1.684917 -0.000000
v -0.805447 1.632139 -0.032490
v -0.710509 1.672992 -0.034450
v -0.875949 1.052140 0.030509
v -0.871752 1.126089 0.023852
v -0.897368 1.057213 0.022040
v -0.868041 0.993938 0.018773
v -0.854531 1.047066 0.022337
v -0.904770 1.000122 0.018622
v -0.886406 0.997031 0.025709
v -0.906593 0.929124 0.011455
v -0.895346 0.926562 0.015554
v -0.906718 0.878645 0.005593
v -0.902352 0.867792 0.005684
v -0.895603 0.877203 0.005619
v -0.868041 0.993938 0.018773
v -0.846499 1.045162 -0.000000
v -0.861154 0.992778 -0.000000
v -0.868041 0.993938 -0.018773
v -0.846499 1.045162 -0.000000
v -0.854531 1.047066 -0.022337
v -0.875949 1.052140 -0.030509
v -0.868041 0.993938 -0.018773
v -0.886405 0.997031 -0.025709
v -0.849262 1.118300 -0.033082
v -0.826771 1.110509 -0.024267
v -0.871752 1.126089 -0.023852
v -0.897368 1.057213 -0.022040
v -0.818751 1.233731 -0.027009
v -0.905399 1.059116 -0.000000
v -0.871752 1.126089 -0.023852
v -0.880186 1.129010 -0.000000
v -0.880186 1.129010 -0.000000
v -0.818751 1.233731 -0.027009
v -0.827903 1.238012 -0.000000
v -0.905399 1.059116 -0.000000
v -0.871752 1.126089 0.023852
v -0.897368 1.057213 0.022040
v -0.880186 1.129010 -0.000000
v -0.818751 1.233731 0.027009
v -0.871752 1.126089 0.023852
v -0.906593 0.929123 -0.011455
v -0.895346 0.926562 -0.015554
v -0.906718 0.878645 -0.005593
v -0.902352 0.867792 -0.005684
v -0.895603 0.877203 -0.005619
v -0.906718 0.878645 -0.005593
v -0.910736 0.928680 -0.000000
v -0.907987 0.868522 -0.000000
v -0.906718 0.878645 0.005593
v -0.910736 0.928680 -0.000000
v -0.906593 0.929124 0.011455
v 0.780718 1.522378 0.025684
v 0.813043 1.497589 0.024383
v 0.789577 1.524301 -0.000000
v 0.780718 1.522378 -0.025684
v 0.760023 1.547510 -0.000000
v 0.789577 1.524301 -0.000000
v 0.752350 1.544594 -0.026042
v 0.752350 1.544594 0.026043
v 0.780718 1.522378 0.025684
v 0.760023 1.547510 -0.000000
v 0.789577 1.524301 -0.000000
v 0.813043 1.497589 -0.024383
v 0.789577 1.524301 -0.000000
v 0.822444 1.499149 -0.000000
v 0.780718 1.522378 -0.025684
v 0.813043 1.497589 0.024383
v 0.822444 1.499149 -0.000000
v 0.789577 1.524301 -0.000000
v 0.202696 1.867986 0.032321
v 0.149417 1.890088 -0.000000
v 0.147350 1.878228 0.038027
v 0.204553 1.877623 -0.000000
v 0.142982 1.844653 0.056390
v 0.197828 1.840906 0.047631
v 0.202696 1.867986 0.032321
v 0.202696 1.867986 -0.032321
v 0.149417 1.890088 -0.000000
v 0.147350 1.878228 -0.038027
v 0.197828 1.840906 -0.047631
v 0.202696 1.867986 -0.032321
v 0.142982 1.844653 -0.056390
v 0.204553 1.877623 -0.000000
v 0.255741 1.841350 -0.019855
v 0.202696 1.867986 -0.032321
v 0.257563 1.846543 -0.000000
v 0.204553 1.877623 -0.000000
v 0.255741 1.841350 0.019855
v 0.202696 1.867986 0.032321
v 0.038783 1.878148 -0.000000
v 0.147350 1.878228 -0.038027
v 0.037439 1.865196 -0.039141
v 0.149417 1.890088 -0.000000
v 0.038783 1.878148 -0.000000
v 0.147350 1.878228 0.038027
v 0.037439 1.865197 0.039141
v 0.291527 1.819867 0.009695
v 0.257563 1.846543 -0.000000
v 0.255741 1.841350 0.019855
v 0.299074 1.817115 -0.000000
v 0.291527 1.819867 -0.009695
v 0.257563 1.846543 -0.000000
v 0.255741 1.841350 -0.019855
v 0.740008 1.424439 -0.000000
v 0.730882 1.496888 -0.018754
v 0.739468 1.499569 -0.000000
v 0.732785 1.422821 -0.015480
v 0.730882 1.496888 0.018754
v 0.740008 1.424439 -0.000000
v 0.732785 1.422821 0.015480
v -0.581764 1.722753 0.037185
v -0.403278 1.791268 -0.000000
v -0.585594 1.736065 -0.000000
v -0.581764 1.722753 -0.037185
v -0.710509 1.672992 0.034450
v -0.715295 1.684917 -0.000000
v -0.710509 1.672992 -0.034450
v -0.400841 1.777126 0.039320
v -0.168897 1.842184 -0.000000
v -0.168461 1.828330 0.039678
v -0.400841 1.777126 -0.039320
v -0.168461 1.828330 -0.039678
v 0.037439 1.865196 -0.039141
v -0.168461 1.828330 -0.039678
v 0.038783 1.878148 -0.000000
v 0.037439 1.865197 0.039141
v -0.168461 1.828330 0.039678
v 0.738871 1.348749 -0.000000
v 0.732785 1.422821 -0.015480
v 0.740008 1.424439 -0.000000
v 0.732300 1.348178 -0.013816
v 0.732785 1.422821 0.015480
v 0.738871 1.348749 -0.000000
v 0.732300 1.348178 0.013816
v -0.403278 1.791268 -0.000000
v -0.581764 1.722753 0.037185
v -0.400841 1.777126 0.039320
v -0.585594 1.736065 -0.000000
v -0.710509 1.672992 0.034450
v -0.400841 1.777126 -0.039320
v -0.581764 1.722753 -0.037185
v -0.403278 1.791268 -0.000000
v -0.710509 1.672992 -0.034450
v -0.585594 1.736065 -0.000000
v 0.729653 1.563006 0.025742
v 0.752350 1.544594 0.026043
v 0.736511 1.566620 -0.000000
v 0.760023 1.547510 -0.000000
v 0.752350 1.544594 -0.026042
v 0.729653 1.563006 -0.025742
v 0.711579 1.579766 -0.000000
v 0.705854 1.576296 0.022330
v 0.705854 1.576296 -0.022330
v 0.679863 1.585941 -0.000000
v 0.676700 1.583615 0.014439
v 0.676700 1.583615 -0.014439
v 0.656219 1.586108 0.007611
v 0.656219 1.586108 -0.007611
v 0.653309 1.587290 -0.000000
v 0.732033 1.272042 -0.000000
v 0.732300 1.348178 -0.013816
v 0.738871 1.348749 -0.000000
v 0.732300 1.348178 0.013816
v 0.725158 1.272415 0.014350
v -0.538848 1.607390 -0.000000
v -0.612183 1.525317 0.031782
v -0.529916 1.599515 0.031850
v 0.732300 1.348178 -0.013816
v 0.732033 1.272042 -0.000000
v 0.725158 1.272415 -0.014350
v 0.334235 1.654283 -0.000000
v 0.411635 1.591396 -0.046647
v 0.326557 1.641915 -0.045124
v 0.419782 1.604201 -0.000000
v 0.334235 1.654283 -0.000000
v 0.411634 1.591396 0.046647
v 0.326557 1.641915 0.045124
v 0.388597 1.608889 -0.000000
v 0.449920 1.561636 -0.042373
v 0.432556 1.564044 -0.000000
v 0.449920 1.561636 0.042373
v 0.420381 1.604480 -0.077560
v 0.491841 1.555821 -0.059925
v 0.497114 1.593838 -0.109687
v 0.542077 1.918008 -0.000000
v 0.542077 1.918008 -0.000000
v 0.420381 1.604480 0.077560
v 0.542077 1.918008 -0.000000
v 0.491841 1.555821 0.059925
v 0.497114 1.593838 0.109687
v 0.542077 1.918008 -0.000000
v 0.533762 1.550007 0.042373
v 0.573847 1.583195 0.077560
v 0.542077 1.918008 -0.000000
v 0.551126 1.547599 -0.000000
v 0.605631 1.578785 -0.000000
v 0.542077 1.918008 -0.000000
v 0.573847 1.583195 -0.077560
v 0.542077 1.918008 -0.000000
v 0.533762 1.550007 -0.042373
v 0.497114 1.593838 -0.109687
v 0.542077 1.918008 -0.000000
v 0.491841 1.555821 -0.059925
v 0.219466 1.724398 0.044541
v 0.239665 1.655948 0.060842
v 0.263334 1.685033 0.044643
v 0.192228 1.701983 0.060536
v 0.306084 1.608929 0.061761
v 0.326557 1.641915 0.045124
v 0.263334 1.685033 0.044643
v 0.229680 1.732806 -0.000000
v 0.272210 1.695941 -0.000000
v 0.326557 1.641915 0.045124
v 0.272210 1.695941 -0.000000
v 0.334235 1.654283 -0.000000
v 0.389907 1.557246 0.064052
v 0.326557 1.641915 0.045124
v 0.411634 1.591396 0.046647
v 0.326557 1.641915 -0.045124
v 0.272210 1.695941 -0.000000
v 0.263334 1.685033 -0.044643
v 0.509130 1.536361 0.048823
v 0.419782 1.604201 -0.000000
v 0.518845 1.549035 -0.000000
v 0.509130 1.536361 -0.048823
v 0.419782 1.604201 -0.000000
v 0.411635 1.591396 -0.046647
v 0.389907 1.557246 -0.064052
v 0.326557 1.641915 -0.045124
v 0.306084 1.608929 -0.061761
v 0.326557 1.641915 -0.045124
v 0.239665 1.655948 -0.060842
v 0.219466 1.724398 -0.044541
v 0.192228 1.701983 -0.060536
v 0.229680 1.732806 -0.000000
v 0.263334 1.685033 -0.044643
v 0.706823 1.273410 0.020078
v 0.699556 1.195138 0.013588
v 0.725158 1.272415 0.014350
v 0.682207 1.197459 0.019106
v 0.699556 1.195138 0.013588
v 0.732033 1.272042 -0.000000
v 0.706062 1.194268 -0.000000
v 0.699556 1.195138 -0.013588
v 0.732033 1.272042 -0.000000
v 0.725158 1.272415 -0.014350
v -0.621428 1.532810 -0.000000
v -0.693899 1.453494 -0.000000
v -0.612183 1.525317 0.031782
v -0.684226 1.446729 0.031564
v -0.612183 1.525317 -0.031782
v -0.693899 1.453494 -0.000000
v -0.684226 1.446729 -0.031565
v -0.658431 1.428687 -0.043670
v -0.725529 1.336415 -0.041776
v -0.699513 1.321288 -0.030586
v -0.751545 1.351541 -0.030179
v -0.769941 1.210905 -0.027444
v -0.794346 1.222318 -0.037436
v -0.818338 1.107589 -0.000000
v -0.854531 1.047066 -0.022337
v -0.846499 1.045162 -0.000000
v -0.827903 1.238012 -0.000000
v -0.751545 1.351541 -0.030179
v -0.761300 1.357214 -0.000000
v -0.761300 1.357214 -0.000000
v -0.684226 1.446729 -0.031565
v -0.693899 1.453494 -0.000000
v -0.827903 1.238012 -0.000000
v -0.751545 1.351541 0.030179
v -0.818751 1.233731 0.027009
v -0.761300 1.357214 -0.000000
v -0.684226 1.446729 0.031564
v -0.751545 1.351541 0.030179
v -1.628368 0.765552 -0.019141
v -1.680995 0.684074 -0.006793
v -1.640206 0.773079 -0.014105
v -1.552883 0.897902 -0.033295
v -1.628368 0.765552 -0.019141
v -1.574713 0.907085 -0.024148
v -1.640206 0.773079 -0.014105
v -0.447085 1.667439 0.031976
v -0.373823 1.725561 0.032160
v -0.382537 1.733659 -0.000000
v -0.455860 1.675474 -0.000000
v -0.447086 1.667439 -0.031976
v -0.373823 1.725561 -0.032160
v -0.423684 1.646012 -0.043898
v -0.350586 1.703966 -0.043831
v -0.400283 1.624585 -0.031876
v -0.327349 1.682371 -0.031594
v -1.680995 0.684074 -0.006793
v -1.628368 0.765552 -0.019141
v -1.684222 0.664013 -0.006899
v -0.414497 0.964389 -0.000000
v -0.421763 0.996595 -0.000000
v -0.415036 0.996095 -0.006802
v -0.421928 1.011696 -0.006632
v -0.415036 0.996095 0.006802
v -0.421763 0.996595 -0.000000
v -0.421928 1.011696 0.006632
v 0.623809 1.519983 -0.000000
v 0.564674 1.514303 0.026563
v 0.625482 1.512262 0.026143
v 0.564092 1.522849 -0.000000
v 0.623809 1.519983 -0.000000
v 0.564674 1.514303 -0.026563
v 0.625482 1.512262 -0.026143
v 0.587606 1.049478 -0.000000
v 0.607140 1.067349 -0.000000
v 0.601494 1.068323 0.004538
v 0.613680 1.076340 0.004366
v 0.607140 1.067349 -0.000000
v 0.601494 1.068323 -0.004538
v 0.613680 1.076340 -0.004366
v -0.179554 1.488736 -0.000000
v -0.117165 1.556747 -0.031987
v -0.108905 1.548309 -0.000000
v -0.188329 1.496539 -0.031702
v -0.139190 1.579246 0.043810
v -0.188329 1.496539 0.031702
v -0.117164 1.556747 0.031987
v -0.211730 1.517347 0.043357
v -0.161215 1.601746 0.031737
v -0.235131 1.538155 0.031363
v -0.139190 1.579246 0.043810
v -0.088787 1.657903 0.031925
v -0.069209 1.633167 0.044040
v -0.117165 1.556747 -0.031987
v -0.139190 1.579246 -0.043810
v -0.211731 1.517346 -0.043357
v -0.161215 1.601746 -0.031737
v -0.235131 1.538155 -0.031363
v -0.235131 1.538155 -0.031363
v -0.169474 1.610184 -0.000000
v -0.243907 1.545957 -0.000000
v -0.235131 1.538155 0.031363
v -0.169474 1.610184 -0.000000
v -0.161215 1.601746 0.031737
v 0.755410 1.516817 0.036596
v 0.752350 1.544594 0.026043
v 0.730676 1.536535 0.036466
v 0.780718 1.522378 0.025684
v 0.255741 1.841350 0.019855
v 0.197828 1.840906 0.047631
v 0.253421 1.825367 0.028259
v 0.202696 1.867986 0.032321
v 0.192297 1.763984 -0.044238
v 0.206858 1.795386 -0.000000
v 0.203161 1.768216 -0.000000
v 0.193981 1.803971 -0.043584
v 0.229680 1.732806 -0.000000
v 0.192297 1.763984 -0.044238
v 0.219466 1.724398 -0.044541
v 0.192297 1.763984 0.044238
v 0.229680 1.732806 -0.000000
v 0.219466 1.724398 0.044541
v 0.206858 1.795386 -0.000000
v 0.192297 1.763984 0.044238
v 0.193981 1.803971 0.043584
v 0.202696 1.867986 -0.032321
v 0.255741 1.841350 -0.019855
v 0.197828 1.840906 -0.047631
v 0.253421 1.825367 -0.028259
v -0.244615 1.426289 -0.000000
v -0.188329 1.496539 0.031702
v -0.254237 1.433435 0.032632
v -0.179554 1.488736 -0.000000
v -0.305689 1.373709 0.035446
v -0.294357 1.367546 -0.000000
v -0.305689 1.373709 -0.035446
v -0.244615 1.426289 -0.000000
v -0.188329 1.496539 -0.031702
v -0.254237 1.433435 -0.032632
v -0.211730 1.517347 0.043357
v -0.188329 1.496539 0.031702
v -0.279897 1.452493 0.044561
v -0.235131 1.538155 0.031363
v -0.305689 1.373709 0.035446
v -0.305556 1.471553 0.032184
v -0.335908 1.390144 0.048362
v -0.366127 1.406580 0.034899
v -0.343289 1.318211 0.036766
v -0.376675 1.330849 0.050133
v -0.410062 1.343487 0.036154
v -0.343289 1.318211 0.036766
v -0.294357 1.367546 -0.000000
v -0.330768 1.313472 -0.000000
v -0.343288 1.318211 -0.036766
v -0.294357 1.367546 -0.000000
v -0.305689 1.373709 -0.035446
v -0.343288 1.318211 -0.036766
v -0.335908 1.390144 -0.048362
v -0.376675 1.330849 -0.050133
v -0.366126 1.406578 -0.034899
v -0.410062 1.343487 -0.036154
v -0.305556 1.471551 -0.032184
v -0.422581 1.348228 -0.000000
v -0.366126 1.406578 -0.034899
v -0.377458 1.412743 -0.000000
v -0.366127 1.406580 0.034899
v -0.422581 1.348228 -0.000000
v -0.410062 1.343487 0.036154
v -0.279897 1.452493 -0.044561
v -0.235131 1.538155 -0.031363
v -0.211731 1.517346 -0.043357
v -0.188329 1.496539 -0.031702
v -0.305556 1.471551 -0.032184
v -0.243907 1.545957 -0.000000
v -0.315179 1.478699 -0.000000
v -0.377458 1.412743 -0.000000
v -0.377458 1.412743 -0.000000
v -0.305556 1.471553 0.032184
v -0.366127 1.406580 0.034899
v -0.243907 1.545957 -0.000000
v -0.235131 1.538155 0.031363
v 0.786239 1.493197 0.034225
v 0.780718 1.522378 0.025684
v 0.755410 1.516817 0.036596
v 0.752350 1.544594 0.026043
v 0.729653 1.563006 0.025742
v 0.730676 1.536535 0.036466
v 0.711130 1.553320 0.035493
v 0.457043 1.369798 -0.104820
v 0.471552 1.275538 -0.033065
v 0.438995 1.281081 -0.046761
v 0.485037 1.273241 -0.000000
v 0.560661 1.354821 -0.000000
v 0.471552 1.275538 0.033065
v 0.434097 1.252316 -0.072082
v 0.505071 1.240230 -0.000000
v 0.484283 1.243771 0.050970
v 0.434097 1.252316 0.072082
v 0.484283 1.243771 -0.050970
v 0.477190 1.215948 -0.000000
v 0.463161 1.218337 -0.034398
v 0.429293 1.224104 -0.048646
v 0.395749 1.031720 -0.153768
v 0.463161 1.218337 0.034398
v 0.502353 1.010988 -0.108731
v 0.546510 1.002400 -0.000000
v 0.415310 0.892417 -0.052364
v 0.364311 0.904015 -0.074054
v 0.502353 1.010988 0.108731
v 0.390748 0.791204 -0.052364
v 0.339954 0.803674 -0.074054
v 0.436435 0.887613 -0.000000
v 0.314360 0.735897 -0.125893
v 0.415310 0.892417 0.052364
v 0.411787 0.786038 -0.000000
v 0.390748 0.791204 0.052364
v 0.395749 1.031720 0.153768
v 0.435630 0.702656 -0.000000
v 0.400111 0.712392 -0.089020
v 0.429293 1.224104 0.048646
v 0.395423 1.229872 0.034398
v 0.383910 1.260863 0.050970
v 0.289146 1.052452 0.108731
v 0.244989 1.061040 -0.000000
v 0.313311 0.915613 0.052364
v 0.364311 0.904015 0.074054
v 0.339954 0.803674 0.074054
v 0.289161 0.816145 0.052364
v 0.314360 0.735897 0.125893
v 0.228610 0.759402 0.089020
v 0.245403 0.700951 0.049851
v 0.400111 0.712392 0.089020
v 0.293423 0.687788 0.070500
v 0.231242 0.649290 0.049851
v 0.341443 0.674625 0.049851
v 0.361333 0.669174 -0.000000
v 0.279262 0.636127 0.070500
v 0.265639 0.586428 0.126900
v 0.327282 0.622964 0.049851
v 0.352075 0.562735 0.089732
v 0.290432 0.526200 0.039881
v 0.347173 0.617512 -0.000000
v 0.387878 0.552922 -0.000000
v 0.327282 0.622964 -0.049851
v 0.341443 0.674625 -0.049851
v 0.293423 0.687788 -0.070500
v 0.279262 0.636127 -0.070500
v 0.265639 0.586428 -0.126900
v 0.352075 0.562735 -0.089732
v 0.306345 0.521838 -0.000000
v 0.564674 1.514303 -0.026563
v 0.502536 1.516315 -0.026982
v 0.564092 1.522849 -0.000000
v 0.502235 1.525075 -0.000000
v 0.502536 1.516315 0.026983
v 0.564092 1.522849 -0.000000
v 0.564674 1.514303 0.026563
v 0.503339 1.492955 -0.037107
v 0.502536 1.516315 -0.026982
v 0.566224 1.491519 -0.036477
v 0.625482 1.512262 -0.026143
v 0.566224 1.491519 -0.036477
v 0.629947 1.491671 -0.035846
v 0.503339 1.492955 0.037107
v 0.502536 1.516315 0.026983
v 0.566224 1.491519 0.036477
v 0.566224 1.491519 0.036477
v 0.625482 1.512262 0.026143
v 0.629947 1.491671 0.035846
v 0.625482 1.512262 -0.026143
v 0.670102 1.515497 -0.026357
v 0.679810 1.498604 -0.035745
v 0.625482 1.512262 -0.026143
v 0.666117 1.521511 -0.000000
v 0.623809 1.519983 -0.000000
v 0.625482 1.512262 0.026143
v 0.666117 1.521511 -0.000000
v 0.670102 1.515497 0.026358
v 0.679811 1.498604 0.035745
v 0.625482 1.512262 0.026143
v 0.253421 1.825367 0.028259
v 0.291527 1.819867 0.009695
v 0.255741 1.841350 0.019855
v 0.297563 1.809516 0.010244
v 0.255741 1.841350 -0.019855
v 0.291527 1.819867 -0.009695
v 0.253421 1.825367 -0.028259
v 0.297563 1.809516 -0.010244
v -0.429700 1.086695 -0.013866
v -0.421928 1.011696 -0.006632
v -0.434576 1.085653 -0.000000
v -0.421763 0.996595 -0.000000
v -0.421928 1.011696 0.006632
v -0.434576 1.085653 -0.000000
v -0.429700 1.086695 0.013866
v -0.415853 1.083954 -0.018999
v -0.421928 1.011696 -0.006632
v -0.415036 0.996095 -0.006802
v -0.408659 1.010711 -0.006785
v 0.037439 1.865196 -0.039141
v 0.142982 1.844653 -0.056390
v 0.036498 1.829213 -0.056477
v 0.147350 1.878228 -0.038027
v 0.036498 1.829213 0.056477
v 0.142982 1.844653 0.056390
v 0.037439 1.865197 0.039141
v 0.147350 1.878228 0.038027
v 0.290432 0.526200 -0.039881
v 0.252016 0.536730 -0.056400
v 0.243034 0.503961 -0.084600
v 0.324527 0.481625 -0.000000
v 0.300658 0.488166 -0.059821
v 0.263257 0.469251 -0.028714
v 0.235598 0.476832 -0.040608
v 0.274714 0.466110 -0.000000
v 0.300658 0.488166 0.059821
v 0.243034 0.503961 0.084600
v 0.171490 0.164919 -0.028714
v 0.143204 0.164012 -0.040608
v 0.263257 0.469251 0.028714
v 0.235598 0.476832 0.040608
v 0.171490 0.164919 0.028714
v 0.143204 0.164012 0.040608
v 0.183305 0.165312 -0.000000
v 0.026652 -0.168981 -0.028714
v 0.000665 -0.160843 -0.040608
v 0.026652 -0.168981 0.028714
v 0.000665 -0.160843 0.040608
v 0.037457 -0.172358 0.000000
v -0.095719 -0.475733 -0.028714
v -0.124139 -0.471242 -0.040608
v -0.095719 -0.475733 0.028714
v -0.124139 -0.471242 0.040608
v -0.083916 -0.477594 0.000000
v -0.166166 -0.791257 -0.028714
v -0.194410 -0.786275 -0.040608
v -0.166166 -0.791257 0.028714
v -0.194410 -0.786275 0.040608
v -0.199112 -1.101289 0.028714
v -0.154468 -0.793322 0.000000
v -0.199112 -1.101289 -0.028714
v -0.187307 -1.099963 0.000000
v -0.227613 -1.104492 -0.040608
v -0.178570 -1.425543 0.000000
v -0.190374 -1.426880 0.028714
v -0.122529 -1.760752 0.000000
v -0.190374 -1.426880 -0.028714
v -0.218872 -1.430106 -0.040608
v -0.134160 -1.763172 -0.028714
v -0.162238 -1.769013 -0.040608
v 0.780718 1.522378 0.025684
v 0.786239 1.493197 0.034225
v 0.813043 1.497589 0.024383
v 0.824933 1.463367 0.029892
v 0.813043 1.497589 0.024383
v 0.786239 1.493197 0.034225
v 0.706062 1.194268 -0.000000
v 0.651326 1.121259 -0.008822
v 0.699556 1.195138 -0.013588
v 0.654658 1.119717 -0.000000
v 0.706062 1.194268 -0.000000
v 0.651326 1.121259 0.008822
v 0.699556 1.195138 0.013588
v 0.682207 1.197459 0.019106
v 0.651326 1.121259 0.008822
v 0.639417 1.122233 0.012241
v 0.613680 1.076340 0.004366
v 0.601494 1.068323 0.004538
v 0.602543 1.078264 0.004586
v 0.613680 1.076340 0.004366
v 0.654658 1.119717 -0.000000
v 0.607140 1.067349 -0.000000
v 0.664858 1.199780 0.014203
v 0.639417 1.122233 0.012241
v 0.628813 1.124978 0.009261
v 0.613680 1.076340 -0.004366
v 0.654658 1.119717 -0.000000
v 0.651326 1.121259 -0.008822
v 0.455871 1.490227 -0.037383
v 0.502536 1.516315 -0.026982
v 0.503339 1.492955 -0.037107
v 0.453263 1.513521 -0.027166
v 0.452284 1.522255 -0.000000
v 0.412713 1.507523 -0.027192
v 0.410510 1.516140 -0.000000
v 0.453263 1.513521 -0.027166
v 0.502235 1.525075 -0.000000
v 0.452284 1.522255 -0.000000
v 0.412713 1.507523 0.027193
v 0.452284 1.522255 -0.000000
v 0.453263 1.513521 0.027166
v 0.453263 1.513521 0.027166
v 0.502235 1.525075 -0.000000
v 0.502536 1.516315 0.026983
v 0.455871 1.490227 0.037383
v 0.503339 1.492955 0.037107
v -0.168461 1.828330 -0.039678
v 0.036498 1.829213 -0.056477
v -0.166670 1.791112 -0.055707
v 0.037439 1.865196 -0.039141
v -0.168461 1.828330 0.039678
v 0.036498 1.829213 0.056477
v 0.037439 1.865197 0.039141
v -0.166670 1.791112 0.055706
v -0.400841 1.777126 -0.039320
v -0.166670 1.791112 -0.055707
v -0.394344 1.739414 -0.054549
v -0.168461 1.828330 -0.039678
v -0.400841 1.777126 0.039320
v -0.166670 1.791112 0.055706
v -0.168461 1.828330 0.039678
v -0.394344 1.739414 0.054549
v -0.697744 1.641193 0.047509
v -0.571552 1.687255 0.051346
v -0.710509 1.672992 0.034450
v -0.581764 1.722753 0.037185
v -0.394344 1.739414 -0.054549
v -0.581764 1.722753 -0.037185
v -0.400841 1.777126 -0.039320
v -0.571552 1.687255 -0.051346
v -0.710509 1.672992 -0.034450
v -0.710509 1.672992 -0.034450
v -0.571552 1.687255 -0.051346
v -0.697744 1.641193 -0.047509
v -0.581764 1.722753 0.037185
v -0.394344 1.739414 0.054549
v -0.400841 1.777126 0.039320
v -0.581764 1.722753 -0.037185
v -0.394344 1.739414 -0.054549
v -0.571552 1.687255 -0.051346
v -0.571552 1.687255 0.051346
v -0.394344 1.739414 0.054549
v -0.581764 1.722753 0.037185
v -0.017704 1.707467 0.031879
v 0.053215 1.752597 0.031831
v 0.047278 1.762980 -0.000000
v -0.024107 1.717493 -0.000000
v -0.017704 1.707467 -0.031879
v 0.053215 1.752597 -0.031831
v 0.069045 1.724909 -0.043925
v -0.000631 1.680724 -0.043975
v 0.084876 1.697221 -0.032060
v 0.016442 1.653986 -0.032084
v 0.022844 1.643957 -0.000000
v 0.053215 1.752597 0.031831
v 0.118385 1.805993 -0.000000
v 0.124173 1.795508 0.031808
v 0.053215 1.752597 -0.031831
v 0.124173 1.795508 -0.031808
v 0.139610 1.767549 -0.043918
v 0.069045 1.724909 -0.043925
v 0.155047 1.739592 -0.032073
v 0.084876 1.697221 -0.032060
v 0.090813 1.686838 -0.000000
v 0.411635 1.591396 -0.046647
v 0.483224 1.502564 -0.067191
v 0.389907 1.557246 -0.064052
v 0.509130 1.536361 -0.048823
v 0.509130 1.536361 0.048823
v 0.411634 1.591396 0.046647
v 0.483224 1.502564 0.067191
v 0.389907 1.557246 0.064052
v 0.192297 1.763984 -0.044238
v 0.192228 1.701983 -0.060536
v 0.162331 1.750469 -0.060069
v 0.219466 1.724398 -0.044541
v 0.192228 1.701983 0.060536
v 0.192297 1.763984 0.044238
v 0.162331 1.750469 0.060069
v 0.219466 1.724398 0.044541
v 0.714776 1.346654 0.019165
v 0.725158 1.272415 0.014350
v 0.732300 1.348178 0.013816
v 0.706823 1.273410 0.020078
v 0.713523 1.418510 0.021309
v 0.732300 1.348178 0.013816
v 0.732785 1.422821 0.015480
v 0.714776 1.346654 0.019165
v 0.707985 1.489741 0.025700
v 0.732785 1.422821 0.015480
v 0.730882 1.496888 0.018754
v 0.713523 1.418510 0.021309
v 0.732785 1.422821 -0.015480
v 0.707985 1.489741 -0.025700
v 0.730882 1.496888 -0.018754
v 0.713523 1.418510 -0.021309
v 0.732300 1.348178 -0.013816
v 0.713523 1.418510 -0.021309
v 0.732785 1.422821 -0.015480
v 0.714776 1.346654 -0.019165
v 0.714776 1.346654 -0.019165
v 0.732300 1.348178 -0.013816
v 0.725158 1.272415 -0.014350
v -0.330768 1.313472 -0.000000
v -0.370066 1.262580 -0.033141
v -0.343288 1.318211 -0.036766
v -0.358355 1.259639 -0.000000
v -0.330768 1.313472 -0.000000
v -0.370066 1.262580 0.033141
v -0.343289 1.318211 0.036766
v -0.376675 1.330849 -0.050133
v -0.370066 1.262580 -0.033141
v -0.401296 1.270420 -0.045146
v -0.410062 1.343487 -0.036154
v -0.432526 1.278260 -0.032526
v -0.436877 1.194181 -0.024358
v -0.412914 1.190611 -0.033848
v -0.388952 1.187042 -0.024875
v -0.445863 1.195519 -0.000000
v -0.432526 1.278260 -0.032526
v -0.444238 1.281200 -0.000000
v -0.444238 1.281200 -0.000000
v -0.410062 1.343487 -0.036154
v -0.422581 1.348228 -0.000000
v -0.445863 1.195519 -0.000000
v -0.432526 1.278260 0.032526
v -0.436877 1.194181 0.024358
v -0.444238 1.281200 -0.000000
v -0.410062 1.343487 0.036154
v -0.432526 1.278260 0.032526
v 0.725158 1.272415 -0.014350
v 0.699556 1.195138 -0.013588
v 0.706823 1.273410 -0.020078
v 0.682207 1.197459 -0.019106
v -0.445863 1.195519 -0.000000
v -0.429700 1.086695 0.013866
v -0.436877 1.194181 0.024358
v -0.434576 1.085653 -0.000000
v -0.445863 1.195519 -0.000000
v -0.429700 1.086695 -0.013866
v -0.436877 1.194181 -0.024358
v -0.412914 1.190611 -0.033848
v -0.429700 1.086695 -0.013866
v -0.415853 1.083954 -0.018999
v -0.412914 1.190611 -0.033848
v -0.402056 1.084193 -0.014184
v -0.388952 1.187042 -0.024875
v -0.379966 1.185702 -0.000000
v -0.402056 1.084193 -0.014184
v -0.397129 1.082256 -0.000000
v -0.436877 1.194181 0.024358
v -0.429700 1.086695 0.013866
v -0.412914 1.190611 0.033848
v -0.415853 1.083954 0.018999
v 0.296053 1.801914 -0.000000
v 0.297563 1.809516 -0.010244
v 0.313357 1.803521 -0.000000
v 0.288548 1.804873 -0.010512
v 0.296053 1.801914 -0.000000
v 0.297563 1.809516 0.010244
v 0.288548 1.804873 0.010512
v 0.299074 1.817115 -0.000000
v 0.297563 1.809516 0.010244
v 0.291527 1.819867 0.009695
v 0.299074 1.817115 -0.000000
v 0.297563 1.809516 -0.010244
v 0.291527 1.819867 -0.009695
v 0.145408 1.799072 -0.059671
v 0.192297 1.763984 -0.044238
v 0.162331 1.750469 -0.060069
v 0.193981 1.803971 -0.043584
v 0.145408 1.799072 0.059671
v 0.192297 1.763984 0.044238
v 0.193981 1.803971 0.043584
v 0.162331 1.750469 0.060069
v 0.418590 1.484545 -0.037422
v 0.453263 1.513521 -0.027166
v 0.455871 1.490227 -0.037383
v 0.412713 1.507523 -0.027192
v 0.453263 1.513521 0.027166
v 0.418590 1.484545 0.037423
v 0.455871 1.490227 0.037383
v 0.412713 1.507523 0.027193
v 0.670102 1.515497 0.026358
v 0.687119 1.528600 -0.000000
v 0.666117 1.521511 -0.000000
v 0.699985 1.526635 0.029659
v 0.687119 1.528600 -0.000000
v 0.670102 1.515497 -0.026357
v 0.699985 1.526635 -0.029659
v -0.429700 1.086695 0.013866
v -0.421928 1.011696 0.006632
v -0.415853 1.083954 0.018999
v -0.415036 0.996095 0.006802
v -0.408659 1.010711 0.006785
v 0.083133 1.446121 0.029168
v 0.137030 1.538642 0.031113
v 0.073691 1.451214 -0.000000
v 0.207796 1.578071 0.043833
v 0.137030 1.538642 0.031113
v 0.161695 1.520153 0.043139
v 0.183894 1.598993 0.031808
v 0.193981 1.803971 -0.043584
v 0.142982 1.844653 -0.056390
v 0.197828 1.840906 -0.047631
v 0.145408 1.799072 -0.059671
v 0.197828 1.840906 0.047631
v 0.142982 1.844653 0.056390
v 0.193981 1.803971 0.043584
v 0.145408 1.799072 0.059671
v 0.100904 1.307658 -0.000000
v 0.080595 1.191422 -0.015001
v 0.092591 1.310646 -0.024808
v 0.085756 1.188530 -0.000000
v 0.100904 1.307658 -0.000000
v 0.080595 1.191422 0.015001
v 0.092591 1.310646 0.024808
v 0.083128 1.114223 -0.007290
v 0.085805 1.098473 -0.000000
v 0.083128 1.114223 0.007290
v 0.083128 1.114223 0.007290
v 0.078920 1.100197 0.007214
v 0.084339 1.067194 -0.000000
v 0.078920 1.100197 -0.007214
v 0.083128 1.114223 -0.007290
v 0.083128 1.114223 0.007290
v 0.085756 1.188530 -0.000000
v 0.080595 1.191422 0.015001
v 0.066997 1.193642 0.019841
v 0.085756 1.188530 -0.000000
v 0.083128 1.114223 -0.007290
v 0.080595 1.191422 -0.015001
v 0.066997 1.193642 -0.019841
v 0.161695 1.520153 -0.043139
v 0.083133 1.446121 -0.029169
v 0.137030 1.538642 -0.031113
v 0.108310 1.432544 -0.040724
v 0.137030 1.538642 0.031113
v 0.083133 1.446121 0.029168
v 0.161695 1.520153 0.043139
v 0.720018 1.508482 -0.036730
v 0.679810 1.498604 -0.035745
v 0.699985 1.526635 -0.029659
v 0.670102 1.515497 -0.026357
v 0.679811 1.498604 0.035745
v 0.699985 1.526635 0.029659
v 0.670102 1.515497 0.026358
v 0.720018 1.508482 0.036730
v 0.127781 1.545576 -0.000000
v 0.073691 1.451214 -0.000000
v 0.137030 1.538642 0.031113
v 0.137030 1.538642 -0.031113
v 0.073691 1.451214 -0.000000
v 0.083133 1.446121 -0.029169
v 0.039941 1.329564 -0.000000
v 0.083133 1.446121 0.029168
v 0.048254 1.326577 0.023795
v 0.083133 1.446121 -0.029169
v 0.039941 1.329564 -0.000000
v 0.048254 1.326577 -0.023795
v 0.730676 1.536535 0.036466
v 0.720018 1.508482 0.036730
v 0.755410 1.516817 0.036596
v -0.684979 1.609394 0.034655
v -0.561340 1.651758 0.037500
v -0.697744 1.641193 0.047509
v -0.571552 1.687255 0.051346
v -0.697744 1.641193 0.047509
v -0.775350 1.575160 0.032732
v -0.790398 1.603650 0.044840
v -0.710509 1.672992 0.034450
v -0.850090 1.541684 0.031742
v -0.805447 1.632139 0.032490
v -0.867104 1.567807 0.043421
v -0.926102 1.499325 0.031294
v -0.884117 1.593931 0.031416
v -0.944506 1.524048 0.042764
v -1.016289 1.437261 0.030625
v -0.962910 1.548770 0.030908
v -1.035375 1.460789 0.041826
v -1.125754 1.350406 0.029401
v -1.054460 1.484316 0.030213
v -1.145105 1.372081 0.040141
v -1.232376 1.257803 0.029372
v -1.164454 1.393756 0.028986
v -1.253466 1.276472 0.040101
v -1.314965 1.177302 0.031745
v -1.274557 1.295141 0.028958
v -1.340415 1.191876 0.043362
v -1.383319 1.097880 0.033480
v -1.365865 1.206450 0.031327
v -1.412256 1.109188 0.045775
v -1.452925 1.003719 0.031183
v -1.441193 1.120497 0.033101
v -1.480723 1.014023 0.042695
v -1.531054 0.888720 0.024281
v -1.508520 1.024328 0.030919
v -1.552883 0.897903 0.033295
v -1.614682 0.761414 0.014158
v -1.574713 0.907085 0.024148
v -1.628368 0.765552 0.019141
v -1.668699 0.678333 0.006815
v -1.640206 0.773079 0.014105
v -1.684222 0.664014 0.006899
v -1.680995 0.684075 0.006793
v 0.642529 1.580296 -0.000000
v 0.647919 1.583793 -0.008021
v 0.645990 1.579471 -0.007611
v 0.641234 1.585899 -0.000000
v 0.653309 1.587290 -0.000000
v 0.647919 1.583793 -0.008021
v 0.656219 1.586108 -0.007611
v 0.647919 1.583793 0.008021
v 0.653309 1.587290 -0.000000
v 0.656219 1.586108 0.007611
v 0.642529 1.580296 -0.000000
v 0.647919 1.583793 0.008021
v 0.645990 1.579471 0.007611
v 0.070423 1.318611 0.033415
v 0.066997 1.193642 0.019841
v 0.092591 1.310646 0.024808
v 0.080595 1.191422 0.015001
v 0.066997 1.193642 -0.019841
v 0.092591 1.310646 -0.024808
v 0.080595 1.191422 -0.015001
v 0.070423 1.318611 -0.033415
v 0.682207 1.197459 -0.019106
v 0.639417 1.122233 -0.012241
v 0.664858 1.199780 -0.014203
v 0.628813 1.124978 -0.009261
v 0.699556 1.195138 -0.013588
v 0.651326 1.121259 -0.008822
v 0.639417 1.122233 -0.012241
v 0.613680 1.076340 -0.004366
v 0.601494 1.068323 -0.004538
v 0.602543 1.078264 -0.004586
v -0.790398 1.603650 -0.044840
v -0.710509 1.672992 -0.034450
v -0.697744 1.641193 -0.047509
v -0.805447 1.632139 -0.032490
v -0.775350 1.575160 -0.032732
v -0.684979 1.609394 -0.034655
v -0.850090 1.541684 -0.031742
v -0.697744 1.641193 -0.047509
v -0.561340 1.651756 -0.037500
v -0.571552 1.687255 -0.051346
v -0.867104 1.567807 -0.043421
v -0.926102 1.499325 -0.031294
v -0.884117 1.593931 -0.031416
v -0.944506 1.524048 -0.042764
v -1.016289 1.437261 -0.030625
v -0.962910 1.548770 -0.030908
v -1.035375 1.460789 -0.041826
v -1.125754 1.350406 -0.029401
v -1.054460 1.484316 -0.030213
v -1.145105 1.372081 -0.040141
v -1.232376 1.257803 -0.029372
v -1.164454 1.393756 -0.028986
v -1.253466 1.276472 -0.040101
v -1.314965 1.177302 -0.031745
v -1.274557 1.295141 -0.028958
v -1.340415 1.191876 -0.043362
v -1.383319 1.097880 -0.033480
v -1.365863 1.206450 -0.031327
v -1.412256 1.109188 -0.045775
v -1.452925 1.003719 -0.031183
v -1.441193 1.120497 -0.033101
v -1.480723 1.014023 -0.042695
v -1.531054 0.888720 -0.024281
v -1.508520 1.024328 -0.030919
v -1.552883 0.897902 -0.033295
v -1.574713 0.907085 -0.024148
v -1.614682 0.761414 -0.014158
v -1.552883 0.897902 -0.033295
v -1.628368 0.765552 -0.019141
v 0.161695 1.520153 0.043139
v 0.108310 1.432544 0.040724
v 0.186360 1.501665 0.031635
v 0.133487 1.418966 0.030067
v 0.108310 1.432544 0.040724
v 0.083133 1.446121 0.029168
v 0.083133 1.446121 0.029168
v 0.048254 1.326577 0.023795
v 0.108310 1.432544 0.040724
v 0.070423 1.318611 0.033415
v 0.108310 1.432544 0.040724
v 0.070423 1.318611 0.033415
v 0.133487 1.418966 0.030067
v 0.092591 1.310646 0.024808
v 0.133487 1.418966 -0.030067
v 0.070423 1.318611 -0.033415
v 0.108310 1.432544 -0.040724
v 0.092591 1.310646 -0.024808
v 0.108310 1.432544 -0.040724
v 0.048254 1.326577 -0.023795
v 0.083133 1.446121 -0.029169
v 0.070423 1.318611 -0.033415
v 0.092591 1.310646 0.024808
v 0.142928 1.413874 -0.000000
v 0.133487 1.418966 0.030067
v 0.100904 1.307658 -0.000000
v 0.092591 1.310646 -0.024808
v 0.142928 1.413874 -0.000000
v 0.133487 1.418966 -0.030067
v 0.186360 1.501665 -0.031635
v 0.108310 1.432544 -0.040724
v 0.161695 1.520153 -0.043139
v 0.133487 1.418966 -0.030067
v 0.145408 1.799072 -0.059671
v 0.055039 1.781583 -0.047769
v 0.142982 1.844653 -0.056390
v 0.036498 1.829213 -0.056477
v 0.055039 1.781583 0.047769
v 0.142982 1.844653 0.056390
v 0.036498 1.829213 0.056477
v 0.145408 1.799072 0.059671
v 0.052891 1.198963 0.014299
v 0.069548 1.117623 0.006941
v 0.066997 1.193642 0.019841
v 0.078920 1.100197 0.007214
v 0.083128 1.114223 0.007290
v 0.048254 1.326577 0.023795
v 0.052891 1.198963 0.014299
v 0.070423 1.318611 0.033415
v 0.066997 1.193642 0.019841
v 0.052891 1.198963 -0.014299
v 0.070423 1.318611 -0.033415
v 0.066997 1.193642 -0.019841
v 0.048254 1.326577 -0.023795
v 0.746199 1.486522 0.028353
v 0.755410 1.516817 0.036596
v 0.720018 1.508482 0.036730
v 0.730676 1.536535 -0.036466
v 0.755410 1.516817 -0.036596
v 0.720018 1.508482 -0.036730
v 0.699985 1.526635 -0.029659
v 0.160836 1.729108 -0.000000
v 0.155047 1.739592 0.032073
v 0.084876 1.697221 0.032060
v 0.069045 1.724909 0.043925
v 0.139610 1.767549 0.043918
v 0.053215 1.752597 0.031831
v 0.124173 1.795508 0.031808
v 0.084876 1.697221 0.032060
v 0.016442 1.653986 0.032084
v -0.000631 1.680724 0.043975
v 0.069045 1.724909 0.043925
v -0.017704 1.707467 0.031879
v 0.053215 1.752597 0.031831
v -0.042289 1.599154 -0.000000
v 0.016442 1.653986 -0.032084
v 0.016442 1.653986 0.032084
v -0.049631 1.608430 -0.032133
v -0.000631 1.680724 -0.043975
v -0.069209 1.633167 -0.044040
v -0.049631 1.608430 0.032133
v -0.000631 1.680724 0.043975
v -0.069209 1.633167 0.044040
v -0.017704 1.707467 0.031879
v -0.069209 1.633167 0.044040
v -0.088787 1.657903 0.031925
v -0.069209 1.633167 -0.044040
v -0.017704 1.707467 -0.031879
v -0.088787 1.657903 -0.031925
v -0.096129 1.667178 -0.000000
v -0.088787 1.657903 0.031925
v -0.024107 1.717493 -0.000000
v -0.017704 1.707467 0.031879
v -0.169474 1.610184 -0.000000
v -0.161215 1.601746 -0.031737
v -0.088787 1.657903 -0.031925
v -0.161215 1.601746 0.031737
v -0.096129 1.667178 -0.000000
v -0.088787 1.657903 0.031925
v -0.069209 1.633167 -0.044040
v -0.139190 1.579246 -0.043810
v -0.161215 1.601746 -0.031737
v 0.688488 1.274406 -0.014855
v 0.697252 1.345130 -0.014061
v 0.706823 1.273410 -0.020078
v 0.714776 1.346654 -0.019165
v 0.706823 1.273410 -0.020078
v 0.725158 1.272415 -0.014350
v 0.253421 1.825367 0.028259
v 0.197828 1.840906 0.047631
v 0.250013 1.809222 0.022486
v 0.193981 1.803971 0.043584
v 0.197828 1.840906 -0.047631
v 0.250013 1.809222 -0.022486
v 0.193981 1.803971 -0.043584
v 0.253421 1.825367 -0.028259
v 0.133487 1.418966 -0.030067
v 0.195609 1.494731 -0.000000
v 0.142928 1.413874 -0.000000
v 0.186360 1.501665 -0.031635
v 0.195609 1.494731 -0.000000
v 0.133487 1.418966 0.030067
v 0.186360 1.501665 0.031635
v 0.084339 1.067194 -0.000000
v 0.072036 1.101920 -0.000000
v 0.078920 1.100197 -0.007214
v 0.069548 1.117623 -0.006941
v 0.072036 1.101920 -0.000000
v 0.078920 1.100197 0.007214
v 0.069548 1.117623 0.006941
v 0.039941 1.329564 -0.000000
v 0.048239 1.198754 -0.000000
v 0.048254 1.326577 0.023795
v 0.052891 1.198963 0.014299
v 0.069548 1.117623 0.006941
v 0.072036 1.101920 -0.000000
v 0.048239 1.198754 -0.000000
v 0.069548 1.117623 -0.006941
v 0.048254 1.326577 -0.023795
v 0.052891 1.198963 -0.014299
v 0.066997 1.193642 -0.019841
v 0.069548 1.117623 -0.006941
v 0.078920 1.100197 -0.007214
v 0.083128 1.114223 -0.007290
v 0.183894 1.598993 0.031808
v 0.127781 1.545576 -0.000000
v 0.137030 1.538642 0.031113
v 0.174931 1.606839 -0.000000
v 0.223957 1.640900 0.032051
v 0.183894 1.598993 0.031808
v 0.215197 1.649068 -0.000000
v 0.223957 1.640900 -0.032051
v 0.183895 1.598993 -0.031808
v 0.207796 1.578071 -0.043833
v 0.247319 1.619119 -0.043922
v 0.183895 1.598993 -0.031808
v 0.127781 1.545576 -0.000000
v 0.137030 1.538642 -0.031113
v 0.231698 1.557149 -0.031949
v 0.207796 1.578071 -0.043833
v 0.270681 1.597338 -0.031836
v 0.207796 1.578071 -0.043833
v 0.161695 1.520153 -0.043139
v 0.183895 1.598993 -0.031808
v 0.231698 1.557149 -0.031949
v 0.279442 1.589170 -0.000000
v 0.240661 1.549303 -0.000000
v 0.231698 1.557149 0.031949
v 0.270681 1.597338 0.031836
v 0.231698 1.557149 0.031949
v 0.247319 1.619118 0.043922
v 0.207796 1.578071 0.043833
v 0.207796 1.578071 0.043833
v 0.223957 1.640900 0.032051
v 0.183894 1.598993 0.031808
v 0.186360 1.501665 -0.031635
v 0.231698 1.557149 -0.031949
v 0.195609 1.494731 -0.000000
v 0.186360 1.501665 0.031635
v 0.231698 1.557149 0.031949
v 0.161695 1.520153 -0.043139
v 0.231698 1.557149 -0.031949
v 0.207796 1.578071 -0.043833
v 0.231698 1.557149 0.031949
v 0.161695 1.520153 0.043139
v 0.207796 1.578071 0.043833
v 0.128866 1.735277 -0.043693
v 0.145408 1.799072 -0.059671
v 0.162331 1.750469 -0.060069
v 0.145408 1.799072 0.059671
v 0.128866 1.735277 0.043693
v 0.162331 1.750469 0.060069
v 0.720018 1.508482 0.036730
v 0.730676 1.536535 0.036466
v 0.699985 1.526635 0.029659
v 0.145408 1.799072 -0.059671
v 0.128866 1.735277 -0.043693
v 0.055039 1.781583 -0.047769
v 0.128866 1.735277 0.043693
v 0.145408 1.799072 0.059671
v 0.055039 1.781583 0.047769
v -0.402056 1.084193 0.014184
v -0.412914 1.190611 0.033848
v -0.415853 1.083954 0.018999
v 0.755410 1.516817 0.036596
v 0.746199 1.486522 0.028353
v 0.786239 1.493197 0.034225
v 0.162331 1.750469 -0.060069
v 0.164991 1.679568 -0.043511
v 0.128866 1.735277 -0.043693
v 0.164991 1.679567 0.043511
v 0.162331 1.750469 0.060069
v 0.128866 1.735277 0.043693
v 0.164991 1.679568 -0.043511
v 0.162331 1.750469 -0.060069
v 0.192228 1.701983 -0.060536
v 0.162331 1.750469 0.060069
v 0.164991 1.679567 0.043511
v 0.192228 1.701983 0.060536
v -0.394344 1.739414 -0.054549
v -0.163777 1.752852 -0.041782
v -0.387845 1.701701 -0.040023
v -0.166670 1.791112 -0.055707
v 0.036498 1.829213 -0.056477
v -0.163777 1.752852 -0.041782
v 0.055039 1.781583 -0.047769
v -0.163777 1.752852 0.041782
v 0.036498 1.829213 0.056477
v -0.166670 1.791112 0.055706
v 0.055039 1.781583 0.047769
v -0.394344 1.739414 0.054549
v -0.163777 1.752852 0.041782
v -0.387845 1.701701 0.040023
v 0.801483 1.456324 0.022090
v 0.786239 1.493197 0.034225
v 0.746199 1.486522 0.028353
v -0.358355 1.259639 -0.000000
v -0.388952 1.187042 -0.024875
v -0.379966 1.185702 -0.000000
v -0.358355 1.259639 -0.000000
v -0.388952 1.187042 0.024875
v -0.370066 1.262580 0.033141
v -0.412914 1.190611 0.033848
v -0.388952 1.187042 0.024875
v -0.401296 1.270420 0.045146
v -0.436877 1.194181 0.024358
v -0.432526 1.278260 0.032526
v -0.410062 1.343487 0.036154
v -0.376675 1.330849 0.050133
v 0.697252 1.345130 0.014061
v 0.706823 1.273410 0.020078
v 0.714776 1.346654 0.019165
v 0.688488 1.274406 0.014855
v 0.306084 1.608929 -0.061761
v 0.368180 1.523098 -0.046520
v 0.285611 1.575946 -0.044710
v 0.389907 1.557246 -0.064052
v 0.389907 1.557246 0.064052
v 0.306084 1.608929 0.061761
v 0.368180 1.523098 0.046520
v 0.285611 1.575946 0.044710
v 0.690588 1.567038 -0.030704
v 0.676700 1.583615 -0.014439
v 0.705854 1.576296 -0.022330
v 0.711130 1.553319 -0.035493
v 0.691777 1.543618 -0.026131
v 0.729653 1.563006 -0.025742
v 0.699985 1.526635 -0.029659
v 0.730676 1.536535 -0.036466
v 0.752350 1.544594 -0.026042
v 0.687119 1.528600 -0.000000
v 0.691777 1.543618 -0.026131
v 0.684307 1.540350 -0.000000
v 0.687119 1.528600 -0.000000
v 0.691777 1.543618 0.026131
v 0.699985 1.526635 0.029659
v 0.297563 1.809516 0.010244
v 0.253421 1.825367 0.028259
v 0.288548 1.804873 0.010512
v 0.250013 1.809222 0.022486
v 0.253421 1.825367 -0.028259
v 0.288548 1.804873 -0.010512
v 0.250013 1.809222 -0.022486
v 0.297563 1.809516 -0.010244
v 0.694262 1.414197 0.015515
v 0.714776 1.346654 0.019165
v 0.713523 1.418510 0.021309
v 0.697252 1.345130 0.014061
v 0.714776 1.346654 -0.019165
v 0.694262 1.414197 -0.015515
v 0.713523 1.418510 -0.021309
v 0.697252 1.345130 -0.014061
v -0.561340 1.651758 0.037500
v -0.387845 1.701701 0.040023
v -0.571552 1.687255 0.051346
v -0.387845 1.701701 -0.040023
v -0.571552 1.687255 -0.051346
v -0.394344 1.739414 -0.054549
v -0.561340 1.651756 -0.037500
v -0.571552 1.687255 0.051346
v -0.387845 1.701701 0.040023
v -0.394344 1.739414 0.054549
v 0.713523 1.418510 0.021309
v 0.685088 1.482592 0.018628
v 0.694262 1.414197 0.015515
v 0.707985 1.489741 0.025700
v 0.713523 1.418510 -0.021309
v 0.685088 1.482592 -0.018628
v 0.707985 1.489741 -0.025700
v 0.694262 1.414197 -0.015515
v -0.190317 -1.774855 0.028714
v -0.218872 -1.430106 0.040608
v -0.247369 -1.433335 0.028714
v -0.162238 -1.769013 0.040608
v -0.259174 -1.434671 0.000000
v -0.201948 -1.777274 0.000000
v -0.190317 -1.774855 -0.028714
v -0.134160 -1.763172 0.028714
v -0.218872 -1.430106 -0.040608
v -0.162238 -1.769013 -0.040608
v -0.247369 -1.433335 -0.028714
v -0.267918 -1.109019 0.000000
v -0.256113 -1.107694 -0.028714
v -0.227613 -1.104492 -0.040608
v -0.222654 -0.781293 -0.028714
v -0.194410 -0.786275 -0.040608
v -0.256113 -1.107694 0.028714
v -0.152529 -0.466751 -0.028714
v -0.124139 -0.471242 -0.040608
v -0.234353 -0.779229 0.000000
v -0.222654 -0.781293 0.028714
v -0.227613 -1.104492 0.040608
v -0.025565 -0.152723 -0.028714
v 0.000665 -0.160843 -0.040608
v -0.164301 -0.464890 0.000000
v -0.152529 -0.466751 0.028714
v -0.025565 -0.152723 0.028714
v -0.036986 -0.149359 0.000000
v 0.114161 0.163240 -0.028714
v 0.143204 0.164012 -0.040608
v 0.114161 0.163240 0.028714
v 0.207938 0.484414 -0.028714
v 0.101754 0.162959 -0.000000
v 0.235598 0.476832 -0.040608
v 0.196482 0.487555 -0.000000
v 0.207938 0.484414 0.028714
v 0.161541 0.526300 -0.000000
v 0.185410 0.519757 -0.059821
v 0.243034 0.503961 -0.084600
v 0.213600 0.547260 -0.039881
v 0.252016 0.536730 -0.056400
v 0.197688 0.551622 -0.000000
v 0.185410 0.519757 0.059821
v 0.213600 0.547260 0.039881
v 0.143400 0.619935 -0.000000
v 0.179203 0.610121 -0.089732
v 0.265639 0.586428 -0.126900
v 0.231242 0.649290 -0.049851
v 0.279262 0.636127 -0.070500
v 0.293423 0.687788 -0.070500
v 0.211351 0.654743 -0.000000
v 0.245403 0.700951 -0.049851
v 0.314360 0.735897 -0.125893
v 0.179203 0.610121 0.089732
v 0.225512 0.706403 -0.000000
v 0.252016 0.536730 0.056400
v 1.162586 1.095294 -0.000000
v 1.192346 1.051847 0.002789
v 1.164050 1.097512 0.005849
v 1.197111 1.042383 -0.000000
v 1.199836 1.044057 0.002828
v 1.192346 1.051847 0.002789
v 1.197111 1.042383 -0.000000
v 1.209911 1.024244 -0.000000
v 1.162586 1.095294 -0.000000
v 1.192346 1.051847 -0.002789
v 1.164050 1.097512 -0.005849
v 1.199836 1.044058 -0.002828
v 1.197111 1.042383 -0.000000
v 1.192346 1.051847 -0.002789
v 1.169989 1.100201 -0.007924
v 1.199836 1.044058 -0.002828
v 1.197721 1.055152 -0.002789
v 1.174984 1.104751 -0.005849
v 1.122612 1.175519 -0.014272
v 1.113960 1.168134 -0.010380
v 1.131264 1.182905 -0.010380
v 1.054579 1.234184 -0.014172
v 1.064340 1.246154 -0.019486
v 1.074100 1.258125 -0.014172
v 0.989260 1.295453 -0.016569
v 0.999706 1.310394 -0.022783
v 1.010152 1.325335 -0.016569
v 0.920357 1.356667 -0.017683
v 0.933252 1.370930 -0.024315
v 0.946148 1.385194 -0.017683
v 0.890065 1.434289 -0.018986
v 0.872929 1.423402 -0.026105
v 0.855793 1.412514 -0.018986
v 0.847471 1.470081 -0.021661
v 0.824933 1.463367 -0.029891
v 1.050918 1.229695 -0.000000
v 0.989260 1.295453 -0.016569
v 0.985342 1.289851 -0.000000
v 1.113960 1.168134 -0.010380
v 1.110716 1.165365 -0.000000
v 1.113960 1.168134 0.010379
v 1.050918 1.229695 -0.000000
v 0.989260 1.295453 0.016569
v 1.054579 1.234184 0.014172
v -0.883863 0.925997 0.011516
v -0.886406 0.997031 0.025709
v -0.895346 0.926562 0.015554
v -0.895346 0.926562 -0.015554
v -0.886405 0.997031 -0.025709
v -0.883863 0.925997 -0.011516
v 0.786239 1.493197 0.034225
v 0.801483 1.456324 0.022090
v 0.824933 1.463367 0.029892
v 0.458481 1.466934 0.027209
v 0.426670 1.452951 -0.000000
v 0.459459 1.458199 -0.000000
v 0.424466 1.461567 0.027240
v 0.426670 1.452951 -0.000000
v 0.458481 1.466934 -0.027209
v 0.424466 1.461567 -0.027240
v -0.415853 1.083954 0.018999
v -0.408659 1.010711 0.006785
v -0.402056 1.084193 0.014184
v -0.397129 1.082256 -0.000000
v -0.415853 1.083954 -0.018999
v -0.402056 1.084193 -0.014184
v -0.408659 1.010711 -0.006785
v -0.397129 1.082256 -0.000000
v -1.614682 0.761414 -0.014158
v -1.668699 0.678333 -0.006815
v -1.628368 0.765552 -0.019141
v -1.684222 0.664013 -0.006899
v 0.193092 0.769138 -0.000000
v 0.228610 0.759402 -0.089020
v 0.289161 0.816145 -0.052364
v 0.339954 0.803674 -0.074054
v 0.268122 0.821310 -0.000000
v 0.313311 0.915613 -0.052364
v 0.364311 0.904015 -0.074054
v 0.395749 1.031720 -0.153768
v 0.292186 0.920417 -0.000000
v 0.289146 1.052452 -0.108731
v 0.395423 1.229872 -0.034398
v 0.429293 1.224104 -0.048646
v 0.434097 1.252316 -0.072082
v 0.381394 1.232261 -0.000000
v 0.383910 1.260863 -0.050970
v 0.406438 1.286626 -0.033065
v 0.438995 1.281081 -0.046761
v 0.363122 1.264403 -0.000000
v 0.457043 1.369798 -0.104820
v 0.392953 1.288922 -0.000000
v 0.383774 1.380390 -0.074119
v 0.424743 1.546773 -0.065297
v 0.353425 1.384777 -0.000000
v 0.489343 1.537813 -0.092344
v 0.449920 1.561636 -0.042373
v 0.491841 1.555821 -0.059925
v 0.432556 1.564044 -0.000000
v 0.397984 1.550484 -0.000000
v 0.424743 1.546773 0.065297
v 0.449920 1.561636 0.042373
v 0.383774 1.380390 0.074119
v 0.406438 1.286626 0.033065
v 0.457043 1.369798 0.104820
v 0.489343 1.537813 0.092344
v 0.491841 1.555821 0.059925
v 0.438995 1.281081 0.046761
v 0.553943 1.528853 0.065297
v 0.533762 1.550007 0.042373
v 0.530312 1.359207 0.074119
v 0.580702 1.525142 -0.000000
v 0.551126 1.547599 -0.000000
v 0.533762 1.550007 -0.042373
v 0.553943 1.528853 -0.065297
v 0.491841 1.555821 -0.059925
v 0.489343 1.537813 -0.092344
v 0.530312 1.359207 -0.074119
v 0.458481 1.466934 -0.027209
v 0.503339 1.492955 -0.037107
v 0.504142 1.469595 -0.026991
v 0.455871 1.490227 -0.037383
v 0.504142 1.469595 -0.026991
v 0.459459 1.458199 -0.000000
v 0.504443 1.460835 -0.000000
v 0.424466 1.461567 -0.027240
v 0.455871 1.490227 -0.037383
v 0.418590 1.484545 -0.037422
v 0.504142 1.469595 0.026992
v 0.459459 1.458199 -0.000000
v 0.458481 1.466934 0.027209
v 0.503339 1.492955 0.037107
v 0.504142 1.469595 0.026992
v 0.455871 1.490227 0.037383
v 0.455871 1.490227 0.037383
v 0.424466 1.461567 0.027240
v 0.418590 1.484545 0.037423
v 0.755410 1.516817 -0.036596
v 0.786239 1.493197 -0.034225
v 0.746199 1.486522 -0.028353
v 0.720018 1.508482 -0.036730
v 0.755410 1.516817 -0.036596
v 0.780718 1.522378 -0.025684
v 0.813043 1.497589 -0.024383
v 0.752350 1.544594 -0.026042
v 0.755410 1.516817 -0.036596
v 0.801483 1.456324 -0.022090
v 0.746199 1.486522 -0.028353
v 0.689551 1.481257 -0.026081
v 0.720018 1.508482 -0.036730
v 0.679810 1.498604 -0.035745
v 0.793362 1.453126 -0.000000
v 0.746199 1.486522 -0.028353
v 0.742695 1.477385 -0.000000
v 0.746199 1.486522 0.028353
v 0.793362 1.453126 -0.000000
v 0.801483 1.456324 0.022090
v 0.689551 1.481257 -0.026081
v 0.634411 1.471080 -0.025997
v 0.629947 1.491671 -0.035846
v 0.567774 1.468733 -0.026494
v 0.566224 1.491519 -0.036477
v 0.634411 1.471080 -0.025997
v 0.568356 1.460187 -0.000000
v 0.636085 1.463358 -0.000000
v 0.634411 1.471080 0.025997
v 0.568356 1.460187 -0.000000
v 0.567774 1.468733 0.026494
v 0.629947 1.491671 0.035846
v 0.566224 1.491519 0.036477
v 0.634411 1.471080 0.025997
v 0.679811 1.498604 0.035745
v 0.689551 1.481257 0.026081
v 0.689551 1.481257 0.026081
v 0.720018 1.508482 0.036730
v 0.746199 1.486522 0.028353
v 0.636085 1.463358 -0.000000
v 0.689551 1.481257 0.026081
v 0.692429 1.474543 -0.000000
v 0.742695 1.477385 -0.000000
v 0.746199 1.486522 0.028353
v 0.689551 1.481257 -0.026081
v 0.742695 1.477385 -0.000000
v 0.746199 1.486522 -0.028353
v 0.636085 1.463358 -0.000000
v -0.379966 1.185702 -0.000000
v -0.402056 1.084193 0.014184
v -0.388952 1.187042 0.024875
v -0.412914 1.190611 0.033848
v -0.402056 1.084193 0.014184
v -0.408659 1.010711 -0.006785
v -0.408310 0.995595 -0.000000
v -0.408659 1.010711 0.006785
v -0.408659 1.010711 -0.006785
v -0.415036 0.996095 -0.006802
v -0.414497 0.964389 -0.000000
v -0.415036 0.996095 0.006802
v -0.408659 1.010711 0.006785
v 0.566224 1.491519 0.036477
v 0.504142 1.469595 0.026992
v 0.567774 1.468733 0.026494
v 0.503339 1.492955 0.037107
v 0.504443 1.460835 -0.000000
v 0.567774 1.468733 0.026494
v 0.568356 1.460187 -0.000000
v 0.504443 1.460835 -0.000000
v 0.567774 1.468733 -0.026494
v 0.504142 1.469595 -0.026991
v 0.566224 1.491519 -0.036477
v 0.503339 1.492955 -0.037107
v 0.567774 1.468733 -0.026494
v 0.628813 1.124978 -0.009261
v 0.602543 1.078264 -0.004586
v 0.624176 1.124749 -0.000000
v 0.639417 1.122233 -0.012241
v 0.624176 1.124749 -0.000000
v 0.602543 1.078264 0.004586
v 0.628813 1.124978 0.009261
v 0.639417 1.122233 0.012241
v 0.813043 1.497589 0.024383
v 0.824933 1.463367 0.029892
v 0.847471 1.470081 0.021661
v 0.872929 1.423402 0.026105
v 0.890065 1.434289 0.018986
v 0.855793 1.412514 0.018986
v 0.933252 1.370930 0.024315
v 0.946148 1.385194 0.017683
v 0.920357 1.356667 0.017683
v 1.010152 1.325335 0.016569
v 0.801483 1.456324 0.022090
v 0.849367 1.408431 -0.000000
v 0.793362 1.453126 -0.000000
v 0.801483 1.456324 -0.022090
v 0.849367 1.408431 -0.000000
v 0.999706 1.310394 0.022783
v 1.074100 1.258125 0.014172
v 0.989260 1.295453 0.016569
v 0.855793 1.412514 0.018986
v 0.915521 1.351319 -0.000000
v 0.849367 1.408431 -0.000000
v 0.855793 1.412514 -0.018986
v 0.915521 1.351319 -0.000000
v 1.064340 1.246154 0.019486
v 1.131264 1.182905 0.010379
v 0.920357 1.356667 0.017683
v 0.985342 1.289851 -0.000000
v 0.915521 1.351319 -0.000000
v 0.920357 1.356667 -0.017683
v 0.985342 1.289851 -0.000000
v 1.122612 1.175519 0.014272
v 1.174984 1.104751 0.005849
v 1.113960 1.168134 0.010379
v 1.110716 1.165365 -0.000000
v 1.164050 1.097512 0.005849
v 1.162586 1.095294 -0.000000
v 1.110716 1.165365 -0.000000
v 1.164050 1.097512 -0.005849
v 1.169989 1.100201 0.007924
v 1.197721 1.055152 0.002789
v 1.199836 1.044057 0.002828
v -0.049631 1.608430 0.032133
v -0.117164 1.556747 0.031987
v -0.049631 1.608430 -0.032133
v -0.117165 1.556747 -0.031987
v -0.069209 1.633167 -0.044040
v -0.139190 1.579246 -0.043810
v -0.049631 1.608430 -0.032133
v -0.069209 1.633167 0.044040
v -0.049631 1.608430 0.032133
v -0.139190 1.579246 0.043810
v -0.117164 1.556747 0.031987
v -0.179554 1.488736 -0.000000
v 0.154777 1.671162 -0.000000
v 0.115634 1.728293 -0.000000
v 0.164991 1.679568 -0.043511
v 0.128866 1.735277 -0.043693
v 0.164991 1.679567 0.043511
v 0.115634 1.728293 -0.000000
v 0.128866 1.735277 0.043693
v -0.725529 1.336415 0.041776
v -0.769941 1.210905 0.027444
v -0.699513 1.321288 0.030586
v -0.769941 1.210905 0.027444
v -0.689758 1.315615 -0.000000
v -0.760790 1.206625 -0.000000
v -0.769941 1.210905 -0.027444
v -0.689758 1.315615 -0.000000
v -0.751545 1.351541 0.030179
v -0.794346 1.222318 0.037436
v -0.818751 1.233731 0.027009
v -0.826771 1.110509 0.024267
v -0.826771 1.110509 0.024267
v -0.760790 1.206625 -0.000000
v -0.818338 1.107589 -0.000000
v -0.826771 1.110509 -0.024267
v -0.760790 1.206625 -0.000000
v -0.849262 1.118300 0.033082
v -0.854531 1.047066 0.022337
v -0.818338 1.107589 -0.000000
v 0.368180 1.523098 -0.046520
v 0.447603 1.456090 -0.000000
v 0.360032 1.510292 -0.000000
v 0.457318 1.468766 -0.048909
v 0.368180 1.523098 0.046520
v 0.447603 1.456090 -0.000000
v 0.457318 1.468766 0.048909
v 0.164991 1.679567 0.043511
v 0.239665 1.655948 0.060842
v 0.192228 1.701983 0.060536
v 0.215997 1.626864 0.043854
v 0.306084 1.608929 0.061761
v 0.285611 1.575946 0.044710
v 0.154777 1.671162 -0.000000
v 0.215997 1.626864 0.043854
v 0.277933 1.563576 -0.000000
v 0.207121 1.615955 -0.000000
v 0.215997 1.626864 -0.043854
v 0.277933 1.563576 -0.000000
v 0.285611 1.575946 -0.044710
v 0.154777 1.671162 -0.000000
v 0.164991 1.679568 -0.043511
v 0.239665 1.655948 -0.060842
v 0.192228 1.701983 -0.060536
v 0.215997 1.626864 -0.043854
v 0.306084 1.608929 -0.061761
v -0.895603 0.877203 0.005619
v -0.879955 0.924443 -0.000000
v -0.883863 0.925997 0.011516
v -0.895346 0.926562 0.015554
v -0.879955 0.924443 -0.000000
v -0.895603 0.877203 -0.005619
v -0.883863 0.925997 -0.011516
v -0.895346 0.926562 -0.015554
v 0.389907 1.557246 -0.064052
v 0.457318 1.468766 -0.048909
v 0.368180 1.523098 -0.046520
v 0.483224 1.502564 -0.067191
v 0.360032 1.510292 -0.000000
v 0.285611 1.575946 -0.044710
v 0.277933 1.563576 -0.000000
v 0.285611 1.575946 0.044710
v 0.360032 1.510292 -0.000000
v 0.368180 1.523098 0.046520
v 0.457318 1.468766 0.048909
v 0.389907 1.557246 0.064052
v 0.483224 1.502564 0.067191
v -0.391507 1.616551 -0.000000
v -0.373823 1.725561 0.032160
v -0.315701 1.785968 -0.000000
v -0.307003 1.777846 0.032376
v -0.373823 1.725561 -0.032160
v -0.307003 1.777845 -0.032376
v -0.350586 1.703966 -0.043831
v -0.283809 1.756187 -0.043740
v -0.327349 1.682371 -0.031594
v -0.260615 1.734526 -0.031246
v -0.318636 1.674274 -0.000000
v -0.327349 1.682371 -0.031594
v -0.251917 1.726404 -0.000000
v -0.260615 1.734526 0.031246
v -0.327349 1.682371 0.031594
v -0.327349 1.682371 0.031594
v -0.400283 1.624585 0.031876
v -0.350587 1.703966 0.043831
v -0.423684 1.646012 0.043898
v -0.373823 1.725561 0.032160
v -0.447085 1.667439 0.031976
v -0.327349 1.682371 0.031594
v -0.283809 1.756187 0.043740
v -0.350587 1.703966 0.043831
v -0.307003 1.777846 0.032376
v -0.373823 1.725561 0.032160
v -0.473350 1.549637 -0.000000
v -0.400283 1.624585 -0.031876
v -0.400283 1.624585 0.031876
v -0.482282 1.557513 -0.032044
v -0.423684 1.646012 -0.043898
v -0.506099 1.578513 -0.043927
v -0.482282 1.557512 0.032044
v -0.423684 1.646012 0.043898
v -0.506099 1.578514 0.043927
v -0.447085 1.667439 0.031976
v -0.506099 1.578514 0.043927
v -0.529916 1.599515 0.031850
v -0.529916 1.599515 0.031850
v -0.587532 1.505338 0.043935
v -0.612183 1.525317 0.031782
v -0.506099 1.578513 -0.043927
v -0.447086 1.667439 -0.031976
v -0.529917 1.599515 -0.031850
v -0.538848 1.607390 -0.000000
v -0.529917 1.599515 -0.031850
v -0.612183 1.525317 -0.031782
v -0.612183 1.525317 0.031782
v -0.529916 1.599515 0.031850
v -0.455860 1.675474 -0.000000
v -0.447085 1.667439 0.031976
v -0.529917 1.599515 -0.031850
v -0.587532 1.505338 -0.043935
v -0.506099 1.578513 -0.043927
v -0.506099 1.578513 -0.043927
v -0.562881 1.485357 -0.032123
v -0.482282 1.557513 -0.032044
v -0.553637 1.477865 -0.000000
v -0.482282 1.557512 0.032044
v -0.562881 1.485357 0.032123
v -0.506099 1.578514 0.043927
v -0.587532 1.505338 0.043935
v 0.658352 1.200651 -0.000000
v 0.628813 1.124978 0.009261
v 0.664858 1.199780 0.014203
v 0.624176 1.124749 -0.000000
v 0.658352 1.200651 -0.000000
v 0.628813 1.124978 -0.009261
v 0.664858 1.199780 -0.014203
v 0.602543 1.078264 0.004586
v 0.595847 1.069299 -0.000000
v 0.602543 1.078264 -0.004586
v 0.602543 1.078264 -0.004586
v 0.601494 1.068323 -0.004538
v 0.587606 1.049478 -0.000000
v 0.601494 1.068323 0.004538
v 0.602543 1.078264 0.004586
v 0.128866 1.735277 0.043693
v 0.055039 1.781583 0.047769
v 0.115634 1.728293 -0.000000
v 0.028226 1.760701 -0.000000
v 0.055039 1.781583 -0.047769
v 0.115634 1.728293 -0.000000
v 0.128866 1.735277 -0.043693
v -0.557511 1.638446 -0.000000
v -0.387845 1.701701 0.040023
v -0.561340 1.651758 0.037500
v 0.250013 1.809222 0.022486
v 0.206858 1.795386 -0.000000
v 0.250950 1.803335 -0.000000
v 0.193981 1.803971 0.043584
v 0.206858 1.795386 -0.000000
v 0.250013 1.809222 -0.022486
v 0.193981 1.803971 -0.043584
v 0.706823 1.273410 -0.020078
v 0.682207 1.197459 -0.019106
v 0.688488 1.274406 -0.014855
v 0.664858 1.199780 -0.014203
v 0.658352 1.200651 -0.000000
v 0.688488 1.274406 -0.014855
v 0.681613 1.274779 -0.000000
v 0.688488 1.274406 0.014855
v 0.690680 1.344559 -0.000000
v 0.697252 1.345130 0.014061
v 0.658352 1.200651 -0.000000
v 0.688488 1.274406 0.014855
v 0.664858 1.199780 0.014203
v 0.690680 1.344559 -0.000000
v 0.688488 1.274406 -0.014855
v 0.697252 1.345130 -0.014061
v 0.682207 1.197459 0.019106
v 0.688488 1.274406 0.014855
v 0.706823 1.273410 0.020078
v -0.385409 1.687560 -0.000000
v -0.163777 1.752852 -0.041782
v -0.165060 1.738049 -0.000000
v -0.387845 1.701701 -0.040023
v -0.163777 1.752852 0.041782
v -0.387845 1.701701 0.040023
v 0.028226 1.760701 -0.000000
v -0.163777 1.752852 0.041782
v 0.055039 1.781583 0.047769
v 0.028226 1.760701 -0.000000
v -0.163777 1.752852 -0.041782
v 0.055039 1.781583 -0.047769
v -0.387845 1.701701 0.040023
v -0.557511 1.638446 -0.000000
v -0.557511 1.638446 -0.000000
v -0.387845 1.701701 -0.040023
v -0.561340 1.651756 -0.037500
v -0.680192 1.597470 -0.000000
v -0.561340 1.651756 -0.037500
v -0.684979 1.609394 -0.034655
v -0.561340 1.651758 0.037500
v -0.680192 1.597470 -0.000000
v -0.684979 1.609394 0.034655
v -0.632635 1.410644 -0.031955
v -0.553637 1.477865 -0.000000
v -0.622962 1.403878 -0.000000
v -0.562881 1.485357 -0.032123
v -0.553637 1.477865 -0.000000
v -0.632635 1.410644 0.031955
v -0.562881 1.485357 0.032123
v -0.632635 1.410644 -0.031955
v -0.587532 1.505338 -0.043935
v -0.612183 1.525317 -0.031782
v -0.622962 1.403878 -0.000000
v -0.699513 1.321288 -0.030586
v -0.689758 1.315615 -0.000000
v -0.622962 1.403878 -0.000000
v -0.699513 1.321288 0.030586
v -0.632635 1.410644 0.031955
v -0.587532 1.505338 0.043935
v -0.658431 1.428687 0.043670
v -0.684226 1.446729 0.031564
v 0.657230 1.571143 -0.014439
v 0.669597 1.554310 -0.000000
v 0.653439 1.569017 -0.000000
v 0.675321 1.557781 -0.022330
v 0.669597 1.554310 -0.000000
v 0.657230 1.571143 0.014439
v 0.675321 1.557781 0.022330
v 0.684307 1.540350 -0.000000
v 0.675321 1.557781 -0.022330
v 0.669597 1.554310 -0.000000
v 0.684307 1.540350 -0.000000
v 0.675321 1.557781 0.022330
v 0.691777 1.543618 0.026131
v 0.699985 1.526635 0.029659
v 0.711130 1.553320 0.035493
v 0.730676 1.536535 0.036466
v 0.690588 1.567038 0.030704
v 0.711130 1.553320 0.035493
v 0.705854 1.576296 0.022330
v 0.729653 1.563006 0.025742
v 0.676700 1.583615 0.014439
v 0.666651 1.577478 0.019594
v 0.656219 1.586108 0.007611
v 0.657230 1.571143 0.014439
v 0.647919 1.583793 0.008021
v 0.645990 1.579471 0.007611
v 0.653439 1.569017 -0.000000
v 0.645990 1.579471 0.007611
v 0.642529 1.580296 -0.000000
v 0.645990 1.579471 -0.007611
v 0.653439 1.569017 -0.000000
v 0.657230 1.571143 -0.014439
v 0.647919 1.583793 -0.008021
v 0.645990 1.579471 -0.007611
v 0.666651 1.577478 -0.019594
v 0.656219 1.586108 -0.007611
v -0.769706 1.564477 -0.000000
v -0.684979 1.609394 -0.034655
v -0.680192 1.597470 -0.000000
v -0.775350 1.575160 -0.032732
v -0.684979 1.609394 0.034655
v -0.769706 1.564477 -0.000000
v -0.775350 1.575160 0.032732
v 0.250013 1.809222 -0.022486
v 0.288548 1.804873 -0.010512
v 0.250950 1.803335 -0.000000
v 0.296053 1.801914 -0.000000
v 0.288548 1.804873 0.010512
v 0.250950 1.803335 -0.000000
v 0.250013 1.809222 0.022486
v 0.697252 1.345130 0.014061
v 0.694262 1.414197 0.015515
v 0.687039 1.412581 -0.000000
v 0.690680 1.344559 -0.000000
v 0.687039 1.412581 -0.000000
v 0.697252 1.345130 -0.014061
v 0.694262 1.414197 -0.015515
v -0.775350 1.575160 0.032732
v -0.843711 1.531889 -0.000000
v -0.769706 1.564477 -0.000000
v -0.850090 1.541684 0.031742
v -0.843711 1.531889 -0.000000
v -0.775350 1.575160 -0.032732
v -0.850090 1.541684 -0.031742
v 0.694262 1.414197 0.015515
v 0.685088 1.482592 0.018628
v 0.676501 1.479912 -0.000000
v 0.687039 1.412581 -0.000000
v 0.676501 1.479912 -0.000000
v 0.694262 1.414197 -0.015515
v 0.685088 1.482592 -0.018628
v -0.919201 1.490055 -0.000000
v -0.850090 1.541684 -0.031742
v -0.843711 1.531889 -0.000000
v -0.926102 1.499325 -0.031294
v -0.850090 1.541684 0.031742
v -0.919201 1.490055 -0.000000
v -0.926102 1.499325 0.031294
v -0.861154 0.992778 -0.000000
v -0.883863 0.925997 -0.011516
v -0.868041 0.993938 -0.018773
v -0.879955 0.924443 -0.000000
v -0.886405 0.997031 -0.025709
v -0.883863 0.925997 -0.011516
v -0.861154 0.992778 -0.000000
v -0.883863 0.925997 0.011516
v -0.868041 0.993938 0.018773
v -0.886406 0.997031 0.025709
v -0.883863 0.925997 0.011516
v -0.895603 0.877203 -0.005619
v -0.896718 0.867061 -0.000000
v -0.895603 0.877203 0.005619
v -0.895603 0.877203 0.005619
v -0.902352 0.867792 0.005684
v -0.904854 0.846528 -0.000000
v -0.902352 0.867792 -0.005684
v -0.895603 0.877203 -0.005619
v -0.926102 1.499325 0.031294
v -1.009133 1.428438 -0.000000
v -0.919201 1.490055 -0.000000
v -1.016289 1.437261 0.030625
v -1.009133 1.428438 -0.000000
v -0.926102 1.499325 -0.031294
v -1.016289 1.437261 -0.030625
v -1.118500 1.342279 -0.000000
v -1.016289 1.437261 -0.030625
v -1.009133 1.428438 -0.000000
v -1.125754 1.350406 -0.029401
v -1.016289 1.437261 0.030625
v -1.118500 1.342279 -0.000000
v -1.125754 1.350406 0.029401
v -1.224465 1.250801 -0.000000
v -1.125754 1.350406 0.029401
v -1.232376 1.257803 0.029372
v -1.118500 1.342279 -0.000000
v -1.224465 1.250801 -0.000000
v -1.125754 1.350406 -0.029401
v -1.232376 1.257803 -0.029372
v -1.703900 0.627938 -0.000000
v -1.677989 0.661103 -0.000000
v -1.684222 0.664014 0.006899
v -1.668699 0.678333 0.006815
v -1.684222 0.664013 -0.006899
v -1.677989 0.661103 -0.000000
v -1.668699 0.678333 -0.006815
v -1.305421 1.171837 -0.000000
v -1.232376 1.257803 -0.029372
v -1.224465 1.250801 -0.000000
v -1.314965 1.177302 -0.031745
v -1.383319 1.097880 -0.033480
v -1.372470 1.093639 -0.000000
v -1.305421 1.171837 -0.000000
v -1.383319 1.097880 0.033480
v -1.232376 1.257803 0.029372
v -1.314965 1.177302 0.031745
v -1.372470 1.093639 -0.000000
v -1.452925 1.003719 -0.031183
v -1.383319 1.097880 -0.033480
v -1.442500 0.999856 -0.000000
v -1.372470 1.093639 -0.000000
v -1.452925 1.003719 0.031183
v -1.383319 1.097880 0.033480
v -1.531054 0.888720 0.024281
v -1.442500 0.999856 -0.000000
v -1.452925 1.003719 0.031183
v -1.522866 0.885276 -0.000000
v -1.531054 0.888720 -0.024281
v -1.442500 0.999856 -0.000000
v -1.452925 1.003719 -0.031183
v -1.668699 0.678333 0.006815
v -1.611084 0.757654 -0.000000
v -1.614682 0.761414 0.014158
v -1.677989 0.661103 -0.000000
v -1.611084 0.757654 -0.000000
v -1.668699 0.678333 -0.006815
v -1.614682 0.761414 -0.014158
v -1.522866 0.885276 -0.000000
v -1.614682 0.761414 -0.014158
v -1.531054 0.888720 -0.024281
v -1.611084 0.757654 -0.000000
v -1.522866 0.885276 -0.000000
v -1.614682 0.761414 0.014158
v -1.531054 0.888720 0.024281
v -0.155519 -1.801308 0.073419
v -0.120721 -1.827762 0.028714
v -0.104754 -1.790747 0.051915
v -0.148800 -1.833604 0.040608
v -0.176879 -1.839447 0.028714
v -0.083726 -1.786372 0.000000
v -0.109091 -1.825343 0.000000
v -0.120721 -1.827762 -0.028714
v -0.122529 -1.760752 0.000000
v -0.134160 -1.763172 0.028714
v -0.162238 -1.769013 0.040608
v -0.190317 -1.774855 0.028714
v -0.206285 -1.811870 0.051915
v -0.188510 -1.841866 0.000000
v -0.104754 -1.790747 -0.051915
v -0.134160 -1.763172 -0.028714
v -0.155519 -1.801308 -0.073419
v -0.148800 -1.833604 -0.040608
v -0.162238 -1.769013 -0.040608
v -0.227313 -1.816244 0.000000
v -0.201948 -1.777274 0.000000
v -0.190317 -1.774855 -0.028714
v -0.206285 -1.811870 -0.051915
v -0.176879 -1.839447 -0.028714
v -0.155519 -1.801308 -0.073419
v -0.162238 -1.769013 -0.040608
v -0.148800 -1.833604 -0.040608
vn -1.0000 -0.0004 -0.0005
vn -0.6581 0.5986 -0.4568
vn -0.7202 0.0006 -0.6938
vn 0.8582 -0.5133 -0.0003
vn -0.0426 0.0016 -0.9991
vn 0.8583 -0.5132 -0.0005
vn -0.1969 0.6943 -0.6922
vn -0.8257 0.5642 -0.0000
vn -0.6581 0.5986 0.4568
vn -0.7202 0.0006 0.6938
vn -0.0425 0.0016 0.9991
vn 0.8582 -0.5133 -0.0005
vn -0.1969 0.6943 0.6922
vn 0.3123 0.8011 0.5107
vn 0.6685 0.0037 0.7437
vn 0.5320 0.8467 -0.0005
vn 1.0000 0.0055 -0.0000
vn 0.6685 0.0037 -0.7437
vn 0.3123 0.8011 -0.5107
vn -0.0425 0.0016 -0.9991
vn -0.1968 0.6943 -0.6922
vn -0.9565 0.2916 -0.0006
vn -0.9999 -0.0101 -0.0007
vn -0.3652 -0.0072 0.9309
vn -0.4833 0.1423 0.8638
vn -0.9999 -0.0102 -0.0004
vn -0.9565 0.2916 -0.0004
vn -0.3652 -0.0072 -0.9309
vn -0.4831 0.1423 -0.8639
vn -0.8987 0.4385 -0.0003
vn -0.9165 0.4000 -0.0005
vn -0.4753 0.1794 0.8614
vn -0.4614 0.1422 0.8757
vn -0.4830 0.1422 0.8640
vn -0.9565 0.2917 -0.0004
vn -0.4829 0.1423 -0.8641
vn -0.4752 0.1793 -0.8614
vn -0.8987 0.4385 -0.0005
vn -0.4614 0.1422 -0.8757
vn -0.4717 0.2381 -0.8490
vn -0.8599 0.5104 -0.0005
vn -0.4753 0.1794 -0.8613
vn -0.8987 0.4385 -0.0004
vn -0.4716 0.2382 0.8490
vn -0.4752 0.1795 0.8613
vn -0.7972 0.6038 -0.0005
vn -0.8599 0.5104 -0.0002
vn -0.4604 0.3327 0.8230
vn -0.4606 0.3327 -0.8229
vn -0.7972 0.6037 -0.0006
vn -0.4716 0.2381 -0.8491
vn 0.9999 -0.0111 -0.0005
vn 0.9556 0.2948 -0.0007
vn 0.3083 -0.0062 0.9513
vn 0.4500 0.1432 0.8815
vn 0.9556 0.2948 -0.0002
vn 0.3083 -0.0062 -0.9513
vn 0.4499 0.1432 -0.8815
vn -0.6837 0.7298 -0.0005
vn -0.4313 0.4197 0.7986
vn -0.3961 0.4392 0.8064
vn -0.7292 0.6844 -0.0003
vn -0.7971 0.6038 -0.0002
vn -0.4313 0.4197 -0.7986
vn -0.7291 0.6844 -0.0007
vn -0.4603 0.3327 -0.8230
vn -0.6837 0.7298 -0.0006
vn -0.3961 0.4392 -0.8064
vn -0.3709 0.4257 -0.8254
vn -0.3961 0.4391 -0.8064
vn -0.6560 0.7548 -0.0007
vn -0.6560 0.7548 -0.0003
vn -0.6837 0.7298 -0.0004
vn -0.3709 0.4257 0.8254
vn -0.6131 0.7900 -0.0004
vn -0.3707 0.4257 0.8255
vn -0.3453 0.4325 0.8329
vn -0.6560 0.7548 -0.0004
vn -0.6131 0.7900 -0.0005
vn -0.3709 0.4256 -0.8254
vn -0.3454 0.4324 -0.8329
vn -0.8866 -0.4626 -0.0004
vn -0.9967 -0.0806 -0.0002
vn -0.1773 -0.1938 -0.9649
vn -0.8356 -0.0795 -0.5436
vn -0.9968 -0.0805 -0.0005
vn -0.8866 -0.4625 -0.0007
vn -0.1773 -0.1938 0.9649
vn -0.8356 -0.0795 0.5436
vn -0.3082 0.4617 -0.8318
vn -0.5457 0.8380 -0.0005
vn -0.6130 0.7900 -0.0006
vn -0.3453 0.4324 0.8330
vn -0.3082 0.4617 0.8318
vn -0.7221 0.0016 -0.6918
vn -0.8138 -0.0473 -0.5792
vn -0.9997 0.0241 -0.0005
vn -0.9997 -0.0248 -0.0005
vn -0.5125 0.0426 -0.8576
vn -0.9884 0.1520 -0.0005
vn -0.8138 -0.0473 0.5792
vn -0.9997 0.0241 -0.0001
vn -0.9997 -0.0248 -0.0004
vn -0.9884 0.1521 -0.0005
vn -0.5125 0.0426 0.8576
vn -0.7221 0.0016 0.6918
vn 0.3747 0.3844 -0.8437
vn 0.6240 0.7814 -0.0005
vn 0.6433 0.7656 -0.0005
vn 0.3911 0.4099 -0.8240
vn 0.3600 0.3875 -0.8487
vn 0.3747 0.3844 0.8437
vn 0.3912 0.4099 0.8240
vn 0.3600 0.3875 0.8487
vn 0.6570 0.7539 -0.0005
vn 0.3571 0.3748 -0.8556
vn 0.3571 0.3748 0.8556
vn 0.6766 0.7363 -0.0005
vn 0.3785 0.3463 -0.8584
vn 0.3785 0.3463 0.8584
vn 0.7138 0.7003 -0.0005
vn 0.7783 0.6279 -0.0005
vn 0.4106 0.2937 -0.8632
vn 0.4108 0.2937 0.8631
vn 0.8574 0.5146 -0.0005
vn 0.4316 0.2137 -0.8764
vn 0.4315 0.2137 0.8765
vn 0.9076 0.4199 -0.0005
vn 0.4233 0.1491 -0.8936
vn 0.4233 0.1491 0.8936
vn 0.4497 0.1432 -0.8816
vn 0.4498 0.1432 0.8816
vn 0.9555 0.2949 -0.0005
vn -0.4745 0.8802 -0.0001
vn -0.2711 0.4891 0.8290
vn -0.4745 0.8802 -0.0005
vn -0.2711 0.4891 -0.8290
vn -0.2448 0.5008 -0.8302
vn -0.4245 0.9054 -0.0007
vn -0.4745 0.8803 -0.0005
vn -0.4245 0.9054 -0.0005
vn -0.2448 0.5009 0.8302
vn -0.3865 0.9223 -0.0005
vn -0.2447 0.5009 0.8302
vn -0.2262 0.5067 0.8319
vn -0.4245 0.9054 -0.0003
vn -0.4246 0.9054 -0.0005
vn -0.3865 0.9223 -0.0006
vn -0.2448 0.5009 -0.8302
vn -0.2262 0.5067 -0.8319
vn -0.0991 -0.0043 0.9951
vn -0.5038 0.1825 0.8443
vn -0.5124 0.0426 0.8577
vn 0.5827 -0.2035 0.7868
vn 0.5496 -0.2241 0.8048
vn -0.2204 -0.0532 0.9740
vn -0.1382 -0.1293 0.9819
vn -0.8357 -0.0795 0.5435
vn 0.6006 -0.2545 0.7580
vn 0.5826 -0.2035 0.7869
vn 0.9396 -0.3423 -0.0003
vn 0.5497 -0.2240 0.8048
vn 0.9634 -0.2680 -0.0005
vn 0.5826 -0.2035 -0.7869
vn 0.9396 -0.3424 -0.0007
vn 0.5496 -0.2241 -0.8048
vn -0.0991 -0.0043 -0.9951
vn -0.2204 -0.0531 -0.9740
vn -0.0493 -0.0023 -0.9988
vn 0.5114 -0.2856 -0.8105
vn -0.5038 0.1825 -0.8443
vn -0.5124 0.0426 -0.8577
vn -0.4919 0.2302 -0.8397
vn -0.9884 0.1521 -0.0006
vn -0.5040 0.1823 -0.8442
vn -0.9283 0.3718 -0.0006
vn -0.9283 0.3718 -0.0005
vn -0.5040 0.1824 -0.8442
vn -0.8915 0.4530 -0.0008
vn -0.5039 0.1824 0.8443
vn -0.5126 0.0426 0.8576
vn -0.8915 0.4530 -0.0005
vn -0.9283 0.3718 -0.0001
vn -0.4919 0.2302 0.8397
vn -0.1382 -0.1293 -0.9819
vn -0.8357 -0.0794 -0.5434
vn 0.6005 -0.2545 -0.7580
vn -0.8357 -0.0795 -0.5433
vn -0.9997 -0.0248 -0.0006
vn -0.9968 -0.0804 -0.0007
vn -0.8357 -0.0795 0.5433
vn -0.9968 -0.0804 -0.0004
vn 0.4165 0.4909 0.7652
vn 0.3911 0.4099 0.8241
vn 0.6142 0.7892 -0.0001
vn 0.4165 0.4909 -0.7652
vn 0.6229 0.7823 -0.0005
vn 0.6141 0.7892 -0.0006
vn 0.4235 0.5321 -0.7332
vn 0.4235 0.5321 0.7332
vn 0.4164 0.4910 0.7652
vn 0.6229 0.7823 -0.0002
vn 0.6142 0.7892 -0.0003
vn 0.3912 0.4099 -0.8240
vn 0.6141 0.7892 -0.0007
vn 0.6240 0.7815 -0.0007
vn 0.3911 0.4099 0.8240
vn 0.6240 0.7815 -0.0004
vn 0.6142 0.7892 -0.0004
vn 0.3500 0.5954 0.7232
vn 0.0611 0.9981 -0.0004
vn 0.0718 0.6590 0.7487
vn 0.3785 0.9256 -0.0005
vn 0.0776 0.0231 0.9967
vn 0.2670 0.0260 0.9633
vn 0.3501 0.5953 0.7233
vn 0.3501 0.5954 -0.7231
vn 0.0611 0.9981 -0.0005
vn 0.3785 0.9256 -0.0006
vn 0.0718 0.6590 -0.7487
vn 0.2671 0.0260 -0.9633
vn 0.3501 0.5953 -0.7233
vn 0.0777 0.0231 -0.9967
vn 0.4861 0.5282 -0.6962
vn 0.3501 0.5953 -0.7232
vn 0.5416 0.8406 -0.0005
vn 0.4861 0.5282 0.6962
vn 0.5416 0.8406 -0.0001
vn 0.3501 0.5954 0.7232
vn -0.1411 0.9900 -0.0005
vn -0.0943 0.6398 -0.7628
vn 0.0610 0.9981 -0.0006
vn -0.1411 0.9900 -0.0002
vn -0.0943 0.6397 0.7628
vn 0.5320 0.5116 0.6747
vn 0.5416 0.8406 -0.0004
vn 0.7148 0.6993 -0.0005
vn 0.5320 0.5117 -0.6747
vn 0.5416 0.8406 -0.0006
vn 0.7147 0.6994 -0.0005
vn 0.4860 0.5283 -0.6962
vn 1.0000 -0.0042 -0.0005
vn 0.5379 -0.0238 -0.8427
vn 1.0000 0.0065 -0.0005
vn 0.7206 -0.0130 -0.6932
vn 0.5379 -0.0238 0.8427
vn 1.0000 -0.0043 -0.0005
vn 0.7206 -0.0131 0.6932
vn -0.1988 0.5213 0.8299
vn -0.2546 0.9670 -0.0005
vn -0.3325 0.9431 -0.0005
vn -0.1988 0.5213 -0.8299
vn -0.3326 0.9431 -0.0005
vn -0.2260 0.5067 -0.8320
vn -0.1537 0.5525 0.8192
vn -0.1940 0.9810 -0.0005
vn -0.2546 0.9671 -0.0005
vn -0.1206 0.5936 0.7957
vn -0.1538 0.5526 -0.8191
vn -0.1207 0.5936 -0.7957
vn -0.1207 0.5936 0.7957
vn 0.9993 -0.0385 -0.0005
vn 0.7208 -0.0131 -0.6931
vn 0.7160 -0.0365 -0.6972
vn 0.7208 -0.0131 0.6931
vn 0.7160 -0.0365 0.6972
vn -0.2545 0.9671 -0.0004
vn -0.1987 0.5213 0.8299
vn -0.1539 0.5526 0.8191
vn -0.3325 0.9431 -0.0002
vn -0.1539 0.5526 -0.8191
vn -0.2263 0.5067 -0.8319
vn -0.3326 0.9431 -0.0007
vn 0.3718 0.5615 0.7392
vn 0.5680 0.8230 -0.0005
vn 0.3718 0.5615 -0.7392
vn 0.3589 0.9334 -0.0005
vn 0.2106 0.7307 0.6494
vn 0.2106 0.7307 -0.6494
vn 0.1355 0.9908 -0.0005
vn 0.0200 0.8552 0.5180
vn 0.0200 0.8552 -0.5179
vn -0.0874 0.8868 0.4538
vn -0.0875 0.8868 -0.4538
vn -0.0855 0.9963 -0.0005
vn 0.9917 -0.1283 -0.0005
vn 0.7159 -0.0366 -0.6972
vn 0.7159 -0.0365 0.6972
vn 0.5005 -0.0697 0.8629
vn -0.3981 0.3885 0.8310
vn -0.3678 0.4216 0.8288
vn 0.7159 -0.0365 -0.6972
vn 0.5005 -0.0697 -0.8629
vn 0.5309 0.8475 -0.0005
vn 0.2918 0.5372 -0.7914
vn 0.3151 0.5214 -0.7930
vn 0.4948 0.8690 -0.0005
vn 0.5308 0.8475 -0.0002
vn 0.2917 0.5373 0.7913
vn 0.3151 0.5214 0.7930
vn -1.0000 -0.0014 -0.0000
vn -0.5507 -0.7226 -0.4178
vn -0.7140 -0.7001 -0.0003
vn -0.5507 -0.7226 0.4178
vn -0.7264 -0.0014 -0.6873
vn -0.1337 -0.7810 -0.6101
vn -0.0513 -0.0033 -0.9987
vn 0.8717 0.4900 -0.0005
vn 0.8717 0.4900 -0.0004
vn -0.7264 -0.0014 0.6873
vn 0.8717 0.4900 -0.0006
vn -0.1334 -0.7810 0.6101
vn -0.0513 -0.0033 0.9987
vn 0.3085 -0.8421 0.4424
vn 0.6670 -0.0054 0.7450
vn 0.8718 0.4899 -0.0005
vn 0.4967 -0.8679 -0.0003
vn 1.0000 -0.0063 -0.0000
vn 0.6670 -0.0054 -0.7450
vn 0.3085 -0.8421 -0.4424
vn 0.8717 0.4901 -0.0005
vn -0.1333 -0.7810 -0.6101
vn 0.4685 0.4266 0.7736
vn 0.0103 -0.0004 0.9999
vn 0.3697 0.4910 0.7888
vn 0.0366 -0.0013 0.9993
vn -0.0132 -0.0004 0.9999
vn 0.7404 0.6722 -0.0003
vn 0.4685 0.4267 0.7736
vn 0.6081 0.7938 -0.0002
vn 0.6081 0.7939 -0.0002
vn 0.3695 0.4910 0.7889
vn 0.5309 0.8474 -0.0004
vn -0.0278 0.0007 0.9996
vn -0.0132 -0.0002 0.9999
vn 0.2918 0.5373 0.7913
vn 0.6081 0.7939 -0.0005
vn 0.5309 0.8474 -0.0006
vn 0.3697 0.4910 -0.7888
vn 0.3639 0.6718 0.6452
vn 0.4948 0.8690 -0.0004
vn 0.4860 0.8740 -0.0004
vn 0.3639 0.6718 -0.6452
vn 0.4947 0.8691 -0.0005
vn 0.4860 0.8740 -0.0008
vn 0.2918 0.5373 -0.7913
vn -0.0278 0.0007 -0.9996
vn -0.0132 -0.0002 -0.9999
vn -0.0132 -0.0003 -0.9999
vn 0.0102 -0.0002 -0.9999
vn 0.4685 0.4267 -0.7736
vn 0.0366 -0.0013 -0.9993
vn 0.7404 0.6721 -0.0006
vn 0.4686 0.4267 -0.7735
vn 0.6081 0.7938 -0.0005
vn -0.0200 -0.0131 0.9997
vn 0.4392 -0.1939 0.8772
vn -0.1041 -0.0131 0.9945
vn 0.4393 -0.1937 0.8772
vn 0.9248 -0.3804 -0.0005
vn 0.4393 -0.1938 -0.8772
vn -0.7124 0.7018 -0.0003
vn -0.7907 0.6122 -0.0003
vn -0.3982 0.3885 0.8310
vn -0.4372 0.3270 0.8378
vn -0.3982 0.3885 -0.8310
vn -0.7908 0.6121 -0.0006
vn -0.7124 0.7018 -0.0005
vn -0.4372 0.3269 -0.8379
vn 0.0073 0.0006 -1.0000
vn -0.0230 -0.0004 -0.9997
vn -0.4370 0.3269 -0.8379
vn 0.4549 -0.3346 -0.8253
vn -0.4705 0.2674 -0.8409
vn 0.4781 -0.3148 -0.8200
vn -0.0513 -0.0023 -0.9987
vn 0.8866 -0.4625 -0.0006
vn 0.5497 -0.2242 -0.8047
vn 0.9395 -0.3424 -0.0007
vn -0.8915 0.4530 -0.0006
vn -0.8545 0.5195 -0.0006
vn -0.8545 0.5195 -0.0005
vn -0.4371 0.3269 -0.8379
vn -0.7908 0.6121 -0.0005
vn -0.8545 0.5195 -0.0004
vn -0.4705 0.2674 0.8409
vn -0.4918 0.2302 0.8397
vn -0.7908 0.6121 -0.0003
vn -0.8545 0.5195 -0.0002
vn -0.4372 0.3269 0.8378
vn -0.1716 -0.0101 -0.9851
vn -0.4830 0.1423 -0.8640
vn -0.4615 0.1422 -0.8757
vn -0.1287 -0.0052 -0.9917
vn -0.3511 0.4333 0.8300
vn -0.3435 0.4335 0.8331
vn -0.6197 0.7848 -0.0005
vn -0.6294 0.7771 -0.0005
vn -0.3512 0.4334 -0.8299
vn -0.3435 0.4336 -0.8331
vn 0.0024 -0.0003 -1.0000
vn 0.0024 -0.0004 -1.0000
vn 0.3531 -0.4379 -0.8268
vn 0.3523 -0.4450 -0.8233
vn -0.4830 0.1422 -0.8640
vn -0.1715 -0.0101 -0.9851
vn -0.3650 -0.0072 -0.9310
vn 0.2604 -0.9655 -0.0005
vn -0.9816 -0.1910 -0.0004
vn -0.0052 -0.1852 -0.9827
vn -0.7067 -0.1560 -0.6901
vn 0.2603 -0.9655 -0.0004
vn -0.0052 -0.1851 0.9827
vn -0.9816 -0.1909 -0.0007
vn -0.7067 -0.1560 0.6901
vn -0.0054 1.0000 -0.0004
vn 0.0249 0.6152 0.7880
vn -0.0082 0.6375 0.7704
vn 0.0386 0.9993 -0.0001
vn 0.0386 0.9993 -0.0005
vn -0.0054 1.0000 -0.0005
vn 0.0249 0.6152 -0.7880
vn -0.0083 0.6375 -0.7704
vn -0.9999 -0.0121 -0.0005
vn 0.6597 -0.7516 -0.0005
vn -0.3259 -0.0111 0.9453
vn 0.3963 -0.4274 0.8126
vn 0.6598 -0.7515 -0.0004
vn -0.9999 -0.0121 -0.0004
vn -0.3259 -0.0112 -0.9453
vn 0.3963 -0.4276 -0.8125
vn 0.6660 -0.7460 -0.0008
vn 0.3463 -0.4379 -0.8297
vn 0.6236 -0.7817 -0.0005
vn 0.3714 -0.4184 -0.8289
vn 0.0034 0.0006 1.0000
vn 0.3716 -0.4184 0.8288
vn 0.3462 -0.4378 0.8298
vn 0.0142 0.0006 0.9999
vn -0.3581 0.4276 0.8300
vn -0.3784 0.4224 0.8237
vn 0.0034 0.0007 1.0000
vn -0.3345 0.4468 0.8298
vn 0.0054 0.0006 1.0000
vn 0.3462 -0.4379 -0.8297
vn 0.3716 -0.4183 -0.8288
vn 0.0034 0.0006 -1.0000
vn 0.0142 0.0006 -0.9999
vn -0.3581 0.4276 -0.8300
vn -0.3784 0.4224 -0.8237
vn -0.3783 0.4224 -0.8237
vn -0.6375 0.7705 -0.0006
vn -0.6725 0.7401 -0.0006
vn -0.3781 0.4225 0.8237
vn -0.6375 0.7705 -0.0005
vn -0.6725 0.7401 -0.0002
vn 0.1080 0.0045 0.9941
vn 0.4235 0.5320 0.7332
vn -0.0513 0.1062 0.9930
vn 0.2671 0.0260 0.9633
vn 0.3602 0.0018 0.9329
vn 0.3501 0.5953 0.7232
vn 0.5896 0.1042 -0.8009
vn 0.9784 -0.2065 -0.0005
vn 0.9998 0.0182 -0.0006
vn 0.5340 -0.0537 -0.8438
vn 0.7404 0.6721 -0.0005
vn 0.5897 0.1041 -0.8009
vn 0.9998 0.0182 -0.0005
vn 0.5897 0.1041 0.8009
vn 0.7404 0.6721 -0.0003
vn 0.9998 0.0181 -0.0007
vn 0.4686 0.4267 0.7735
vn 0.9785 -0.2065 -0.0004
vn 0.5896 0.1042 0.8009
vn 0.5339 -0.0541 0.8438
vn 0.3601 0.0016 -0.9329
vn 0.7255 -0.6882 -0.0004
vn 0.3717 -0.4184 0.8288
vn 0.4108 -0.3794 0.8290
vn 0.6660 -0.7460 -0.0005
vn 0.4490 -0.3180 0.8350
vn 0.7947 -0.6070 -0.0005
vn 0.4489 -0.3180 -0.8351
vn 0.7255 -0.6882 -0.0005
vn 0.7947 -0.6070 -0.0006
vn 0.4108 -0.3794 -0.8290
vn 0.4108 -0.3793 0.8291
vn 0.3716 -0.4183 0.8288
vn 0.0562 0.0026 0.9984
vn -0.3784 0.4223 0.8237
vn 0.4489 -0.3179 0.8351
vn -0.4029 0.4255 0.8103
vn 0.0747 0.0036 0.9972
vn -0.4450 0.3640 0.8182
vn 0.4771 -0.2807 0.8328
vn -0.0073 0.0006 1.0000
vn -0.4666 0.1472 0.8721
vn 0.4772 -0.2807 0.8328
vn 0.4490 -0.3179 0.8351
vn 0.8589 -0.5121 -0.0005
vn 0.4771 -0.2807 -0.8328
vn 0.4490 -0.3179 -0.8351
vn 0.4772 -0.2807 -0.8328
vn 0.0747 0.0036 -0.9972
vn -0.0073 0.0006 -1.0000
vn -0.4450 0.3640 -0.8182
vn -0.4666 0.1472 -0.8722
vn -0.4029 0.4255 -0.8103
vn -0.9247 0.3807 -0.0005
vn -0.4664 0.1471 -0.8722
vn -0.7869 0.6171 -0.0005
vn -0.7869 0.6171 -0.0003
vn -0.4664 0.1472 0.8722
vn 0.0562 0.0026 -0.9984
vn 0.4108 -0.3793 -0.8291
vn -0.6726 0.7400 -0.0005
vn -0.7100 0.7042 -0.0005
vn -0.7869 0.6170 -0.0008
vn -0.4450 0.3641 -0.8182
vn -0.7100 0.7042 -0.0002
vn -0.7869 0.6171 -0.0002
vn -0.4448 0.3640 0.8183
vn -0.6725 0.7401 -0.0005
vn -0.3783 0.4224 0.8237
vn 0.1099 -0.0003 0.9939
vn 0.1080 0.0046 0.9941
vn 0.3718 0.5614 0.7393
vn -0.1951 0.0123 0.9807
vn -0.1744 -0.0091 -0.9846
vn 0.7158 -0.0004 -0.6983
vn -0.0278 0.0006 -0.9996
vn 1.0000 -0.0013 -0.0000
vn 0.9836 -0.1803 -0.0005
vn 0.7158 -0.0004 0.6983
vn 0.0025 -0.0004 -1.0000
vn 0.7052 -0.0004 0.7090
vn 0.0024 -0.0004 1.0000
vn 0.7051 -0.0004 -0.7091
vn 1.0000 -0.0053 -0.0000
vn 0.7588 -0.0043 -0.6513
vn 0.0484 -0.0014 -0.9988
vn -0.0005 -0.0003 -1.0000
vn 0.7588 -0.0044 0.6513
vn 0.6948 -0.0024 -0.7192
vn 1.0000 -0.0034 -0.0005
vn 0.6828 -0.3493 -0.6417
vn 0.1676 -0.1647 -0.9720
vn 0.6948 -0.0024 0.7192
vn 0.6153 0.0114 -0.7882
vn -0.1598 0.1686 -0.9726
vn 0.9096 -0.4154 -0.0005
vn -0.0249 -0.0003 -0.9997
vn 0.6828 -0.3493 0.6417
vn 1.0000 0.0016 -0.0005
vn 0.6153 0.0114 0.7882
vn -0.0005 -0.0004 1.0000
vn 1.0000 -0.0043 -0.0004
vn 0.6695 -0.0023 -0.7428
vn 0.0483 -0.0014 0.9988
vn -0.7091 0.0006 0.7051
vn -0.7032 0.0007 0.7110
vn -0.6923 0.0016 0.7216
vn -1.0000 0.0026 -0.0005
vn -0.5919 -0.0121 0.8059
vn 0.1676 -0.1646 0.9720
vn -0.1597 0.1687 0.9726
vn -0.6715 0.3747 0.6393
vn -0.0249 -0.0004 0.9997
vn -0.7022 0.0006 0.7120
vn -0.5733 -0.0122 0.8193
vn 0.6695 -0.0023 0.7428
vn 0.1793 -0.1958 0.9641
vn -0.6568 0.4295 0.6198
vn 0.6522 -0.4333 0.6220
vn 0.8552 -0.5184 -0.0000
vn -0.1872 0.1971 0.9623
vn -0.0083 -0.0003 1.0000
vn 0.5575 0.0134 0.8301
vn 0.7012 -0.0015 0.7129
vn 0.7677 -0.0034 0.6408
vn 1.0000 0.0046 -0.0005
vn 1.0000 -0.0013 -0.0005
vn 0.5575 0.0134 -0.8301
vn 0.6522 -0.4333 -0.6220
vn 0.1793 -0.1959 -0.9641
vn -0.1872 0.1971 -0.9623
vn -0.0083 -0.0004 -1.0000
vn 0.7012 -0.0015 -0.7129
vn 1.0000 -0.0043 -0.0000
vn -0.0034 0.6071 -0.7946
vn 0.0386 0.9993 -0.0007
vn -0.0103 0.9999 -0.0007
vn -0.0034 0.6071 0.7946
vn 0.0386 0.9993 -0.0002
vn -0.0102 0.9999 -0.0003
vn 0.0093 -0.0003 -1.0000
vn 0.0132 -0.0003 -0.9999
vn 0.0249 0.6150 -0.7881
vn 0.0063 -0.0003 -1.0000
vn 0.0093 -0.0003 1.0000
vn 0.0249 0.6150 0.7881
vn 0.0132 -0.0003 0.9999
vn -0.0083 0.6375 0.7704
vn 0.0064 -0.0003 1.0000
vn 0.0064 -0.0003 -1.0000
vn -0.1343 0.6279 -0.7666
vn -0.0503 -0.0013 -0.9987
vn -0.0083 0.6376 -0.7703
vn -0.1959 0.9806 -0.0006
vn -0.1344 0.6279 -0.7666
vn -0.0083 0.6376 0.7703
vn -0.1959 0.9806 -0.0005
vn -0.0054 1.0000 -0.0003
vn -0.1344 0.6279 0.7666
vn 0.0063 -0.0003 1.0000
vn -0.0503 -0.0013 0.9987
vn 0.3602 0.0016 0.9329
vn 0.5320 0.5115 0.6748
vn 0.4861 0.5281 0.6963
vn 0.5800 -0.0012 0.8146
vn 0.5320 0.5115 -0.6748
vn 0.3602 0.0016 -0.9329
vn 0.5800 -0.0012 -0.8146
vn -0.7480 -0.1235 -0.6521
vn -0.7067 -0.1557 -0.6901
vn -0.9934 -0.1147 -0.0005
vn -0.9816 -0.1909 -0.0006
vn -0.7067 -0.1556 0.6901
vn -0.9934 -0.1147 -0.0004
vn -0.9816 -0.1909 -0.0005
vn -0.7480 -0.1235 0.6521
vn -0.0654 -0.1343 -0.9888
vn -0.7067 -0.1557 -0.6902
vn -0.7479 -0.1235 -0.6522
vn -0.0054 -0.1850 -0.9827
vn 0.7038 -0.1469 -0.6950
vn -0.0943 0.6397 -0.7628
vn 0.0776 0.0231 -0.9967
vn -0.0220 0.0075 -0.9997
vn -0.0219 0.0075 0.9997
vn 0.7677 -0.0034 -0.6408
vn -0.0259 -0.0004 -0.9997
vn 1.0000 -0.0033 -0.0005
vn 0.6883 -0.0023 -0.7254
vn 0.6401 -0.4858 -0.5952
vn 0.1992 -0.2222 -0.9544
vn 0.8207 -0.5713 -0.0005
vn 0.6883 -0.0023 0.7254
vn -0.0259 -0.0004 0.9997
vn 0.5538 -0.1891 -0.8109
vn -0.0464 -0.0043 -0.9989
vn 0.6400 -0.4858 0.5953
vn 0.2008 -0.2222 0.9541
vn 0.5538 -0.1891 0.8109
vn -0.0464 -0.0043 0.9989
vn 0.9461 -0.3237 -0.0005
vn 0.5700 -0.2397 -0.7859
vn 0.0123 0.0006 -0.9999
vn 0.5700 -0.2397 0.7859
vn 0.0122 0.0006 0.9999
vn 0.9225 -0.3861 -0.0005
vn 0.6034 -0.1860 -0.7754
vn 0.0602 0.0075 -0.9982
vn 0.6034 -0.1860 0.7754
vn 0.0601 0.0075 0.9982
vn 0.9557 -0.2943 -0.0005
vn 0.6329 -0.1001 -0.7677
vn 0.0288 0.0104 -0.9995
vn 0.6329 -0.1001 0.7677
vn 0.0288 0.0104 0.9995
vn 0.5998 -0.0170 0.8000
vn 0.9875 -0.1577 -0.0005
vn 0.5998 -0.0170 -0.8000
vn 0.9997 -0.0238 -0.0005
vn -0.1686 0.0104 -0.9856
vn 0.9972 0.0749 -0.0005
vn 0.6494 0.0495 0.7588
vn 0.9863 0.1648 -0.0005
vn 0.6494 0.0495 -0.7588
vn -0.0503 -0.0169 -0.9986
vn 0.7838 0.1305 -0.6072
vn 0.2633 0.0436 -0.9637
vn 0.1100 -0.0003 0.9939
vn 0.0826 -0.0012 0.9966
vn 0.4263 -0.3647 -0.8278
vn 0.4392 -0.1939 -0.8772
vn 0.7977 -0.6030 -0.0005
vn 0.4263 -0.3647 0.8278
vn 0.7977 -0.6031 -0.0004
vn 0.4392 -0.1938 0.8772
vn -0.1528 -0.0170 0.9881
vn 0.3962 -0.4274 0.8126
vn -0.3258 -0.0111 0.9454
vn -0.3638 0.1032 0.9257
vn 0.7976 -0.6032 -0.0004
vn 0.6598 -0.7515 -0.0003
vn -0.4087 0.1178 0.9051
vn -0.1529 -0.0169 0.9881
vn -0.3511 0.0963 0.9314
vn 0.3962 -0.4274 -0.8126
vn 0.7976 -0.6031 -0.0005
vn 0.6599 -0.7514 -0.0006
vn -0.0620 0.6034 -0.7950
vn -0.1021 0.9948 -0.0006
vn -0.0982 0.6687 -0.7370
vn -0.1451 0.9894 -0.0006
vn -0.0035 0.6071 -0.7946
vn -0.0620 0.6035 -0.7950
vn -0.0103 0.9999 -0.0006
vn -0.1020 0.9948 -0.0005
vn -0.0981 0.6687 0.7370
vn -0.1021 0.9948 -0.0004
vn -0.1451 0.9894 -0.0002
vn -0.0620 0.6034 0.7950
vn -0.0620 0.6035 0.7950
vn -0.0103 0.9999 -0.0005
vn -0.1021 0.9948 -0.0001
vn -0.0034 0.6071 0.7947
vn -0.1206 0.5935 -0.7958
vn -0.0083 0.0016 -1.0000
vn -0.0220 0.0075 0.9997
vn -0.0083 0.0016 1.0000
vn -0.1539 0.5525 -0.8192
vn -0.0073 0.0007 -1.0000
vn -0.1206 0.5935 -0.7957
vn -0.1538 0.5525 0.8192
vn -0.0074 0.0007 1.0000
vn -0.0259 -0.0003 0.9997
vn -0.0181 -0.0003 0.9998
vn -0.0074 0.0010 -1.0000
vn -0.1539 0.5523 -0.8193
vn -0.0181 -0.0003 -0.9998
vn -0.2261 0.5066 -0.8320
vn -0.0259 -0.0002 -0.9997
vn -0.0073 0.0007 1.0000
vn -0.1539 0.5523 0.8193
vn -0.0075 0.0007 -1.0000
vn -0.0181 -0.0001 -0.9998
vn -0.0181 -0.0002 0.9998
vn -0.3109 0.4628 0.8301
vn -0.2936 0.4718 0.8314
vn -0.5283 0.8490 -0.0005
vn -0.5574 0.8302 -0.0005
vn -0.3112 0.4629 -0.8300
vn -0.2938 0.4718 -0.8313
vn 0.0024 0.0006 -1.0000
vn 0.0054 0.0006 -1.0000
vn 0.2879 -0.4686 -0.8352
vn 0.3034 -0.4627 -0.8330
vn 0.5488 -0.8360 -0.0005
vn -0.5174 0.8557 -0.0000
vn -0.5283 0.8491 -0.0005
vn -0.2495 0.4135 0.8756
vn -0.2496 0.4138 -0.8755
vn 0.1080 -0.1781 -0.9781
vn 0.3648 -0.6040 -0.7086
vn 0.2885 -0.4682 -0.8352
vn 0.5243 -0.8515 -0.0005
vn 0.2917 0.5373 -0.7914
vn 0.1022 0.2284 -0.9682
vn 0.2918 0.5372 0.7914
vn 0.1022 0.2284 0.9682
vn 0.1529 -0.0130 -0.9882
vn 0.1530 -0.0131 0.9881
vn 0.1333 -0.0189 0.9909
vn 0.5004 -0.0697 0.8630
vn 0.7159 -0.0365 0.6973
vn 0.0760 -0.0385 0.9964
vn 0.1334 -0.0189 0.9909
vn -0.0952 -0.0687 0.9931
vn 0.7206 -0.0130 0.6932
vn 0.5378 -0.0238 0.8427
vn 0.0758 -0.0385 0.9964
vn -0.0952 -0.0687 -0.9931
vn 0.5378 -0.0238 -0.8427
vn 0.0758 -0.0385 -0.9964
vn 0.7159 -0.0365 -0.6973
vn 0.0761 -0.0385 -0.9964
vn 0.7206 -0.0131 -0.6932
vn 0.1334 -0.0189 -0.9909
vn 0.8589 -0.5121 -0.0008
vn 0.5475 -0.2622 -0.7947
vn 0.4772 -0.2806 -0.8328
vn 0.9302 -0.3670 -0.0005
vn 0.8589 -0.5121 -0.0004
vn 0.5475 -0.2621 0.7947
vn 0.4772 -0.2806 0.8328
vn 0.5475 -0.2621 -0.7947
vn -0.1940 -0.0121 -0.9809
vn -0.4666 0.1472 -0.8721
vn -0.6233 0.0152 -0.7818
vn -0.8445 -0.0296 -0.5347
vn -0.1821 -0.1098 -0.9771
vn 0.6219 -0.1977 -0.7577
vn -0.9998 -0.0199 -0.0005
vn -0.6235 0.0153 -0.7817
vn -0.8446 -0.0296 -0.5346
vn -0.9984 0.0563 -0.0005
vn -0.4666 0.1468 -0.8722
vn -0.6235 0.0152 -0.7817
vn -0.9998 -0.0199 -0.0002
vn -0.6235 0.0153 0.7817
vn -0.8446 -0.0296 0.5346
vn -0.9247 0.3806 -0.0005
vn -0.4666 0.1469 0.8722
vn -0.6235 0.0152 0.7817
vn -0.0200 -0.0131 -0.9997
vn -0.1041 -0.0131 -0.9945
vn -0.7480 -0.1234 0.6522
vn -0.8445 -0.0297 0.5347
vn -0.9934 -0.1147 -0.0006
vn -0.7480 -0.1234 -0.6522
vn -0.8445 -0.0297 -0.5347
vn -0.1823 -0.1097 -0.9771
vn -0.8445 -0.0295 -0.5348
vn -0.0650 -0.1343 -0.9888
vn -0.1821 -0.1097 -0.9771
vn 0.6716 -0.1508 -0.7254
vn 0.9755 -0.2201 -0.0007
vn 0.9892 -0.1469 -0.0005
vn -0.7479 -0.1235 0.6522
vn -0.1822 -0.1098 0.9771
vn -0.0650 -0.1343 0.9888
vn 0.1588 -0.9873 -0.0005
vn 0.5802 -0.0013 -0.8145
vn 1.0000 -0.0011 -0.0003
vn 0.1832 -0.6032 -0.7763
vn 1.0000 -0.0013 -0.0006
vn 0.5800 -0.0013 0.8146
vn 0.1832 -0.6032 0.7763
vn 0.5800 -0.0015 0.8146
vn 0.5322 0.5116 0.6745
vn 1.0000 -0.0011 -0.0002
vn 0.5800 -0.0014 -0.8146
vn 0.5322 0.5116 -0.6745
vn 0.0992 -0.0629 -0.9931
vn 0.5895 0.1042 -0.8010
vn 0.5339 -0.0541 -0.8438
vn 0.0992 -0.0629 0.9931
vn 0.5895 0.1042 0.8010
vn 0.1529 -0.0130 0.9882
vn -0.0190 0.1403 -0.9899
vn -0.0981 0.6687 -0.7370
vn -0.0621 0.6035 0.7949
vn -0.0191 0.1406 0.9899
vn -0.0982 0.6687 0.7370
vn -0.1343 0.6279 0.7666
vn -1.0000 0.0066 -0.0004
vn -0.1959 0.9806 -0.0003
vn -0.2966 0.0202 0.9548
vn -1.0000 0.0068 -0.0002
vn -0.2965 0.0204 -0.9548
vn -0.7067 -0.1556 0.6902
vn -0.0654 -0.1343 0.9888
vn -0.0054 -0.1850 0.9827
vn 0.7038 -0.1469 0.6950
vn -0.5036 0.1403 0.8525
vn -0.4714 0.2869 0.8339
vn -0.9440 0.3298 -0.0004
vn 0.0083 0.0006 1.0000
vn -0.4712 0.2869 0.8340
vn -0.0035 0.0007 1.0000
vn -0.4256 0.3485 0.8351
vn 0.2670 0.0260 -0.9634
vn 0.2670 0.0260 0.9634
vn 0.0777 0.0231 0.9967
vn 0.9766 -0.2153 -0.0005
vn 0.6102 -0.0982 -0.7861
vn 0.5787 -0.1742 -0.7967
vn 0.9991 -0.0434 -0.0005
vn 0.9765 -0.2153 -0.0005
vn 0.6102 -0.0979 0.7861
vn 0.9991 -0.0434 -0.0001
vn 0.5787 -0.1742 0.7967
vn 0.8320 -0.0375 -0.5535
vn 0.9991 -0.0433 -0.0005
vn 0.9993 -0.0375 -0.0005
vn 0.8320 -0.0375 0.5535
vn 0.1704 -0.1547 0.9732
vn 0.9706 -0.2406 -0.0005
vn 0.1704 -0.1547 -0.9732
vn 0.8319 -0.0375 0.5536
vn 0.6103 -0.0980 0.7861
vn -0.1432 -0.1177 0.9827
vn 0.9991 -0.0434 -0.0008
vn 0.8319 -0.0375 -0.5536
vn 0.6103 -0.0980 -0.7861
vn -0.1432 -0.1175 -0.9827
vn -0.0035 0.0006 -1.0000
vn -0.5035 0.1403 -0.8525
vn -0.4713 0.2868 -0.8341
vn -0.0338 0.0006 -0.9994
vn -0.4714 0.2868 0.8340
vn -0.5036 0.1404 0.8525
vn -0.0034 0.0006 1.0000
vn -0.0924 -0.0199 -0.9955
vn -0.2964 0.0203 -0.9549
vn -0.2964 0.0203 0.9549
vn -0.0924 -0.0199 0.9955
vn -0.8422 0.5392 -0.0003
vn -0.9441 0.3298 -0.0005
vn -0.4714 0.2867 0.8340
vn -0.4714 0.2869 -0.8339
vn -0.9440 0.3298 -0.0005
vn -0.8422 0.5392 -0.0005
vn -0.9441 0.3298 -0.0004
vn -0.9999 0.0143 -0.0005
vn -0.7414 0.0084 0.6710
vn -0.7414 0.0084 -0.6710
vn -0.0513 0.1061 0.9930
vn -0.0923 -0.0199 0.9955
vn 0.1079 0.0045 0.9942
vn 0.1705 -0.5291 0.8313
vn 0.1519 -0.5337 0.8319
vn -0.0181 -0.0004 0.9998
vn 0.1969 -0.5231 0.8292
vn 0.1706 -0.5290 0.8313
vn 0.2388 -0.5062 0.8287
vn -0.2448 0.5008 0.8302
vn 0.2848 -0.4780 0.8309
vn -0.2711 0.4890 0.8291
vn 0.3209 -0.4507 0.8330
vn -0.3082 0.4616 0.8318
vn -0.0025 0.0006 1.0000
vn 0.3474 -0.4323 0.8321
vn -0.3453 0.4323 0.8330
vn -0.0015 0.0006 1.0000
vn 0.3815 -0.4146 0.8262
vn 0.0239 0.0006 0.9997
vn 0.4256 -0.3835 0.8196
vn 0.0474 0.0016 0.9989
vn 0.4568 -0.3599 0.8135
vn 0.0140 0.0003 0.9999
vn 0.4724 -0.3639 0.8028
vn -0.4605 0.3327 0.8230
vn -0.0591 -0.0014 0.9983
vn 0.4742 -0.3706 0.7986
vn -0.4716 0.2381 0.8491
vn -0.1284 -0.0053 0.9917
vn 0.4683 -0.3736 0.8007
vn -0.4753 0.1794 0.8613
vn -0.1714 -0.0102 0.9852
vn 0.4479 -0.3707 0.8136
vn -0.3650 -0.0072 0.9310
vn -1.0000 -0.0082 -0.0005
vn -0.5857 0.1325 -0.7996
vn -0.8188 -0.0305 -0.5733
vn -0.9938 0.1110 -0.0005
vn -0.9938 0.1110 -0.0006
vn -0.0855 0.9963 -0.0007
vn -0.0875 0.8868 -0.4537
vn -0.5857 0.1325 0.7996
vn -0.0855 0.9963 -0.0002
vn -0.9938 0.1110 -0.0004
vn -0.0875 0.8868 0.4538
vn -0.8187 -0.0305 0.5734
vn -0.2115 -0.0092 0.9773
vn -0.1432 -0.1176 0.9827
vn 0.6102 -0.0981 0.7861
vn -0.1432 -0.1176 -0.9827
vn 0.6102 -0.0981 -0.7861
vn -0.2115 -0.0091 -0.9773
vn -0.1041 -0.0130 -0.9945
vn -0.1529 -0.0169 -0.9881
vn -0.4087 0.1178 -0.9051
vn -0.3511 0.0963 -0.9314
vn -0.1529 -0.0170 -0.9881
vn -0.3257 -0.0111 -0.9454
vn -0.3639 0.1032 -0.9257
vn -0.0181 -0.0004 -0.9998
vn -0.2262 0.5066 -0.8320
vn 0.1969 -0.5231 -0.8292
vn 0.1706 -0.5290 -0.8313
vn 0.2388 -0.5062 -0.8287
vn 0.1519 -0.5337 -0.8319
vn 0.1705 -0.5291 -0.8313
vn -0.0180 -0.0004 -0.9998
vn -0.0034 0.0006 -1.0000
vn 0.2848 -0.4780 -0.8309
vn -0.2710 0.4890 -0.8291
vn 0.3209 -0.4507 -0.8330
vn -0.0025 0.0006 -1.0000
vn 0.3474 -0.4323 -0.8321
vn -0.3453 0.4323 -0.8330
vn -0.0015 0.0006 -1.0000
vn 0.3815 -0.4146 -0.8262
vn 0.0239 0.0006 -0.9997
vn 0.4257 -0.3835 -0.8196
vn 0.0473 0.0016 -0.9989
vn 0.4568 -0.3599 -0.8135
vn -0.4312 0.4197 -0.7987
vn 0.0141 0.0006 -0.9999
vn 0.4724 -0.3639 -0.8028
vn -0.4604 0.3327 -0.8230
vn -0.0591 -0.0014 -0.9983
vn 0.4742 -0.3706 -0.7986
vn -0.1284 -0.0052 -0.9917
vn -0.4752 0.1794 -0.8614
vn 0.4685 -0.3735 -0.8006
vn -0.1714 -0.0101 -0.9851
vn -0.0337 0.0006 0.9994
vn 0.4490 -0.3404 0.8262
vn 0.5084 -0.2827 0.8134
vn -0.0338 0.0006 0.9994
vn -0.0035 0.0008 1.0000
vn -0.5035 0.1403 0.8525
vn -0.2117 -0.0091 0.9773
vn -0.2115 -0.0091 0.9773
vn 0.5085 -0.2827 -0.8134
vn -0.2115 -0.0090 -0.9773
vn -0.0337 0.0006 -0.9994
vn -0.0339 0.0006 -0.9994
vn -0.5036 0.1403 -0.8525
vn -0.2117 -0.0091 -0.9773
vn 0.5788 -0.1742 0.7966
vn 0.8887 -0.4586 -0.0005
vn 0.5085 -0.2827 0.8133
vn 0.9765 -0.2153 -0.0004
vn 0.5788 -0.1743 -0.7966
vn 0.8886 -0.4586 -0.0005
vn 0.5085 -0.2827 -0.8133
vn 0.4490 -0.3404 -0.8262
vn -0.0033 0.0006 -1.0000
vn 0.5084 -0.2827 -0.8134
vn 0.0991 -0.0629 -0.9931
vn -0.0699 -0.1714 -0.9827
vn -0.0220 0.0074 -0.9997
vn -0.0699 -0.1714 0.9827
vn -0.0220 0.0074 0.9997
vn 0.0991 -0.0629 0.9931
vn -0.8029 -0.1040 0.5869
vn -0.6776 -0.2222 0.7011
vn 0.1701 -0.1546 0.9732
vn 0.8320 -0.0374 0.5535
vn -0.8030 -0.1039 0.5869
vn -0.2118 -0.0092 0.9773
vn -0.8030 -0.1039 -0.5869
vn -0.2118 -0.0092 -0.9773
vn -0.7413 0.0084 -0.6711
vn -0.0698 -0.4477 0.8915
vn 0.1080 0.0044 0.9941
vn -0.0924 -0.0200 0.9955
vn -0.0513 0.1061 -0.9930
vn 0.1079 0.0045 -0.9942
vn -0.2965 0.0202 -0.9548
vn 0.5165 -0.8563 -0.0003
vn 0.3648 -0.6039 0.7086
vn 0.2879 -0.4686 0.8352
vn 0.0024 0.0006 1.0000
vn 0.1080 -0.1781 0.9781
vn -0.2937 0.4717 0.8314
vn -0.2495 0.4137 0.8756
vn 0.3034 -0.4627 0.8330
vn -0.3112 0.4627 0.8301
vn 0.5847 -0.8112 -0.0005
vn 0.3034 -0.4626 -0.8330
vn 0.3034 -0.4626 0.8330
vn 0.3248 -0.4518 -0.8309
vn 0.3248 -0.4518 0.8309
vn 0.0054 0.0007 1.0000
vn 0.0053 0.0007 1.0000
vn -0.3345 0.4469 0.8297
vn 0.0053 0.0007 -1.0000
vn 0.0054 0.0007 -1.0000
vn -0.3113 0.4629 -0.8300
vn -0.3345 0.4471 -0.8296
vn -0.5575 0.8302 -0.0005
vn -0.5964 0.8027 -0.0006
vn -0.5964 0.8027 -0.0005
vn -0.6374 0.7705 -0.0007
vn -0.3580 0.4275 -0.8301
vn -0.3345 0.4469 -0.8297
vn -0.5964 0.8027 -0.0004
vn -0.6375 0.7705 -0.0004
vn 0.0034 0.0007 -1.0000
vn -0.3345 0.4468 -0.8298
vn -0.5154 0.1042 -0.8506
vn -0.5151 0.0075 -0.8571
vn -0.0201 -0.0130 -0.9997
vn 0.1333 -0.0189 -0.9909
vn 0.3601 0.0016 0.9329
vn 0.2671 0.0259 0.9633
vn 0.2721 -0.4644 0.8428
vn 0.2671 0.0259 -0.9633
vn 0.2721 -0.4644 -0.8428
vn 0.8035 -0.5953 -0.0006
vn 0.8886 -0.4587 -0.0005
vn 0.8035 -0.5953 -0.0005
vn 0.8886 -0.4586 -0.0001
vn 0.4489 -0.3404 0.8262
vn 0.9706 -0.2407 -0.0005
vn -0.9520 -0.3061 -0.0005
vn -0.6776 -0.2222 -0.7010
vn -0.6776 -0.2222 0.7010
vn -0.9999 0.0143 -0.0001
vn -0.9953 -0.0971 -0.0005
vn -0.8030 -0.1040 0.5868
vn -0.9520 -0.3061 -0.0003
vn -0.9520 -0.3061 -0.0007
vn -0.9953 -0.0971 -0.0006
vn -0.6776 -0.2221 -0.7011
vn -0.7414 0.0085 -0.6710
vn -0.8030 -0.1040 -0.5868
vn -0.1432 -0.1177 -0.9827
vn -0.8029 -0.1039 -0.5869
vn 0.1703 -0.1547 -0.9732
vn 0.8320 -0.0374 -0.5535
vn -0.8421 0.5393 -0.0004
vn -0.4714 0.2869 0.8340
vn -0.7669 0.6418 -0.0004
vn -0.3374 0.3200 0.8853
vn -0.7668 0.6419 -0.0005
vn -0.7237 0.6901 -0.0000
vn -0.3347 0.3229 -0.8853
vn -0.4256 0.3486 -0.8350
vn 0.0083 0.0006 -1.0000
vn 0.1803 -0.1753 -0.9679
vn -0.7668 0.6419 -0.0007
vn -0.4256 0.3485 -0.8351
vn -0.8421 0.5393 -0.0008
vn -0.4714 0.2869 -0.8340
vn 0.4137 -0.3756 -0.8293
vn 0.5488 -0.5321 -0.6447
vn -0.4713 0.2869 -0.8340
vn -0.0034 0.0007 -1.0000
vn 0.4139 -0.3756 -0.8292
vn 0.5489 -0.5321 -0.6446
vn 0.7178 -0.6962 -0.0003
vn 0.7419 -0.6705 -0.0005
vn 0.4139 -0.3756 0.8292
vn 0.5489 -0.5321 0.6446
vn 0.4138 -0.3756 0.8293
vn 0.5489 -0.5321 0.6447
vn 0.1803 -0.1753 0.9679
vn 0.4488 -0.3404 -0.8262
vn 0.4489 -0.3404 -0.8262
vn -0.3454 -0.3391 -0.8750
vn -0.3454 -0.3391 0.8751
vn 0.1529 -0.0131 0.9882
vn -0.0516 0.1061 0.9930
vn -0.2965 0.0202 0.9548
vn -0.3452 -0.3394 -0.8750
vn -0.3452 -0.3394 0.8750
vn 0.0990 -0.0629 0.9931
vn 0.6716 -0.1508 0.7254
vn -0.1821 -0.1098 0.9771
vn -0.0650 -0.1344 0.9888
vn 0.1078 0.0045 0.9942
vn -0.0698 -0.4475 0.8915
vn 0.1099 -0.0004 0.9939
vn 0.1529 -0.0129 -0.9882
vn -0.4986 -0.3657 -0.7859
vn -0.3454 -0.3393 -0.8750
vn -0.4986 -0.3657 0.7859
vn 0.1529 -0.0129 0.9882
vn -0.3454 -0.3393 0.8750
vn -0.4987 -0.3657 -0.7859
vn 0.1529 -0.0131 -0.9882
vn -0.4987 -0.3657 0.7859
vn -0.0073 0.0005 -1.0000
vn 0.0757 -0.4750 -0.8767
vn 0.1294 -0.5384 -0.8327
vn -0.0083 0.0013 -1.0000
vn -0.0083 0.0015 -1.0000
vn 0.0757 -0.4751 0.8767
vn 0.0757 -0.4750 0.8767
vn 0.1294 -0.5384 0.8327
vn -0.2798 -0.5315 0.7995
vn 0.1098 -0.0004 0.9940
vn -0.0699 -0.4478 0.8914
vn 0.9302 -0.3670 -0.0008
vn 0.6219 -0.1978 -0.7577
vn 0.9754 -0.2202 -0.0005
vn 0.9302 -0.3670 -0.0004
vn 0.6219 -0.1977 0.7577
vn 0.9755 -0.2202 -0.0005
vn 0.5475 -0.2622 0.7947
vn -0.1940 -0.0121 0.9809
vn -0.6233 0.0153 0.7818
vn -0.4665 0.1472 0.8722
vn -0.5151 0.0075 0.8571
vn -0.0204 -0.0131 0.9997
vn -0.5154 0.1042 0.8506
vn -0.0132 -0.0004 -0.9999
vn -0.3337 -0.5035 -0.7970
vn -0.3562 -0.4987 -0.7902
vn -0.0279 0.0006 -0.9996
vn -0.0279 0.0005 0.9996
vn -0.3337 -0.5035 0.7970
vn -0.3562 -0.4987 0.7902
vn -0.2965 0.0065 -0.9550
vn 0.0200 0.8551 -0.5181
vn 0.2106 0.7306 -0.6495
vn -0.1949 0.0124 -0.9808
vn -0.5829 -0.2769 -0.7639
vn -0.2965 0.0201 -0.9548
vn -0.0512 0.1062 -0.9930
vn 0.4234 0.5320 -0.7333
vn -1.0000 0.0064 -0.0005
vn -0.5830 -0.2770 -0.7638
vn -0.2964 0.0201 -0.9549
vn -0.8712 -0.4909 -0.0006
vn -1.0000 0.0065 -0.0004
vn -0.5830 -0.2769 0.7638
vn -0.8712 -0.4909 -0.0005
vn -0.2964 0.0202 0.9549
vn 0.5801 -0.0014 0.8145
vn 0.1832 -0.6031 0.7764
vn 0.3601 0.0014 -0.9329
vn 0.1832 -0.6030 -0.7764
vn -0.5926 -0.0746 0.8020
vn 0.0756 -0.0385 0.9964
vn -0.5151 0.0074 0.8571
vn -0.5926 -0.0746 -0.8020
vn 0.0756 -0.0385 -0.9964
vn -0.5150 0.0075 -0.8572
vn 0.1294 -0.5385 0.8326
vn -0.0180 -0.0004 0.9998
vn 0.1294 -0.5383 -0.8328
vn -0.0073 0.0004 -1.0000
vn -0.0073 0.0004 1.0000
vn 0.0757 -0.0385 0.9964
vn -0.7010 -0.1264 0.7019
vn -0.5927 -0.0747 0.8020
vn -0.0953 -0.0688 0.9931
vn 0.0754 -0.0384 -0.9964
vn -0.7010 -0.1264 -0.7019
vn -0.0953 -0.0687 -0.9931
vn -0.5927 -0.0746 -0.8020
vn -0.5065 -0.0844 0.8581
vn -0.0503 -0.0170 0.9986
vn -0.6856 -0.0453 0.7266
vn 0.2631 0.0436 0.9638
vn -0.9984 -0.0561 -0.0005
vn -0.9864 -0.1646 -0.0003
vn -0.5065 -0.0844 -0.8581
vn 0.7838 0.1305 0.6072
vn -0.0507 -0.0169 -0.9986
vn -0.6856 -0.0453 -0.7266
vn -0.9999 0.0163 -0.0005
vn -0.7677 0.0163 -0.6406
vn -0.6034 0.0837 -0.7930
vn -0.7677 0.0163 0.6406
vn -0.5495 0.1501 -0.8219
vn 0.0601 0.0075 -0.9982
vn -0.9914 0.1306 -0.0005
vn -0.6034 0.0837 0.7930
vn -0.1686 0.0104 0.9856
vn -0.5488 0.2293 -0.8039
vn 0.0122 0.0006 -0.9999
vn -0.9655 0.2604 -0.0005
vn -0.5495 0.1501 0.8219
vn -0.5488 0.2293 0.8039
vn -0.9227 0.3855 -0.0005
vn -0.5895 0.2175 -0.7780
vn -0.5895 0.2175 0.7780
vn -0.5475 -0.0131 -0.8367
vn -0.9373 0.3484 -0.0005
vn 0.2009 -0.2220 -0.9541
vn -1.0000 -0.0053 -0.0005
vn -0.5477 -0.0131 0.8366
vn -1.0000 0.0006 -0.0005
vn -0.7187 0.0007 -0.6953
vn -0.7182 0.0006 -0.6958
vn 0.0483 -0.0013 -0.9988
vn -1.0000 0.0007 -0.0005
vn -0.7187 0.0007 0.6953
vn -0.7182 0.0006 0.6958
vn -1.0000 0.0016 -0.0000
vn -0.7105 0.0006 -0.7037
vn -0.0083 -0.0003 -1.0000
vn -0.6568 0.4295 -0.6198
vn 0.1794 -0.1958 -0.9641
vn -0.8603 0.5098 -0.0005
vn -0.5731 -0.0121 -0.8194
vn -0.0250 -0.0003 -0.9997
vn -0.7105 0.0006 0.7037
vn -1.0000 -0.0043 -0.0005
vn -0.8191 -0.5737 -0.0003
vn -0.4158 -0.3181 0.8520
vn -0.4214 -0.3382 0.8415
vn -0.7977 -0.6031 -0.0003
vn 0.3083 -0.0065 0.9513
vn -0.4160 -0.3182 0.8519
vn -0.7977 -0.6031 -0.0006
vn 0.9999 -0.0111 -0.0004
vn -0.7977 -0.6031 -0.0005
vn -0.8190 -0.5738 -0.0005
vn -0.4160 -0.3180 -0.8520
vn -0.4214 -0.3383 -0.8414
vn -0.7976 -0.6032 -0.0003
vn -0.4160 -0.3181 -0.8519
vn 0.1167 -0.0062 -0.9931
vn -0.4159 -0.3180 -0.8520
vn 0.4235 0.1491 -0.8935
vn 0.0757 -0.0023 -0.9971
vn -0.3930 -0.3705 -0.8416
vn 0.4315 0.2137 -0.8764
vn -0.3560 -0.3920 -0.8483
vn 0.0493 -0.0013 -0.9988
vn 0.4108 0.2937 -0.8631
vn -0.3414 -0.3960 -0.8524
vn 0.0288 -0.0004 -0.9996
vn 0.3785 0.3465 -0.8583
vn -0.3435 -0.4138 -0.8431
vn 0.0210 -0.0004 -0.9998
vn 0.3571 0.3749 -0.8555
vn 0.3600 0.3874 -0.8487
vn 0.0464 -0.0013 -0.9989
vn -0.3484 -0.4723 -0.8097
vn 0.3747 0.3845 -0.8437
vn 0.0825 -0.0014 -0.9966
vn -0.7013 -0.7129 -0.0005
vn -0.3415 -0.3960 -0.8524
vn -0.6670 -0.7450 -0.0006
vn -0.3932 -0.3705 -0.8415
vn -0.7642 -0.6450 -0.0005
vn -0.3931 -0.3705 0.8416
vn -0.7642 -0.6449 -0.0005
vn -0.6671 -0.7450 -0.0005
vn -0.3415 -0.3960 0.8524
vn -0.3560 -0.3920 0.8483
vn 0.6151 -0.2300 0.7542
vn 0.6151 -0.2300 -0.7542
vn -0.2797 -0.5315 0.7996
vn 0.0825 -0.0013 0.9966
vn 0.0650 -0.6021 0.7958
vn 0.1569 -0.9876 -0.0005
vn 0.1070 -0.9943 -0.0004
vn 0.0874 -0.5534 0.8283
vn 0.1569 -0.9876 -0.0006
vn 0.0650 -0.6021 -0.7958
vn 0.1070 -0.9943 -0.0005
vn 0.0875 -0.5534 -0.8283
vn 0.9891 -0.1469 -0.0005
vn 0.4683 -0.3735 -0.8007
vn 0.4480 -0.3707 -0.8136
vn -0.1714 -0.0102 -0.9851
vn -0.3651 -0.0070 -0.9309
vn -1.0000 0.0017 -0.0005
vn -0.7022 0.0006 -0.7120
vn -0.6715 0.3747 -0.6393
vn -0.1597 0.1690 -0.9726
vn -0.8925 0.4511 -0.0005
vn -0.5919 -0.0121 -0.8059
vn 0.1676 -0.1645 -0.9720
vn -0.0005 -0.0004 -1.0000
vn -1.0000 -0.0023 -0.0005
vn -0.6923 0.0016 -0.7216
vn -0.7091 0.0006 -0.7051
vn -0.7032 0.0007 -0.7110
vn -0.7460 0.0026 -0.6659
vn -0.0280 0.0006 -0.9996
vn -0.1745 -0.0092 -0.9846
vn -1.0000 0.0038 -0.0005
vn -0.7479 -0.0033 -0.6639
vn -0.5195 0.2665 -0.8118
vn -1.0000 -0.0013 -0.0005
vn 0.3171 0.0513 -0.9470
vn -0.2174 0.9103 -0.3522
vn 0.1343 0.8618 -0.4892
vn -0.3651 0.9310 -0.0000
vn -0.9255 0.3788 -0.0005
vn -0.5195 0.2665 0.8118
vn -0.2174 0.9103 0.3522
vn -0.7479 -0.0033 0.6639
vn -0.7460 0.0026 0.6659
vn -0.1744 -0.0093 0.9846
vn 0.3171 0.0514 0.9470
vn 0.1344 0.8618 0.4892
vn 0.8274 0.0133 0.5615
vn 0.4711 0.8150 0.3374
vn 0.4822 -0.0609 0.8739
vn 1.0000 0.0095 -0.0005
vn 0.6042 0.7968 -0.0004
vn 0.4711 0.8150 -0.3374
vn 0.8273 0.0133 -0.5615
vn 0.1347 0.8617 -0.4892
vn 0.3170 0.0514 -0.9470
vn 0.4822 -0.0609 -0.8739
vn 0.0649 -0.6020 -0.7958
vn 0.0093 -0.0004 -1.0000
vn 0.0181 -0.6062 -0.7951
vn 0.0064 -0.0004 -1.0000
vn 0.0181 -0.6063 -0.7951
vn 0.0650 -0.6020 -0.7958
vn 0.0239 -0.9997 -0.0006
vn 0.0063 -0.0005 -1.0000
vn -0.0191 0.1403 -0.9899
vn 0.0182 -0.6063 0.7951
vn 0.1070 -0.9943 -0.0002
vn 0.0240 -0.9997 -0.0005
vn 0.0650 -0.6022 0.7957
vn 0.0093 -0.0005 1.0000
vn 0.0181 -0.6062 0.7951
vn 0.0064 -0.0004 1.0000
vn 0.0063 -0.0004 1.0000
vn 0.0875 -0.5534 0.8283
vn -0.0192 0.1403 0.9899
vn 0.1099 -0.0004 -0.9939
vn -0.0698 -0.4477 -0.8915
vn -0.0924 -0.0200 -0.9955
vn 0.1080 0.0045 -0.9941
vn 0.4235 0.5320 -0.7332
vn -0.2798 -0.5316 -0.7995
vn -0.0698 -0.4478 -0.8914
vn 0.0728 -0.6186 -0.7823
vn -0.5194 -0.8545 -0.0005
vn -0.2796 -0.5316 -0.7995
vn -0.1862 -0.9825 -0.0005
vn -0.0699 -0.4476 0.8915
vn -0.2798 -0.5316 0.7995
vn 0.0728 -0.6188 -0.7822
vn 0.0737 -0.6381 -0.7664
vn -0.0503 -0.0014 -0.9987
vn 0.0063 -0.0004 -1.0000
vn 0.0112 -0.6168 -0.7870
vn 0.0132 -0.0005 -0.9999
vn 0.0737 -0.6382 -0.7663
vn 0.0161 -0.9999 -0.0005
vn 0.0113 -0.6168 -0.7870
vn 0.1187 -0.9929 -0.0006
vn 0.0737 -0.6382 0.7663
vn 0.0161 -0.9999 -0.0004
vn 0.1187 -0.9929 -0.0003
vn 0.0112 -0.6168 0.7870
vn 0.0113 -0.6168 0.7870
vn 0.0132 -0.0004 0.9999
vn 0.0738 -0.6381 0.7664
vn -0.0503 -0.0014 0.9987
vn 0.0728 -0.6188 0.7822
vn 0.0728 -0.6186 0.7823
vn -0.0698 -0.4478 0.8914
vn 0.1187 -0.9929 -0.0004
vn 0.1255 -0.9921 -0.0003
vn -0.0695 -0.4476 0.8915
vn 0.1256 -0.9921 -0.0005
vn -0.0696 -0.4476 -0.8915
vn 0.1187 -0.9929 -0.0005
vn 0.9755 -0.2201 -0.0005
vn -0.1822 -0.1097 0.9771
vn 0.9849 -0.1732 -0.0005
vn 0.9849 -0.1733 -0.0005
vn -0.0056 -0.1851 -0.9827
vn 0.2604 -0.9655 -0.0004
vn -0.0054 -0.1852 0.9827
vn 0.0092 -0.0004 1.0000
vn 0.0239 -0.9997 -0.0005
vn 0.0113 -0.6169 0.7870
vn 0.0181 -0.6063 0.7950
vn 0.0239 -0.9997 -0.0007
vn 0.0112 -0.6169 -0.7870
vn 0.0161 -0.9999 -0.0006
vn 0.0181 -0.6063 -0.7950
vn 0.0132 -0.0004 -0.9999
vn -0.3513 0.0965 -0.9313
vn -0.8983 0.4393 -0.0005
vn -0.8984 0.4393 -0.0004
vn -0.3640 0.1032 0.9257
vn -0.3513 0.0964 0.9313
vn 0.3747 0.3846 0.8436
vn 0.0464 -0.0013 0.9989
vn -0.3484 -0.4723 0.8097
vn 0.0210 -0.0004 0.9998
vn 0.3571 0.3749 0.8555
vn -0.3435 -0.4138 0.8431
vn 0.3785 0.3465 0.8583
vn -0.2798 -0.5316 0.7994
vn -0.6328 -0.7743 -0.0005
vn -0.5194 -0.8545 -0.0002
vn -0.2798 -0.5316 -0.7994
vn -0.3484 -0.4724 -0.8096
vn 0.0288 -0.0004 0.9996
vn -0.3414 -0.3960 0.8524
vn -0.3484 -0.4724 0.8096
vn -0.6551 -0.7556 -0.0005
vn -0.3484 -0.4723 -0.8096
vn 0.0493 -0.0013 0.9988
vn -0.3435 -0.4137 0.8431
vn -0.6670 -0.7451 -0.0003
vn -0.6551 -0.7555 -0.0003
vn -0.6670 -0.7451 -0.0005
vn 0.0757 -0.0023 0.9971
vn 0.4235 0.1491 0.8935
vn -0.4214 -0.3383 0.8414
vn -0.7642 -0.6450 -0.0004
vn -0.3931 -0.3705 0.8415
vn -0.4215 -0.3382 -0.8414
vn -0.3931 -0.3705 -0.8416
vn 0.1167 -0.0062 0.9931
vn 0.4497 0.1432 0.8816
vn 0.3082 -0.0062 0.9513
vn -0.4159 -0.3180 0.8520
vn 0.3248 -0.4517 0.8310
vn 0.3461 -0.4379 0.8297
vn 0.3248 -0.4516 -0.8310
vn 0.3461 -0.4379 -0.8297
vn 0.3248 -0.4517 -0.8309
vn 0.3462 -0.4379 0.8297
vn 0.3248 -0.4517 0.8309
vn 0.6659 -0.7460 -0.0005
vn 0.6236 -0.7817 -0.0004
vn -0.7939 -0.6081 -0.0005
vn -0.6650 -0.7469 -0.0005
vn -0.3453 -0.3392 -0.8750
vn -0.7939 -0.6080 -0.0004
vn -0.3453 -0.3394 0.8750
vn -0.0230 -0.0004 0.9997
vn 0.4781 -0.3148 0.8200
vn 0.4549 -0.3346 0.8253
vn 0.4781 -0.3149 0.8199
vn 0.8155 -0.5788 -0.0005
vn 0.8493 -0.5279 -0.0004
vn 0.4781 -0.3148 -0.8199
vn 0.8155 -0.5788 -0.0006
vn 0.8493 -0.5279 -0.0007
vn -0.0513 -0.0023 0.9987
vn 0.5114 -0.2856 0.8105
vn 0.5115 -0.2856 0.8104
vn 0.8494 -0.5278 -0.0002
vn 0.4781 -0.3147 0.8200
vn 0.8866 -0.4625 -0.0004
vn 0.5115 -0.2857 -0.8104
vn 0.8494 -0.5278 -0.0006
vn 0.8866 -0.4625 -0.0005
vn 0.4781 -0.3147 -0.8200
vn -0.0493 -0.0023 0.9988
vn 0.5497 -0.2242 0.8047
vn 0.5115 -0.2854 0.8105
vn 0.9396 -0.3424 -0.0005
vn -0.3337 -0.5036 -0.7969
vn -0.5262 -0.8504 -0.0008
vn -0.5369 -0.8436 -0.0007
vn -0.2876 -0.4349 -0.8533
vn -0.3337 -0.5036 0.7969
vn -0.5369 -0.8436 -0.0005
vn -0.5262 -0.8504 -0.0004
vn -0.2877 -0.4350 0.8532
vn 0.0102 -0.0004 0.9999
vn 0.0366 -0.0014 0.9993
vn -0.4237 -0.4597 0.7805
vn -0.0132 -0.0003 0.9999
vn -0.4237 -0.4598 0.7805
vn -0.5721 -0.8202 -0.0002
vn -0.6737 -0.7390 -0.0002
vn -0.4237 -0.4597 -0.7805
vn -0.5721 -0.8202 -0.0005
vn -0.6737 -0.7390 -0.0006
vn -0.7938 -0.6082 -0.0005
vn 0.0102 -0.0004 -0.9999
vn 0.0367 -0.0013 -0.9993
vn -0.3562 -0.4986 -0.7903
vn 0.9631 -0.2691 -0.0002
vn 0.6153 -0.2300 0.7540
vn 0.9631 -0.2691 -0.0005
vn 0.6006 -0.2545 -0.7580
vn 0.6153 -0.2300 -0.7540
vn -0.2877 -0.4350 -0.8532
vn -0.5369 -0.8436 -0.0006
vn -0.5721 -0.8202 -0.0006
vn -0.5369 -0.8436 -0.0002
vn -0.0279 0.0006 0.9996
vn 0.6268 -0.7792 -0.0005
vn -0.6169 0.7870 -0.0005
vn -0.6196 0.7849 -0.0005
vn -0.2829 0.3602 0.8890
vn -0.2830 0.3603 -0.8888
vn 0.1636 -0.2064 -0.9647
vn 0.4751 -0.6058 -0.6382
vn 0.4751 -0.6059 -0.6381
vn 0.6187 -0.7856 -0.0005
vn 0.6157 -0.7880 -0.0000
vn 0.4751 -0.6059 0.6381
vn 0.3523 -0.4450 0.8233
vn 0.3531 -0.4379 0.8268
vn 0.0024 -0.0003 1.0000
vn -0.3512 0.4334 0.8300
vn 0.4751 -0.6058 0.6382
vn 0.1636 -0.2064 0.9647
vn -0.2829 0.3603 0.8889
vn 0.6472 -0.7623 -0.0005
vn 0.6269 -0.7791 -0.0005
vn 0.3620 -0.4265 -0.8289
vn 0.3620 -0.4263 0.8290
vn 0.0025 -0.0004 1.0000
vn 0.0073 0.0006 1.0000
vn 0.0073 0.0007 1.0000
vn -0.3677 0.4216 0.8289
vn 0.0141 0.0006 0.9999
vn 0.0073 0.0008 -1.0000
vn -0.3678 0.4217 -0.8288
vn -0.6294 0.7770 -0.0007
vn -0.6560 0.7548 -0.0006
vn -0.3676 0.4216 -0.8289
vn -0.3979 0.3885 -0.8311
vn -0.6560 0.7548 -0.0008
vn -0.6295 0.7770 -0.0002
vn -0.6560 0.7548 -0.0005
vn -0.3510 0.4334 0.8300
vn -0.3981 0.3885 -0.8310
vn -0.3678 0.4214 -0.8290
vn 0.0142 0.0007 -0.9999
vn 0.0074 0.0006 -1.0000
vn 0.3873 -0.4038 -0.8288
vn 0.3620 -0.4264 -0.8289
vn 0.6949 -0.7191 -0.0005
vn 0.3620 -0.4264 0.8289
vn 0.3873 -0.4039 0.8288
vn 0.0074 0.0006 1.0000
vn -0.9322 0.3620 -0.0005
vn -0.4086 0.1178 0.9051
vn -0.8984 0.4393 -0.0005
vn -0.3511 0.0964 -0.9314
vn -0.3639 0.1032 0.9257
vn -0.9477 0.3192 -0.0005
vn -0.3641 0.1032 -0.9256
vn -0.3259 -0.0111 -0.9453
vn -0.9478 0.3190 -0.0005
vn -0.3260 -0.0111 0.9453
vn -0.3453 -0.3393 0.8750
vn -0.0698 -0.1714 0.9827
vn -0.6649 -0.7469 -0.0005
vn -0.0806 -0.9967 -0.0005
vn -0.0698 -0.1714 -0.9827
vn -0.3452 -0.3393 -0.8750
vn 0.2936 -0.9559 -0.0003
vn 0.2724 -0.4642 0.8428
vn 0.0738 -0.9973 -0.0004
vn 0.5342 -0.0543 0.8436
vn 0.0738 -0.9973 -0.0005
vn 0.9784 -0.2069 -0.0001
vn 0.2719 -0.4643 -0.8429
vn -0.4088 0.1178 -0.9050
vn -0.9322 0.3619 -0.0005
vn -0.9788 0.2049 -0.0005
vn -0.5154 0.1041 0.8506
vn -0.9999 0.0162 -0.0005
vn -0.5151 0.0076 0.8571
vn -0.4088 0.1178 0.9050
vn -0.5152 0.0074 -0.8570
vn -0.0201 -0.0130 0.9997
vn 0.2466 -0.9691 -0.0005
vn 0.1715 -0.9852 -0.0005
vn 0.1294 -0.5385 -0.8326
vn 0.1715 -0.9852 -0.0002
vn -0.0700 -0.1714 -0.9827
vn 0.1291 -0.5385 0.8327
vn 0.2936 -0.9559 -0.0005
vn 0.2466 -0.9691 -0.0004
vn 0.3306 -0.9438 -0.0005
vn 0.1519 -0.5338 -0.8319
vn 0.1703 -0.5291 -0.8313
vn 0.1520 -0.5337 0.8319
vn 0.2936 -0.9559 -0.0002
vn 0.4235 -0.3668 -0.8283
vn 0.7606 -0.6492 -0.0006
vn 0.4236 -0.3668 0.8283
vn 0.7607 -0.6491 -0.0004
vn 0.3873 -0.4038 0.8288
vn 0.3873 -0.4036 -0.8289
vn 0.4236 -0.3668 -0.8283
vn 0.7607 -0.6491 -0.0005
vn 0.4236 -0.3669 -0.8282
vn 0.8154 -0.5788 -0.0005
vn 0.8154 -0.5789 -0.0003
vn 0.4237 -0.3668 0.8282
vn 0.3873 -0.4036 0.8289
vn -0.5386 -0.0189 -0.8423
vn -0.6798 -0.7334 -0.0006
vn -0.6943 -0.7197 -0.0005
vn -0.4844 -0.1509 -0.8617
vn -0.6798 -0.7334 -0.0005
vn -0.5386 -0.0189 0.8423
vn -0.6943 -0.7196 -0.0005
vn -0.4844 -0.1509 0.8617
vn -0.8712 -0.4910 -0.0005
vn -0.6798 -0.7334 -0.0007
vn -0.8712 -0.4909 -0.0004
vn -0.4843 -0.1509 0.8618
vn -0.6798 -0.7334 -0.0004
vn -0.5830 -0.2768 0.7639
vn -0.2965 0.0201 0.9548
vn -0.1950 0.0123 0.9807
vn -0.5830 -0.2770 0.7638
vn -0.2965 0.0065 0.9550
vn -0.1949 0.0124 0.9807
vn 0.2106 0.7306 0.6495
vn 0.0200 0.8551 0.5181
vn -0.4253 0.0192 0.9048
vn -0.0874 0.8867 0.4540
vn -0.8187 -0.0307 0.5734
vn -0.6944 -0.7196 -0.0004
vn -1.0000 -0.0080 -0.0005
vn -0.8188 -0.0303 -0.5733
vn -0.6944 -0.7196 -0.0005
vn -1.0000 -0.0081 -0.0005
vn -0.5857 0.1326 -0.7996
vn -0.8188 -0.0307 -0.5733
vn -0.4253 0.0192 -0.9049
vn -0.0874 0.8867 -0.4540
vn 0.3728 -0.9279 -0.0007
vn 0.1706 -0.5291 -0.8313
vn 0.1706 -0.5291 0.8313
vn 0.3728 -0.9279 -0.0003
vn 0.1832 -0.6031 -0.7764
vn 0.1832 -0.6031 0.7763
vn 0.0738 -0.9973 -0.0002
vn 0.1587 -0.9873 -0.0004
vn -0.5152 0.0074 0.8570
vn -0.5928 -0.0747 0.8019
vn -0.5928 -0.0746 -0.8019
vn 0.1969 -0.5232 0.8292
vn 0.4404 -0.8978 -0.0003
vn 0.3729 -0.9279 -0.0005
vn 0.2387 -0.5063 0.8287
vn 0.4404 -0.8978 -0.0005
vn 0.1969 -0.5232 -0.8292
vn 0.3729 -0.9279 -0.0006
vn 0.2387 -0.5062 -0.8287
vn -0.7011 -0.1264 0.7018
vn -0.9880 -0.1547 -0.0005
vn -0.9953 -0.0971 -0.0004
vn -0.5928 -0.0747 -0.8019
vn -0.7011 -0.1264 -0.7018
vn 0.5213 -0.8534 -0.0006
vn 0.2845 -0.4781 -0.8309
vn 0.5213 -0.8534 -0.0004
vn 0.5827 -0.2035 -0.7868
vn -0.2204 -0.0532 -0.9740
vn 0.6151 -0.2300 -0.7541
vn 0.9631 -0.2691 -0.0001
vn 0.5826 -0.2036 0.7868
vn -0.2204 -0.0531 0.9740
vn 0.6151 -0.2300 0.7541
vn 0.9353 -0.3539 -0.0005
vn 0.6006 -0.2544 0.7580
vn 0.9352 -0.3541 -0.0005
vn 0.6006 -0.2546 0.7579
vn -0.1774 -0.1938 0.9649
vn -0.8866 -0.4626 -0.0005
vn -0.1774 -0.1938 -0.9649
vn 0.6006 -0.2547 -0.7579
vn 0.2848 -0.4781 0.8309
vn 0.5887 -0.8084 -0.0005
vn 0.5213 -0.8534 -0.0005
vn 0.2848 -0.4781 -0.8309
vn 0.3206 -0.4508 -0.8330
vn 0.6344 -0.7730 -0.0006
vn 0.3210 -0.4506 -0.8330
vn 0.5887 -0.8084 -0.0006
vn 0.3210 -0.4508 0.8329
vn 0.6344 -0.7730 -0.0004
vn 0.6747 -0.7381 -0.0003
vn 0.6747 -0.7381 -0.0007
vn 0.6344 -0.7730 -0.0005
vn 0.3814 -0.4145 -0.8262
vn -0.9999 -0.0101 -0.0004
vn 0.7705 -0.6375 -0.0005
vn 0.4481 -0.3707 0.8135
vn -0.9999 -0.0101 -0.0005
vn -0.3650 -0.0073 -0.9310
vn 0.7705 -0.6375 -0.0003
vn 0.4481 -0.3709 -0.8134
vn 0.7274 -0.6862 -0.0006
vn 0.3816 -0.4146 -0.8261
vn 0.6747 -0.7381 -0.0006
vn 0.4257 -0.3834 -0.8196
vn 0.7775 -0.6289 -0.0006
vn 0.7274 -0.6862 -0.0005
vn 0.7775 -0.6289 -0.0005
vn 0.3816 -0.4145 0.8262
vn 0.6747 -0.7381 -0.0005
vn 0.7776 -0.6288 -0.0006
vn 0.8077 -0.5896 -0.0007
vn 0.7775 -0.6288 -0.0005
vn 0.4724 -0.3638 0.8028
vn 0.8077 -0.5896 -0.0005
vn 0.8077 -0.5896 -0.0004
vn 0.8198 -0.5726 -0.0004
vn 0.4743 -0.3706 -0.7986
vn 0.8198 -0.5726 -0.0006
vn 0.4723 -0.3639 -0.8028
vn 0.4480 -0.3707 0.8136
vn 0.8230 -0.5680 -0.0005
vn 0.4685 -0.3735 0.8006
vn 0.7705 -0.6374 -0.0004
vn 0.8231 -0.5679 -0.0006
vn 0.7705 -0.6375 -0.0008
vn 0.4481 -0.3707 -0.8135
vn 0.4684 -0.3736 -0.8006
vn 0.4684 -0.3736 0.8006
vn 0.8230 -0.5680 -0.0004
vn 0.4743 -0.3706 0.7986
vn -0.0000 -0.0000 1.0000
vn 0.6678 -0.5807 0.4656
vn 0.7047 0.0007 0.7095
vn 0.1968 -0.6784 0.7078
vn -0.3257 -0.7876 0.5230
vn 0.8380 -0.5457 -0.0004
vn 0.6678 -0.5807 -0.4656
vn 0.5509 0.8346 -0.0005
vn 0.3259 0.7873 0.5233
vn -0.1968 0.6785 0.7077
vn -0.6681 0.5803 0.4658
vn -0.7047 -0.0015 0.7095
vn -0.5506 -0.8348 -0.0005
vn 0.7047 0.0007 -0.7096
vn 0.3259 0.7873 -0.5233
vn 0.0006 -0.0004 -1.0000
vn 0.1970 -0.6784 -0.7078
vn -0.1968 0.6785 -0.7077
vn -1.0000 -0.0015 -0.0005
vn -0.8381 0.5455 -0.0000
vn -0.6681 0.5803 -0.4658
vn -0.7047 -0.0015 -0.7095
vn -0.3257 -0.7876 -0.5230
vn 0.0004 -0.0003 -1.0000
vn -0.1969 0.6785 -0.7077
vn 0.1966 -0.6784 -0.7079
vt 0.250000 1.000000
vt 0.125000 1.000000
vt 0.000000 1.000000
vt 0.375000 1.000000
vt 0.500000 1.000000
vt 0.625000 1.000000
vt 0.750000 1.000000
vt 0.875000 1.000000
vt 1.000000 1.000000
vt 0.625000 0.125000
vt 0.500000 0.121528
vt 0.500000 0.000000
vt 0.625000 0.000000
vt 0.500000 0.215278
vt 0.625000 0.250000
vt 0.875000 0.625000
vt 0.875000 0.750000
vt 0.875000 0.500000
vt 0.375000 0.625000
vt 0.375000 0.541763
vt 0.375000 0.500000
vt 0.375000 0.708237
vt 0.375000 0.750000
vt 0.246528 0.625000
vt 0.125000 0.625000
vt 0.250000 0.500000
vt 0.125000 0.500000
vt 0.250000 0.750000
vt 0.125000 0.750000
vt 0.375000 0.250000
vt 0.375000 0.125000
vt 0.375000 0.000000
vt 0.000000 0.000000
vt 0.375000 0.875000
vt 0.375000 0.375000
vt 0.348958 0.482639
vt 0.278646 0.435764
vt 0.187500 0.375000
vt 0.187500 0.250000
vt 0.583333 0.708333
vt 0.619792 0.625000
vt 0.587674 0.712674
vt 0.614583 0.625000
vt 0.499688 0.748576
vt 0.498750 0.741701
vt 0.583333 0.541667
vt 0.587674 0.537326
vt 0.498750 0.508299
vt 0.499688 0.501424
vt 0.579765 0.545235
vt 0.609761 0.625000
vt 0.579765 0.704765
vt 0.657986 0.625000
vt 0.625000 0.500000
vt 0.625000 0.750000
vt 0.562500 0.687500
vt 0.576196 0.625000
vt 0.562500 0.562500
vt 0.504340 0.125000
vt 0.505208 0.250000
vt 0.840278 0.625000
vt 0.871528 0.625000
vt 0.750000 0.625000
vt 0.750000 0.750000
vt 0.750000 0.500000
vt 0.413194 0.125000
vt 0.416667 0.250000
vt 0.379340 0.125000
vt 0.380208 0.250000
vt 0.375000 0.538194
vt 0.375000 0.541667
vt 0.375000 0.711806
vt 0.375000 0.708333
vt 0.375000 0.739583
vt 0.375000 0.741319
vt 0.375000 0.508681
vt 0.375000 0.510417
vt 0.380208 0.375000
vt 0.500000 0.246528
vt 0.500000 0.250000
vt 0.416667 0.375000
vt 0.505208 0.375000
vt 0.416667 0.500000
vt 0.505208 0.500000
vt 0.379340 0.875000
vt 0.372396 0.499375
vt 0.374349 0.502656
vt 0.499688 0.735073
vt 0.378090 0.540417
vt 0.381181 0.625000
vt 0.376111 0.625000
vt 0.405000 0.530000
vt 0.378090 0.709583
vt 0.405000 0.720000
vt 0.499688 0.514927
vt 0.375000 0.504896
vt 0.375000 0.709583
vt 0.375000 0.740208
vt 0.375000 0.540417
vt 0.375000 0.509792
vt 0.500000 0.701196
vt 0.500000 0.548804
vt 0.500000 0.466146
vt 0.500000 0.783854
vt 0.374132 0.500000
vt 0.625000 0.375000
vt 0.500000 0.375000
vt 0.625000 0.875000
vt 0.500000 0.875000
vt 0.500000 0.284722
vt 0.500000 0.965278
vt 0.500000 0.996528
vt 0.500000 0.253472
vt 0.416667 0.625000
vt 0.505208 0.625000
vt 0.379028 0.509236
vt 0.379028 0.740764
vt 0.504340 0.875000
vt 0.413194 0.875000
vt 0.371528 0.625000
vt 0.423804 0.625000
vt 0.500000 0.625000
vt 0.437500 0.562500
vt 0.437500 0.687500
vt 0.411944 0.503090
vt 0.411945 0.746910
vt 0.375000 0.530000
vt 0.375000 0.720000
vt 0.374132 0.750000
vt 0.340278 0.625000
vt 0.375000 0.743819
vt 0.375000 0.506181
vt 0.375000 0.687500
vt 0.375000 0.562500
vt 0.416667 0.750000
vt 0.380208 0.750000
vt 0.380208 0.500000
vt 0.380208 0.625000
vt 0.375000 0.746910
vt 0.375000 0.748889
vt 0.625000 0.625000
vt 0.505208 0.750000
vt 0.418985 0.706015
vt 0.418985 0.543985
vt 0.375000 0.538195
vt 0.375000 0.744792
vt 0.375000 0.745104
vt 0.375000 0.545235
vt 0.375000 0.704765
vt 0.375000 0.740644
vt 0.375000 0.505208
vt 0.375000 0.509356
vt 0.128472 0.625000
vt 0.389614 0.625000
vt 0.159722 0.625000
vt 0.250000 0.625000
s 1
f 325/5/156 326/6/157 327/6/158
f 325/5/156 327/6/158 328/5/159
f 329/7/160 327/6/158 326/6/157
f 327/6/158 329/7/160 330/6/161
f 329/7/160 326/6/157 331/7/162
f 326/6/157 325/5/156 332/5/163
f 333/8/164 332/5/163 325/5/156
f 334/8/165 333/8/164 325/5/156
f 334/8/165 325/5/156 335/8/161
f 336/9/166 333/8/164 334/8/165
f 336/9/166 334/8/165 337/9/167
f 333/8/164 336/9/166 338/9/168
f 339/10/169 338/9/168 336/9/166
f 340/10/170 339/10/169 336/9/166
f 340/10/170 336/9/166 341/10/167
f 340/10/170 342/11/171 339/10/169
f 342/11/171 340/10/170 343/11/172
f 343/11/172 340/10/170 344/11/167
f 345/12/173 342/11/171 343/11/172
f 345/12/173 343/11/172 346/12/167
f 342/11/171 345/12/173 347/12/174
f 348/13/175 347/12/174 345/12/173
f 347/12/174 348/13/175 349/13/176
f 348/13/175 345/12/173 350/13/167
f 351/14/177 352/15/178 353/16/179
f 353/16/179 354/17/180 351/14/177
f 352/15/181 355/14/182 356/18/183
f 357/19/184 356/18/183 355/14/182
f 358/20/185 359/20/186 360/21/187
f 361/21/188 360/21/187 359/20/186
f 359/20/186 362/21/189 361/21/188
f 362/21/189 359/20/186 363/20/190
f 363/20/177 364/20/186 365/22/191
f 366/22/192 364/20/186 358/20/193
f 367/22/194 365/22/191 364/20/186
f 364/20/186 366/22/192 367/22/194
f 368/22/195 369/20/193 370/20/196
f 369/20/193 368/22/195 371/22/197
f 370/20/196 372/20/198 373/21/199
f 374/21/200 373/21/199 372/20/198
f 375/20/201 376/20/202 377/21/203
f 378/21/199 377/21/203 376/20/202
f 379/22/204 380/20/196 375/20/205
f 380/20/196 379/22/204 381/22/206
f 382/23/207 383/23/208 384/24/209
f 385/25/210 384/24/209 383/23/208
f 386/23/211 382/23/207 387/26/212
f 387/26/212 388/27/213 386/23/211
f 389/20/214 390/21/215 391/21/216
f 390/21/215 389/20/214 392/20/217
f 392/20/217 393/20/218 390/21/215
f 394/21/203 390/21/215 393/20/218
f 395/22/219 396/20/205 392/20/220
f 396/20/205 395/22/219 397/22/221
f 392/20/220 398/20/222 395/22/219
f 399/22/223 395/22/219 398/20/222
f 400/22/224 401/22/225 402/20/226
f 403/20/214 402/20/226 401/22/225
f 404/21/216 405/20/227 403/20/228
f 405/20/227 404/21/216 406/21/229
f 407/20/230 408/21/231 409/21/232
f 408/21/231 407/20/230 410/20/233
f 410/20/226 411/20/234 412/22/235
f 413/22/236 412/22/235 411/20/234
f 414/28/237 415/29/238 416/30/239
f 417/31/240 416/30/239 415/29/238
f 418/29/241 414/28/242 419/32/243
f 420/33/244 418/29/241 419/32/243
f 421/22/245 422/22/236 423/20/246
f 424/20/247 423/20/246 422/22/236
f 425/21/248 426/20/246 424/20/230
f 426/20/246 425/21/248 427/21/249
f 428/34/250 429/34/251 430/35/252
f 431/35/253 430/35/252 429/34/251
f 430/35/252 432/34/254 428/34/250
f 432/34/254 430/35/252 433/35/255
f 434/36/256 435/35/257 431/35/258
f 433/35/259 435/35/257 436/36/260
f 435/35/257 434/36/256 437/36/261
f 437/36/261 436/36/260 435/35/257
f 438/37/262 439/37/263 440/37/264
f 439/37/263 438/37/262 441/37/265
f 440/37/264 442/37/266 438/37/262
f 439/37/263 443/37/267 440/37/264
f 443/37/267 439/37/263 444/37/268
f 445/37/269 440/37/264 443/37/267
f 442/37/266 440/37/264 446/37/270
f 440/37/264 445/37/269 446/37/270
f 446/37/270 447/37/271 442/37/266
f 448/37/272 446/37/270 445/37/269
f 447/37/271 446/37/270 449/37/273
f 446/37/270 448/37/272 449/37/273
f 449/37/273 450/37/274 447/37/271
f 451/37/275 449/37/273 448/37/272
f 450/37/274 449/37/273 452/37/276
f 449/37/273 451/37/275 452/37/276
f 453/37/277 450/37/274 452/37/276
f 451/37/275 453/37/277 452/37/276
f 450/37/274 453/37/277 454/37/278
f 453/37/277 451/37/275 455/37/279
f 456/37/280 454/37/278 453/37/277
f 455/37/279 456/37/280 453/37/277
f 454/37/278 456/37/280 457/37/281
f 456/37/280 455/37/279 458/37/282
f 459/37/283 457/37/281 456/37/280
f 458/37/282 459/37/283 456/37/280
f 457/37/281 459/37/283 460/37/284
f 459/37/283 458/37/282 461/37/285
f 459/37/283 462/37/286 460/37/284
f 463/37/287 459/37/283 461/37/285
f 459/37/283 464/37/288 462/37/286
f 464/37/288 459/37/283 463/37/287
f 465/20/289 466/21/249 467/21/290
f 466/21/249 465/20/289 468/20/246
f 468/20/246 469/20/291 470/22/245
f 471/22/292 470/22/245 469/20/291
f 472/22/293 473/22/292 474/20/294
f 475/20/295 474/20/294 473/22/292
f 476/21/290 477/20/296 475/20/295
f 477/20/296 476/21/290 478/21/297
f 479/20/298 480/21/299 481/21/300
f 480/21/299 479/20/298 482/20/301
f 482/20/302 483/20/303 484/22/304
f 485/22/305 484/22/304 483/20/303
f 486/38/306 487/8/307 488/8/308
f 486/38/306 489/27/309 490/27/310
f 488/8/308 491/8/261 486/38/306
f 489/27/309 486/38/306 492/38/311
f 486/38/306 491/8/261 492/38/311
f 491/8/261 493/8/256 492/38/311
f 492/38/311 493/8/256 494/38/312
f 493/8/256 495/8/313 494/38/312
f 496/38/243 494/38/312 495/8/313
f 497/27/314 494/38/312 496/38/243
f 498/27/315 499/23/316 490/27/317
f 499/23/316 498/27/315 500/23/318
f 501/25/319 502/23/320 500/23/318
f 502/23/320 501/25/319 503/25/321
f 504/39/322 503/25/321 505/25/319
f 506/39/323 504/39/322 505/25/319
f 504/39/322 507/39/324 503/25/321
f 508/25/325 503/25/321 507/39/324
f 507/39/324 504/39/322 509/34/326
f 510/34/327 509/34/326 504/39/322
f 509/34/326 511/34/328 507/39/324
f 504/39/322 428/34/250 510/34/327
f 428/34/250 504/39/322 506/39/323
f 512/35/329 513/34/330 510/34/254
f 513/34/330 512/35/329 514/35/331
f 515/35/332 516/34/328 509/34/333
f 516/34/328 515/35/332 517/35/334
f 514/35/332 518/35/259 519/36/335
f 520/36/336 519/36/335 518/35/259
f 517/35/337 521/35/338 522/36/339
f 523/36/307 522/36/339 521/35/338
f 506/39/323 524/34/251 428/34/250
f 524/34/251 506/39/323 525/39/340
f 525/39/340 526/34/341 524/34/251
f 526/34/341 525/39/340 527/39/239
f 527/39/239 525/39/340 528/25/342
f 524/34/251 529/34/343 530/35/344
f 531/35/345 530/35/344 529/34/343
f 532/36/346 533/35/253 531/35/347
f 533/35/253 532/36/346 534/36/256
f 535/40/348 536/25/349 537/41/350
f 538/42/351 539/43/352 540/41/353
f 539/43/352 538/42/351 541/37/354
f 542/25/355 543/40/356 544/43/357
f 543/40/356 545/41/358 544/43/357
f 546/27/359 547/41/360 548/23/361
f 547/41/360 546/27/359 549/42/351
f 550/25/362 551/23/363 552/41/364
f 553/44/365 554/45/366 555/46/367
f 554/45/366 553/44/365 556/47/368
f 555/46/367 557/48/369 558/49/370
f 559/44/371 555/46/367 558/49/370
f 560/50/372 561/45/373 556/47/374
f 561/45/373 560/50/372 562/51/375
f 563/52/376 562/51/375 564/50/377
f 562/51/375 563/52/376 565/53/378
f 566/47/374 567/54/379 568/50/380
f 567/54/379 566/47/374 569/55/381
f 570/47/368 571/56/382 569/55/383
f 571/56/382 570/47/368 572/44/384
f 573/57/385 574/51/375 575/58/386
f 574/51/375 573/57/385 576/45/387
f 577/57/388 578/46/367 576/45/366
f 578/46/367 577/57/388 579/59/389
f 580/60/390 581/55/391 582/56/382
f 581/55/391 580/60/390 583/61/392
f 584/62/393 585/55/394 583/61/395
f 585/55/394 584/62/393 586/54/396
f 587/63/397 588/17/398 589/14/399
f 588/17/398 587/63/397 590/16/400
f 591/19/401 592/63/402 589/14/399
f 591/19/401 593/64/403 592/63/402
f 594/21/404 595/65/405 596/66/406
f 596/66/406 595/65/405 597/22/407
f 598/21/300 596/66/408 599/20/298
f 599/20/298 596/66/408 600/22/409
f 601/21/410 602/67/411 595/65/412
f 601/21/410 603/68/413 602/67/411
f 602/67/411 604/22/414 595/65/412
f 604/22/414 602/67/411 605/69/415
f 602/67/411 606/58/386 607/69/415
f 602/67/411 608/57/385 606/58/386
f 602/67/411 609/59/389 608/57/385
f 609/59/389 602/67/411 610/68/416
f 611/70/417 612/16/418 613/63/402
f 612/16/418 611/70/417 614/36/419
f 615/64/420 616/70/417 613/63/402
f 615/64/420 617/71/421 616/70/417
f 618/65/422 619/21/423 620/21/424
f 621/66/425 622/21/300 619/21/404
f 623/22/426 624/22/407 625/65/405
f 624/22/407 626/22/427 627/66/428
f 628/37/429 629/37/355 630/37/430
f 629/37/355 631/37/352 630/37/430
f 632/37/354 630/37/430 631/37/352
f 630/37/430 632/37/354 633/37/431
f 628/37/429 630/37/430 634/37/432
f 633/37/431 634/37/432 630/37/430
f 635/37/433 628/37/429 634/37/432
f 634/37/432 633/37/431 636/37/434
f 635/37/433 634/37/432 637/37/435
f 636/37/434 637/37/435 634/37/432
f 638/37/436 635/37/433 637/37/435
f 637/37/435 636/37/434 639/37/437
f 637/37/435 640/37/438 638/37/436
f 639/37/437 641/37/439 637/37/435
f 640/37/438 637/37/435 642/37/440
f 642/37/440 637/37/435 641/37/439
f 643/72/441 644/36/442 645/70/417
f 646/71/443 643/72/441 645/70/417
f 643/72/441 646/71/443 647/73/444
f 648/72/233 649/36/445 650/36/446
f 651/36/447 652/72/441 653/36/448
f 654/23/449 655/74/450 656/75/451
f 655/74/450 654/23/449 657/23/452
f 658/23/453 659/76/454 657/23/452
f 659/76/454 658/23/453 660/77/455
f 661/5/456 662/6/457 663/5/458
f 664/8/459 661/5/456 663/5/458
f 661/5/456 665/6/460 662/6/457
f 666/7/461 662/6/457 665/6/460
f 666/7/461 665/6/460 667/7/462
f 667/7/462 665/6/460 668/7/463
f 665/6/460 661/5/456 669/6/464
f 661/5/456 664/8/459 670/8/465
f 661/5/456 670/8/465 671/5/466
f 672/9/467 670/8/465 664/8/459
f 670/8/465 672/9/467 673/9/468
f 670/8/465 673/9/468 674/8/463
f 675/10/469 673/9/468 672/9/467
f 673/9/468 675/10/469 676/10/470
f 673/9/468 676/10/470 677/9/471
f 678/11/472 676/10/470 675/10/469
f 676/10/470 678/11/472 679/11/473
f 676/10/470 679/11/473 680/10/471
f 681/12/474 679/11/473 678/11/472
f 679/11/473 681/12/474 682/11/471
f 681/12/474 678/11/472 683/12/475
f 683/12/475 684/13/462 681/12/474
f 681/12/474 684/13/462 685/12/476
f 684/13/462 683/12/475 686/13/477
f 687/77/478 688/78/479 689/77/480
f 688/78/479 687/77/478 690/78/481
f 691/78/482 689/77/480 688/78/479
f 691/78/482 692/77/455 689/77/480
f 693/77/480 694/23/483 687/77/484
f 694/23/483 693/77/480 695/23/485
f 696/77/455 697/23/486 689/77/487
f 697/23/486 696/77/455 698/23/488
f 699/79/489 700/77/455 691/78/490
f 701/76/491 700/77/455 699/79/489
f 702/75/451 703/23/492 698/23/493
f 703/23/492 702/75/451 704/75/494
f 705/27/495 706/23/496 701/76/491
f 706/23/496 705/27/495 707/23/497
f 708/25/498 709/23/499 707/23/500
f 709/23/499 708/25/498 710/74/501
f 711/80/502 712/75/451 710/74/501
f 712/75/451 711/80/502 713/81/503
f 713/81/504 704/75/494 714/75/451
f 704/75/494 713/81/504 715/81/505
f 715/81/505 716/75/506 704/75/494
f 716/75/506 715/81/505 717/81/507
f 718/23/508 719/75/494 716/75/509
f 719/75/494 718/23/508 695/23/510
f 720/82/511 721/34/512 722/73/444
f 721/34/512 720/82/511 723/39/513
f 724/34/514 725/72/441 722/73/444
f 725/72/441 724/34/514 726/35/515
f 727/36/516 728/72/441 726/35/515
f 728/72/441 727/36/516 729/36/448
f 730/35/517 731/35/518 732/36/519
f 733/36/520 732/36/519 731/35/518
f 734/34/521 735/35/522 730/35/523
f 735/35/522 734/34/521 736/34/524
f 737/39/525 738/39/526 736/34/527
f 738/39/526 737/39/525 739/25/528
f 740/34/529 736/34/527 738/39/526
f 739/25/528 741/25/530 738/39/526
f 742/39/531 738/39/526 741/25/530
f 738/39/526 742/39/531 740/34/529
f 741/25/530 508/25/325 742/39/531
f 507/39/324 742/39/531 508/25/325
f 742/39/531 507/39/324 511/34/328
f 511/34/328 740/34/529 742/39/531
f 743/23/532 744/25/533 508/25/325
f 744/25/533 743/23/532 745/23/534
f 746/35/535 747/34/529 511/34/328
f 747/34/529 746/35/535 748/35/536
f 749/35/537 750/34/538 740/34/529
f 750/34/538 749/35/537 751/35/539
f 748/35/540 752/35/337 753/36/541
f 754/36/542 753/36/541 752/35/337
f 751/35/543 755/35/544 756/36/545
f 757/36/541 756/36/545 755/35/544
f 758/83/546 759/19/547 760/19/548
f 761/84/549 762/83/546 763/19/197
f 764/19/194 763/19/197 762/83/546
f 765/36/550 766/16/551 767/63/552
f 765/36/550 767/63/552 768/70/553
f 767/63/552 769/71/554 768/70/553
f 769/71/554 767/63/552 770/64/555
f 770/64/555 771/85/556 769/71/554
f 771/85/556 770/64/555 772/86/557
f 772/86/557 773/87/558 771/85/556
f 773/87/558 772/86/557 774/88/559
f 775/19/560 776/83/561 777/18/562
f 778/28/563 779/29/564 780/30/565
f 781/31/566 780/30/565 779/29/564
f 778/28/567 782/32/568 783/29/569
f 784/33/570 783/29/569 782/32/568
f 785/23/571 786/75/572 787/75/573
f 786/75/572 785/23/571 788/23/574
f 788/23/575 789/23/576 790/77/577
f 791/77/578 790/77/577 789/23/576
f 792/28/579 793/29/580 794/30/581
f 795/31/582 794/30/581 793/29/580
f 796/29/583 792/28/584 797/32/585
f 798/33/586 796/29/583 797/32/585
f 799/23/587 800/25/588 801/23/589
f 800/25/588 799/23/587 802/25/590
f 803/38/591 804/27/592 805/27/593
f 804/27/592 803/38/591 806/38/594
f 807/8/595 806/38/594 803/38/591
f 806/38/594 807/8/595 808/8/596
f 809/38/597 810/8/598 807/8/595
f 810/8/598 809/38/597 811/89/599
f 812/25/600 802/25/601 813/39/602
f 813/39/602 802/25/601 814/39/603
f 813/39/602 814/39/603 815/34/604
f 815/34/604 814/39/603 816/34/605
f 815/34/604 817/34/606 818/35/607
f 819/35/608 818/35/607 817/34/606
f 820/36/609 821/35/610 819/35/611
f 821/35/610 820/36/609 822/36/595
f 823/90/612 824/25/613 825/91/614
f 824/25/613 823/90/612 826/40/348
f 827/56/382 828/49/615 829/92/616
f 828/49/615 827/56/382 830/44/617
f 831/93/618 832/94/619 833/95/620
f 832/94/619 831/93/618 834/96/621
f 835/23/622 836/93/623 833/95/624
f 836/93/623 835/23/622 837/75/509
f 838/97/625 839/23/626 833/95/627
f 839/23/626 838/97/625 840/77/628
f 841/94/629 842/97/630 833/95/624
f 842/97/630 841/94/629 843/98/631
f 844/50/380 845/54/379 846/52/376
f 847/99/632 846/52/376 845/54/379
f 848/23/633 849/27/634 850/27/635
f 849/27/634 848/23/633 851/23/636
f 852/27/637 848/23/633 850/27/635
f 848/23/633 852/27/637 853/23/638
f 854/25/639 855/23/640 853/23/641
f 855/23/640 856/25/601 851/23/636
f 855/23/640 854/25/639 857/25/642
f 856/25/601 855/23/640 857/25/642
f 858/38/594 850/27/643 859/27/644
f 850/27/643 858/38/594 860/38/645
f 861/8/646 860/38/645 858/38/594
f 860/38/645 862/27/647 850/27/643
f 860/38/645 861/8/646 863/8/648
f 863/8/648 864/38/649 860/38/645
f 862/27/647 860/38/645 864/38/649
f 864/38/649 863/8/648 865/8/650
f 864/38/649 866/27/651 862/27/647
f 866/27/651 864/38/649 867/38/652
f 865/8/650 867/38/652 864/38/649
f 867/38/652 865/8/650 868/8/653
f 869/27/654 870/23/638 862/27/655
f 870/23/638 869/27/654 871/23/656
f 872/25/657 873/23/638 871/23/656
f 873/23/638 872/25/657 874/25/658
f 874/25/658 875/25/659 876/39/660
f 877/39/661 876/39/660 875/25/659
f 876/39/660 877/39/661 878/34/662
f 879/34/663 878/34/662 877/39/661
f 878/34/662 880/34/664 876/39/660
f 881/35/665 882/34/662 879/34/666
f 882/34/662 881/35/665 883/35/667
f 884/36/650 883/35/668 885/35/665
f 886/36/669 884/36/650 885/35/665
f 887/39/670 876/39/660 880/34/664
f 876/39/660 887/39/670 874/25/658
f 880/34/664 888/34/606 887/39/670
f 857/25/671 874/25/658 887/39/670
f 889/39/603 887/39/670 888/34/606
f 887/39/670 889/39/603 857/25/671
f 890/25/601 857/25/671 889/39/603
f 888/34/606 891/34/664 892/35/672
f 893/35/673 892/35/672 891/34/664
f 891/34/664 894/35/674 893/35/673
f 894/35/674 891/34/664 878/34/675
f 893/35/676 895/35/677 896/36/648
f 897/36/678 896/36/648 895/35/677
f 896/36/648 898/35/679 893/35/676
f 898/35/679 896/36/648 899/36/680
f 900/91/681 901/40/348 902/90/682
f 903/25/613 904/25/683 905/91/614
f 906/100/684 905/91/614 904/25/683
f 907/13/685 908/12/686 909/13/687
f 910/11/688 911/11/689 912/10/690
f 908/12/686 911/11/689 910/11/688
f 908/12/686 913/13/691 909/13/687
f 912/10/690 914/11/688 910/11/688
f 910/11/688 914/11/688 908/12/686
f 914/11/688 912/10/690 915/10/692
f 916/9/693 915/10/692 912/10/690
f 914/11/688 917/12/694 908/12/686
f 913/13/691 908/12/686 917/12/694
f 915/10/692 918/11/695 914/11/688
f 917/12/694 914/11/688 918/11/695
f 919/12/696 913/13/691 917/12/694
f 917/12/694 918/11/695 919/12/696
f 913/13/691 919/12/696 920/13/697
f 919/12/696 921/13/698 920/13/697
f 916/9/693 922/10/699 915/10/692
f 918/11/695 915/10/692 922/10/699
f 921/13/698 919/12/696 923/12/700
f 924/11/701 919/12/696 918/11/695
f 919/12/696 924/11/701 923/12/700
f 922/10/699 924/11/701 918/11/695
f 921/13/698 923/12/700 925/12/702
f 924/11/701 925/12/702 923/12/700
f 926/13/703 921/13/698 925/12/702
f 924/11/701 922/10/699 927/10/704
f 926/13/703 925/12/702 928/12/705
f 929/13/706 926/13/703 928/12/705
f 925/12/702 924/11/701 930/11/707
f 930/11/707 928/12/705 925/12/702
f 928/12/705 931/13/708 929/13/706
f 924/11/701 932/10/709 930/11/707
f 932/10/709 924/11/701 927/10/704
f 928/12/705 930/11/707 933/11/710
f 934/10/711 930/11/707 932/10/709
f 930/11/707 934/10/711 933/11/710
f 935/9/712 932/10/709 927/10/704
f 922/10/699 935/9/712 927/10/704
f 936/11/713 928/12/705 933/11/710
f 934/10/711 936/11/713 933/11/710
f 936/11/713 937/12/714 928/12/705
f 931/13/708 928/12/705 937/12/714
f 938/9/715 935/9/712 922/10/699
f 922/10/699 916/9/693 938/9/715
f 916/9/693 939/8/716 938/9/715
f 939/8/716 935/9/712 938/9/715
f 916/9/693 940/8/717 939/8/716
f 935/9/712 939/8/716 941/8/718
f 941/8/718 939/8/716 942/5/719
f 942/5/719 943/8/720 941/8/718
f 941/8/718 943/8/720 935/9/712
f 935/9/712 943/8/720 944/9/721
f 932/10/709 935/9/712 944/9/721
f 944/9/721 934/10/711 932/10/709
f 943/8/720 945/9/722 944/9/721
f 934/10/711 944/9/721 945/9/722
f 945/9/722 943/8/720 946/8/723
f 946/8/723 947/9/724 945/9/722
f 945/9/722 947/9/724 934/10/711
f 947/9/724 946/8/723 948/8/725
f 947/9/724 948/8/725 949/8/726
f 934/10/711 947/9/724 950/10/727
f 936/11/713 934/10/711 950/10/727
f 947/9/724 949/8/726 951/9/728
f 949/8/726 952/8/729 951/9/728
f 947/9/724 953/10/730 950/10/727
f 953/10/730 947/9/724 951/9/728
f 950/10/727 954/11/731 936/11/713
f 954/11/731 950/10/727 953/10/730
f 954/11/731 937/12/714 936/11/713
f 951/9/728 952/8/729 955/9/732
f 951/9/728 955/9/732 953/10/730
f 952/8/729 956/9/733 955/9/732
f 953/10/730 955/9/732 957/10/734
f 957/10/734 955/9/732 956/9/733
f 957/10/734 954/11/731 953/10/730
f 957/10/734 956/9/733 958/10/735
f 956/9/733 959/10/736 958/10/735
f 954/11/731 957/10/734 960/11/737
f 961/11/738 957/10/734 958/10/735
f 957/10/734 961/11/738 960/11/737
f 962/12/739 954/11/731 960/11/737
f 961/11/738 962/12/739 960/11/737
f 937/12/714 954/11/731 963/12/740
f 954/11/731 962/12/739 963/12/740
f 931/13/708 937/12/714 963/12/740
f 964/13/741 931/13/708 963/12/740
f 963/12/740 965/13/742 964/13/741
f 965/13/742 963/12/740 962/12/739
f 962/12/739 966/13/743 965/13/742
f 961/11/738 967/12/744 962/12/739
f 966/13/743 962/12/739 967/12/744
f 958/10/735 968/11/745 961/11/738
f 968/11/745 967/12/744 961/11/738
f 968/11/745 958/10/735 959/10/736
f 969/77/577 970/77/746 971/23/747
f 972/23/748 971/23/747 970/77/746
f 973/75/749 974/23/750 972/23/751
f 974/23/750 973/75/749 975/75/572
f 969/77/577 976/78/752 977/77/746
f 976/78/752 969/77/577 978/78/753
f 979/77/578 980/78/753 969/77/754
f 980/78/753 979/77/578 981/78/755
f 982/81/756 975/75/757 983/75/749
f 975/75/757 982/81/756 984/81/758
f 985/81/758 986/75/759 975/75/757
f 986/75/759 985/81/758 987/81/760
f 981/78/761 988/77/578 989/101/762
f 990/102/763 981/78/761 989/101/762
f 991/77/764 992/23/765 989/101/766
f 992/23/765 991/77/764 993/23/576
f 994/75/767 995/23/768 993/23/769
f 995/23/768 994/75/767 996/103/770
f 996/103/770 987/81/771 997/104/772
f 987/81/771 996/103/770 998/75/759
f 999/92/773 1000/60/774 1001/56/775
f 1000/60/774 999/92/773 1002/105/776
f 1003/54/379 1004/62/777 1005/99/778
f 1006/106/779 1005/99/778 1004/62/777
f 1007/34/780 1008/34/781 1009/35/782
f 1010/35/783 1009/35/782 1008/34/781
f 1011/36/784 1012/35/785 1010/35/786
f 1012/35/785 1011/36/784 1013/36/787
f 1014/39/788 1015/34/789 1007/34/790
f 1015/34/789 1014/39/788 1016/39/791
f 1016/39/791 1014/39/788 1017/25/792
f 1018/58/793 1019/53/794 1020/107/795
f 1019/53/794 1018/58/793 1021/51/375
f 1022/108/796 1023/48/369 1024/59/389
f 1025/46/367 1024/59/389 1023/48/369
f 966/13/743 967/12/744 1026/12/797
f 967/12/744 968/11/745 1026/12/797
f 1027/13/697 966/13/743 1026/12/797
f 1026/12/797 1028/13/798 1027/13/697
f 1029/11/799 1026/12/797 968/11/745
f 959/10/736 1029/11/799 968/11/745
f 1028/13/798 1026/12/797 1030/12/800
f 1029/11/799 1030/12/800 1026/12/797
f 1028/13/798 1030/12/800 1031/12/801
f 1032/13/802 1028/13/798 1031/12/801
f 1033/11/803 1030/12/800 1029/11/799
f 1030/12/800 1033/11/803 1031/12/801
f 1029/11/799 959/10/736 1034/10/804
f 1034/10/804 1033/11/803 1029/11/799
f 959/10/736 1035/9/805 1034/10/804
f 1031/12/801 1036/12/806 1032/13/802
f 1033/11/803 1036/12/806 1031/12/801
f 1037/13/807 1032/13/802 1036/12/806
f 1035/9/805 1038/10/808 1034/10/804
f 1033/11/803 1034/10/804 1038/10/808
f 1038/10/808 1035/9/805 1039/9/809
f 1039/9/809 1040/10/810 1038/10/808
f 1040/10/810 1033/11/803 1038/10/808
f 1040/10/810 1039/9/809 1041/9/811
f 1036/12/806 1033/11/803 1042/11/812
f 1033/11/803 1040/10/810 1042/11/812
f 1036/12/806 1043/12/813 1037/13/807
f 1042/11/812 1043/12/813 1036/12/806
f 1044/13/814 1037/13/807 1043/12/813
f 1041/9/811 1045/10/815 1040/10/810
f 1045/10/815 1042/11/812 1040/10/810
f 1045/10/815 1041/9/811 1046/9/816
f 1043/12/813 1042/11/812 1047/11/817
f 1042/11/812 1045/10/815 1047/11/817
f 1043/12/813 1048/12/818 1044/13/814
f 1047/11/817 1048/12/818 1043/12/813
f 1049/13/819 1044/13/814 1048/12/818
f 1046/9/816 1050/10/820 1045/10/815
f 1050/10/820 1047/11/817 1045/10/815
f 1050/10/820 1046/9/816 1051/9/821
f 1048/12/818 1047/11/817 1052/11/822
f 1047/11/817 1050/10/820 1052/11/822
f 1048/12/818 1053/12/823 1049/13/819
f 1052/11/822 1053/12/823 1048/12/818
f 1054/13/824 1049/13/819 1053/12/823
f 1051/9/821 1055/10/825 1050/10/820
f 1055/10/825 1052/11/822 1050/10/820
f 1055/10/825 1051/9/821 1056/9/826
f 1056/9/826 1057/10/827 1055/10/825
f 1052/11/822 1055/10/825 1058/11/828
f 1053/12/823 1052/11/822 1058/11/828
f 1057/10/827 1058/11/828 1055/10/825
f 1053/12/823 1059/12/829 1054/13/824
f 1058/11/828 1059/12/829 1053/12/823
f 1058/11/828 1057/10/827 1060/11/830
f 1059/12/829 1058/11/828 1060/11/830
f 1061/13/831 1054/13/824 1059/12/829
f 1057/10/827 1062/11/832 1060/11/830
f 1062/11/832 1059/12/829 1060/11/830
f 1062/11/832 1057/10/827 1063/10/833
f 1063/10/833 1064/11/834 1062/11/832
f 1059/12/829 1062/11/832 1065/12/835
f 1065/12/835 1061/13/831 1059/12/829
f 1064/11/834 1065/12/835 1062/11/832
f 1066/13/836 1061/13/831 1065/12/835
f 1065/12/835 1064/11/834 1067/12/837
f 1065/12/835 1068/13/838 1066/13/836
f 1068/13/838 1065/12/835 1067/12/837
f 1069/40/348 1070/91/839 1071/25/268
f 1072/100/840 1073/25/268 1074/91/839
f 1075/35/515 1076/36/841 1077/36/842
f 1076/36/841 1075/35/515 1078/35/843
f 1079/35/515 1080/34/844 1078/35/845
f 1080/34/844 1079/35/515 1081/34/846
f 1082/39/513 1083/34/844 1081/34/512
f 1083/34/844 1082/39/513 1084/39/847
f 1084/39/847 1085/34/848 1083/34/844
f 1085/34/848 1084/39/847 1086/39/849
f 1086/39/849 1084/39/847 1087/25/850
f 1088/34/582 1089/35/851 1083/34/844
f 1090/35/852 1089/35/851 1088/34/582
f 1091/25/853 1092/39/854 1082/39/513
f 1092/39/854 1091/25/853 1093/109/855
f 1094/36/856 1095/35/857 1090/35/858
f 1095/35/857 1094/36/856 1096/36/841
f 1097/79/761 1098/77/746 1099/78/752
f 1098/77/746 1097/79/761 1100/76/859
f 1101/23/860 1100/76/859 1102/27/861
f 1103/23/862 1101/23/860 1102/27/861
f 1098/77/863 1104/76/864 1105/23/865
f 1106/23/866 1105/23/865 1104/76/864
f 1107/25/867 1108/23/868 1103/23/869
f 1108/23/868 1107/25/867 1109/74/870
f 1110/74/871 1111/23/872 1106/23/873
f 1111/23/872 1110/74/871 1112/75/749
f 1113/80/771 1112/75/874 1109/74/871
f 1112/75/874 1113/80/771 1114/81/756
f 1115/110/875 1116/107/795 1117/111/876
f 1116/107/795 1115/110/875 1118/58/793
f 1119/112/413 1120/108/877 1121/59/389
f 1122/113/878 1120/108/877 1119/112/413
f 1123/19/879 1124/111/876 1125/114/880
f 1124/111/876 1123/19/879 1126/110/881
f 1127/10/882 1128/113/878 1129/112/413
f 1130/115/883 1128/113/878 1127/10/882
f 1131/9/884 1132/116/885 1133/10/300
f 1133/10/300 1132/116/885 1134/10/404
f 1135/114/886 1136/19/407 1137/19/887
f 1138/117/888 1139/19/889 1136/19/407
f 1140/19/305 1141/117/888 1142/84/890
f 1143/10/404 1144/115/891 1145/10/892
f 1146/19/407 1147/114/893 1148/117/894
f 1149/116/895 1150/115/891 1151/10/404
f 1152/36/896 1153/16/897 1154/63/898
f 1152/36/896 1154/63/898 1155/70/899
f 1154/63/898 1156/71/900 1155/70/899
f 1156/71/900 1154/63/898 1157/64/901
f 1158/86/902 1156/71/900 1157/64/901
f 1156/71/900 1158/86/902 1159/85/903
f 1160/88/904 1159/85/903 1158/86/902
f 1159/85/903 1160/88/904 1161/87/905
f 1160/88/904 1162/118/906 1161/87/905
f 1163/16/897 1164/14/907 1154/63/908
f 1163/16/897 1165/17/909 1164/14/907
f 1164/14/907 1166/64/901 1154/63/908
f 1166/64/901 1164/14/907 1167/19/910
f 1168/110/911 1166/64/901 1167/19/910
f 1166/64/901 1168/110/911 1169/86/902
f 1170/58/912 1169/86/902 1168/110/911
f 1169/86/902 1170/58/912 1171/88/913
f 1170/58/912 1172/119/914 1171/88/913
f 1173/74/915 1174/25/916 1175/80/502
f 1174/25/916 1173/74/915 1176/25/498
f 1177/27/495 1178/76/917 1179/27/918
f 1179/27/918 1178/76/917 1180/79/489
f 1181/93/618 1182/81/507 1183/120/919
f 1182/81/507 1181/93/618 1184/75/509
f 1185/78/481 1186/97/630 1187/121/920
f 1186/97/630 1185/78/481 1188/77/628
f 1189/85/921 1190/73/922 1191/71/923
f 1190/73/922 1189/85/921 1192/82/511
f 1193/86/924 1194/71/923 1195/64/403
f 1194/71/923 1193/86/924 1196/85/925
f 1197/110/926 1198/64/927 1199/19/928
f 1198/64/927 1197/110/926 1200/86/929
f 1201/9/400 1202/112/930 1203/10/931
f 1202/112/930 1201/9/400 1204/122/932
f 1205/8/933 1206/122/934 1207/9/935
f 1206/122/934 1205/8/933 1208/123/936
f 1209/123/936 1210/8/933 1211/8/448
f 1212/23/937 1213/25/938 1214/25/939
f 1213/25/938 1212/23/937 1215/23/940
f 1216/23/941 1217/27/942 1215/23/940
f 1217/27/942 1216/23/941 1218/27/943
f 1219/39/661 1214/25/659 1220/25/944
f 1221/39/945 1219/39/661 1220/25/944
f 1222/34/946 1219/39/661 1221/39/945
f 1223/34/947 1222/34/946 1221/39/945
f 1221/39/945 1224/34/948 1223/34/947
f 1224/34/948 1221/39/945 1225/39/949
f 1220/25/944 1225/39/949 1221/39/945
f 1225/39/949 1220/25/944 1226/25/950
f 1227/35/951 1228/34/952 1224/34/953
f 1228/34/952 1227/35/951 1229/35/954
f 1230/35/954 1231/34/955 1223/34/956
f 1231/34/955 1230/35/954 1232/35/665
f 1229/35/954 1233/35/957 1234/36/958
f 1235/36/959 1234/36/958 1233/35/957
f 1232/35/960 1236/35/954 1237/36/961
f 1238/36/962 1237/36/961 1236/35/954
f 1239/8/448 1240/8/842 1241/89/963
f 1242/38/964 1241/89/963 1240/8/842
f 1243/35/951 1244/36/965 1245/36/966
f 1244/36/965 1243/35/951 1246/35/782
f 1246/35/967 1247/35/951 1248/34/968
f 1249/34/969 1248/34/968 1247/35/951
f 1250/39/970 1251/34/790 1249/34/971
f 1251/34/790 1250/39/970 1252/39/972
f 1252/39/972 1253/39/973 1254/109/974
f 1253/39/973 1255/25/950 1254/109/974
f 1256/23/975 1257/109/974 1255/25/950
f 1257/109/974 1256/23/975 1258/124/976
f 1259/8/966 1260/8/977 1261/38/978
f 1261/38/978 1260/8/977 1262/38/979
f 1263/125/980 1264/106/981 1265/126/982
f 1264/106/981 1263/125/980 1266/127/983
f 1267/125/980 1265/126/984 1268/105/985
f 1269/128/986 1267/125/980 1268/105/985
f 1270/61/392 1271/105/987 1265/126/738
f 1271/105/987 1270/61/392 1272/60/988
f 1273/61/392 1265/126/989 1274/106/990
f 1274/106/990 1275/62/991 1273/61/392
f 1276/129/992 1277/93/993 1278/120/919
f 1277/93/993 1276/129/992 1279/96/994
f 1280/130/995 1281/97/996 1282/98/631
f 1281/97/996 1280/130/995 1283/121/997
f 1284/27/998 1285/76/859 1286/79/755
f 1285/76/859 1284/27/998 1287/27/999
f 1288/74/1000 1289/25/1001 1290/80/760
f 1289/25/1001 1288/74/1000 1291/25/1002
f 1292/103/1003 1293/23/1004 1294/23/1005
f 1293/23/1004 1292/103/1003 1295/131/1006
f 1296/23/1007 1297/101/762 1294/23/768
f 1297/101/762 1296/23/1007 1298/132/1008
f 1299/8/977 1300/8/1009 1301/38/1010
f 1302/38/1011 1301/38/1010 1300/8/1009
f 1303/27/1012 1301/38/1010 1302/38/1011
f 1304/36/1013 1305/36/1014 1306/72/1015
f 1307/122/1016 1308/8/1017 1309/123/1018
f 1308/8/1017 1307/122/1016 1310/9/1019
f 1311/96/994 1312/53/378 1313/52/1020
f 1312/53/378 1311/96/994 1314/129/992
f 1315/49/1021 1316/48/1022 1317/98/631
f 1316/48/1022 1318/130/995 1317/98/631
f 1319/23/1023 1320/109/1024 1321/25/1025
f 1320/109/1024 1319/23/1023 1322/124/1026
f 1323/23/1027 1324/133/1028 1322/124/1029
f 1324/133/1028 1323/23/1027 1325/27/1030
f 1326/25/1031 1322/124/1032 1327/134/1033
f 1327/134/1033 1322/124/1032 1328/27/1034
f 1327/134/1033 1329/27/1034 1330/32/1035
f 1330/32/1035 1331/28/1036 1327/134/1033
f 1331/28/1036 1332/30/1037 1327/134/1033
f 1333/25/1031 1327/134/1033 1332/30/1037
f 1334/27/1038 1335/124/1032 1336/133/1039
f 1337/38/1040 1334/27/1038 1336/133/1039
f 1338/124/1041 1339/25/1042 1340/109/1043
f 1339/25/1042 1341/39/1044 1340/109/1043
f 1342/85/1045 1343/73/1046 1344/71/1047
f 1343/73/1046 1342/85/1045 1345/82/1048
f 1346/8/1049 1347/8/1050 1348/123/1051
f 1349/135/1052 1350/102/763 1351/132/1053
f 1350/102/763 1352/101/766 1351/132/1053
f 1353/104/772 1354/131/1054 1355/103/770
f 1354/131/1054 1353/104/772 1356/136/1055
f 1357/70/1056 1358/72/1057 1359/36/1058
f 1360/71/1059 1361/72/1060 1357/70/1061
f 1361/72/1060 1360/71/1059 1362/73/1046
f 1358/72/1062 1363/35/1063 1364/36/1013
f 1365/36/1064 1364/36/1013 1363/35/1063
f 1366/73/1046 1367/35/1063 1358/72/1057
f 1367/35/1063 1366/73/1046 1368/34/1065
f 1369/91/1066 1370/136/1067 1371/90/1068
f 1372/8/1069 1373/8/1070 1374/9/805
f 1374/9/805 1373/8/1070 1375/116/1071
f 1376/9/805 1377/8/1072 1372/8/1073
f 1377/8/1072 1376/9/805 1378/9/1071
f 1379/10/300 1378/9/1071 1376/9/805
f 1378/9/1071 1380/8/1074 1377/8/1072
f 1378/9/1071 1379/10/300 1381/10/1075
f 1380/8/1074 1378/9/1071 1382/9/1051
f 1381/10/1075 1382/9/1051 1378/9/1071
f 1382/9/1051 1383/8/1076 1380/8/1074
f 1382/9/1051 1381/10/1075 1384/10/1077
f 1383/8/1076 1382/9/1051 1385/9/591
f 1384/10/1077 1385/9/591 1382/9/1051
f 1385/9/591 1386/8/1078 1383/8/1076
f 1385/9/591 1384/10/1077 1387/10/1079
f 1386/8/1078 1385/9/591 1388/9/1080
f 1387/10/1079 1388/9/1080 1385/9/591
f 1388/9/1080 1389/8/1081 1386/8/1078
f 1388/9/1080 1387/10/1079 1390/10/1082
f 1389/8/1081 1388/9/1080 1391/9/1083
f 1390/10/1082 1391/9/1083 1388/9/1080
f 1391/9/1083 1392/8/1084 1389/8/1081
f 1391/9/1083 1390/10/1082 1393/10/229
f 1392/8/1084 1391/9/1083 1394/9/1085
f 1393/10/229 1394/9/1085 1391/9/1083
f 1394/9/1085 1395/8/1086 1392/8/1084
f 1394/9/1085 1393/10/229 1396/10/216
f 1395/8/1086 1394/9/1085 1397/9/1087
f 1396/10/216 1397/9/1087 1394/9/1085
f 1397/9/1087 1398/8/1088 1395/8/1086
f 1397/9/1087 1396/10/216 1399/10/215
f 1398/8/1088 1397/9/1087 1400/9/1089
f 1399/10/215 1400/9/1089 1397/9/1087
f 1400/9/1089 1401/8/1090 1398/8/1088
f 1400/9/1089 1399/10/215 1402/10/1091
f 1401/8/1090 1400/9/1089 1403/9/1092
f 1402/10/1091 1403/9/1092 1400/9/1089
f 1403/9/1092 1404/8/1093 1401/8/1090
f 1403/9/1092 1402/10/1091 1405/10/1094
f 1404/8/1093 1403/9/1092 1406/9/1095
f 1405/10/1094 1406/9/1095 1403/9/1092
f 1406/9/1095 1407/8/1096 1404/8/1093
f 1406/9/1095 1405/10/1094 1408/10/1097
f 1407/8/1096 1406/9/1095 1409/9/1098
f 1408/10/1097 1409/9/1098 1406/9/1095
f 1409/9/1098 1410/8/1099 1407/8/1096
f 1409/9/1098 1408/10/1097 1411/10/188
f 1410/8/1099 1409/9/1098 1412/9/1100
f 1411/10/188 1413/10/189 1409/9/1098
f 1412/9/1100 1409/9/1098 1413/10/189
f 1414/23/1101 1415/26/1102 1416/137/1103
f 1415/26/1102 1414/23/1101 1417/23/1104
f 1417/23/1105 1418/23/1106 1419/26/1102
f 1419/26/1102 1418/23/1106 1420/27/1107
f 1421/24/1108 1422/23/1109 1417/23/1110
f 1422/23/1109 1421/24/1108 1423/25/1111
f 1424/23/1101 1425/24/1108 1417/23/1104
f 1425/24/1108 1424/23/1101 1426/138/1112
f 1427/38/1113 1428/38/1114 1429/27/1030
f 1429/27/1030 1428/38/1114 1430/133/1115
f 1431/39/1116 1432/25/1025 1433/109/1117
f 1432/25/1025 1431/39/1116 1434/39/1118
f 1435/38/1119 1436/38/1120 1437/27/1121
f 1438/133/1122 1437/27/1121 1436/38/1120
f 1439/8/842 1440/8/841 1435/38/964
f 1441/38/1123 1435/38/964 1440/8/841
f 1440/8/841 1442/8/856 1441/38/1123
f 1443/38/1124 1441/38/1123 1442/8/856
f 1444/27/1125 1441/38/1123 1443/38/1124
f 1445/84/1126 1446/19/1127 1447/84/798
f 1446/19/1127 1445/84/1126 1448/19/293
f 1447/84/798 1449/34/1128 1445/84/1126
f 1449/34/1128 1447/84/798 1450/34/1129
f 1451/34/1130 1445/84/1126 1449/34/1128
f 1452/84/798 1453/34/1131 1450/34/1132
f 1453/34/1131 1452/84/798 1454/117/1133
f 1445/84/1126 1451/34/1130 1455/84/1134
f 1455/84/1134 1448/19/293 1445/84/1126
f 1451/34/1130 1456/34/1135 1455/84/1134
f 1448/19/293 1455/84/1134 1457/19/1136
f 1455/84/1134 1456/34/1135 1458/84/602
f 1455/84/1134 1458/84/602 1457/19/1136
f 1456/34/1135 1459/34/1137 1458/84/602
f 1457/19/1136 1458/84/602 1460/19/245
f 1458/84/602 1459/34/1137 1461/84/1138
f 1458/84/602 1461/84/1138 1460/19/245
f 1459/34/1137 1462/34/1139 1461/84/1138
f 1460/19/245 1461/84/1138 1463/19/1140
f 1461/84/1138 1462/34/1139 1464/84/1141
f 1461/84/1138 1464/84/1141 1463/19/1140
f 1462/34/1139 1465/34/1142 1464/84/1141
f 1463/19/1140 1464/84/1141 1466/19/224
f 1467/84/1143 1464/84/1141 1465/34/1142
f 1464/84/1141 1467/84/1143 1466/19/224
f 1465/34/1142 1468/34/1144 1467/84/1143
f 1469/19/223 1466/19/224 1467/84/1143
f 1470/84/1145 1467/84/1143 1468/34/1144
f 1467/84/1143 1470/84/1145 1469/19/223
f 1468/34/1144 1471/34/1146 1470/84/1145
f 1472/19/1147 1469/19/223 1470/84/1145
f 1473/84/1148 1470/84/1145 1471/34/1146
f 1470/84/1145 1473/84/1148 1472/19/1147
f 1471/34/1146 1474/34/1149 1473/84/1148
f 1475/19/1150 1472/19/1147 1473/84/1148
f 1476/84/1151 1473/84/1148 1474/34/1149
f 1473/84/1148 1476/84/1151 1475/19/1150
f 1474/34/1149 1477/34/1152 1476/84/1151
f 1478/19/206 1475/19/1150 1476/84/1151
f 1479/84/1153 1476/84/1151 1477/34/1152
f 1476/84/1151 1479/84/1153 1478/19/206
f 1480/19/1154 1478/19/206 1479/84/1153
f 1477/34/1152 1481/34/1155 1482/84/1153
f 1483/83/1156 1482/84/1153 1481/34/1155
f 1484/123/1051 1485/89/1157 1486/139/1158
f 1487/140/1159 1486/139/1158 1485/89/1157
f 1488/89/1160 1484/123/1161 1489/8/1162
f 1490/8/1162 1491/8/1064 1492/89/1160
f 1493/38/1163 1492/89/1160 1491/8/1064
f 1494/89/1157 1495/38/1164 1496/140/1159
f 1497/27/1030 1496/140/1159 1495/38/1164
f 1498/141/1165 1499/39/1166 1500/82/1167
f 1499/39/1166 1498/141/1165 1501/25/1025
f 1502/82/1168 1503/34/1065 1504/73/1169
f 1503/34/1065 1502/82/1168 1505/39/1170
f 1506/27/1171 1507/142/1172 1508/140/1173
f 1507/142/1172 1506/27/1171 1509/23/1174
f 1510/25/1175 1511/142/1176 1509/23/1027
f 1511/142/1176 1510/25/1175 1512/141/1177
f 1513/87/1178 1514/82/1167 1515/85/1179
f 1514/82/1167 1513/87/1178 1516/141/1180
f 1517/129/1181 1518/25/1182 1519/53/794
f 1518/25/1182 1520/107/1183 1519/53/794
f 1521/27/1184 1522/48/369 1523/108/1185
f 1522/48/369 1521/27/1184 1524/130/1186
f 1525/8/1187 1526/8/1188 1527/38/1114
f 1528/38/1189 1527/38/1114 1526/8/1188
f 1529/27/1190 1527/38/1114 1528/38/1189
f 1530/8/1064 1531/8/1191 1532/38/1192
f 1533/38/1114 1532/38/1192 1531/8/1191
f 1534/34/1193 1535/39/1194 1536/39/1116
f 1535/39/1194 1534/34/1193 1537/34/1195
f 1538/131/1196 1539/90/1197 1540/136/1198
f 1541/143/1199 1542/144/1200 1543/135/1052
f 1543/135/1052 1544/132/1201 1541/143/1199
f 1172/119/914 1170/58/912 1545/145/1202
f 1162/118/906 1160/88/904 1172/119/914
f 1546/59/1203 1172/119/914 1545/145/1202
f 1546/59/1203 1547/146/1204 1172/119/914
f 1546/59/1203 1548/122/1205 1547/146/1204
f 1548/122/1205 1546/59/1203 1549/112/1206
f 1549/112/1206 1550/9/1207 1548/122/1205
f 1550/9/1207 1549/112/1206 1551/10/1208
f 1552/146/1204 1162/118/906 1172/119/914
f 1552/146/1204 1553/139/1209 1162/118/906
f 1552/146/1204 1554/123/599 1553/139/1209
f 1554/123/599 1552/146/1204 1555/122/1205
f 1555/122/1205 1556/8/1210 1554/123/599
f 1556/8/1210 1555/122/1205 1557/9/1207
f 1558/142/1211 1559/87/1212 1162/118/906
f 1560/139/1213 1558/142/1211 1162/118/906
f 1559/87/1212 1558/142/1211 1561/141/1214
f 1559/87/1212 1561/141/1214 1562/85/903
f 1562/85/903 1561/141/1214 1563/82/903
f 1558/142/1211 1560/139/1213 1564/140/1215
f 1565/123/599 1564/140/1215 1560/139/1213
f 1564/140/1215 1565/123/599 1566/89/599
f 1567/8/1210 1568/89/1216 1565/123/1217
f 1568/89/1216 1567/8/1210 1569/8/1218
f 1562/85/1219 1570/82/1220 1571/71/1221
f 1571/71/1221 1570/82/1220 1572/73/1222
f 1571/71/1221 1572/73/1222 1155/70/1223
f 1573/72/1224 1155/70/1223 1572/73/1222
f 1574/36/1218 1575/70/1223 1573/72/1225
f 1575/70/1223 1574/36/1218 1576/36/1210
f 1577/35/1226 1573/72/1225 1578/34/1227
f 1579/73/1228 1578/34/1227 1573/72/1225
f 1580/36/595 1581/72/1229 1577/35/1230
f 1581/72/1229 1580/36/595 1582/36/1218
f 1583/82/903 1584/39/1231 1579/73/1232
f 1579/73/1232 1584/39/1231 1585/34/604
f 1586/140/1233 1587/139/1234 1588/89/1235
f 1587/139/1234 1589/123/1236 1588/89/1235
f 1590/89/963 1589/123/936 1591/8/448
f 1592/92/1237 1593/49/1238 1594/147/1239
f 1593/49/1238 1595/98/631 1594/147/1239
f 1596/52/1240 1597/148/1241 1598/96/994
f 1597/148/1241 1596/52/1240 1599/99/632
f 1600/141/1177 1601/118/1242 1602/142/1243
f 1601/118/1242 1600/141/1177 1603/87/1178
f 1604/118/1244 1605/140/1173 1602/142/1245
f 1605/140/1173 1604/118/1244 1606/139/1246
f 1607/28/1247 1608/29/1248 1609/30/1037
f 1610/31/1249 1609/30/1037 1608/29/1248
f 1611/29/1248 1607/28/1247 1612/32/1035
f 1613/33/1250 1611/29/1248 1612/32/1035
f 1614/35/1251 1615/35/1252 1616/36/1064
f 1617/36/1253 1616/36/1064 1615/35/1252
f 1615/35/1252 1618/36/1188 1617/36/1253
f 1618/36/1188 1615/35/1252 1619/35/1254
f 1619/35/1255 1620/35/1256 1621/34/1257
f 1622/34/1258 1620/35/1256 1614/35/1063
f 1623/34/1259 1621/34/1257 1620/35/1256
f 1620/35/1256 1622/34/1258 1623/34/1259
f 1624/39/1260 1625/34/1257 1623/34/1261
f 1625/34/1257 1624/39/1260 1626/39/1262
f 1626/39/1262 1624/39/1260 1627/25/1263
f 1628/16/1019 1629/70/1264 1630/36/1265
f 1629/70/1264 1628/16/1019 1631/63/1266
f 1632/17/1267 1631/63/1268 1633/16/1019
f 1631/63/1268 1632/17/1267 1634/14/1269
f 1634/14/1269 1635/19/1270 1631/63/1268
f 1631/63/1268 1635/19/1270 1636/64/1271
f 1635/19/1270 1637/86/1272 1636/64/1271
f 1637/86/1272 1635/19/1270 1638/110/1273
f 1631/63/1274 1639/64/1275 1640/70/1276
f 1640/70/1276 1639/64/1275 1641/71/1277
f 1638/110/1273 1642/88/1278 1643/86/1272
f 1642/88/1278 1638/110/1273 1644/58/1279
f 1641/71/1280 1645/86/1272 1646/85/1281
f 1645/86/1272 1641/71/1280 1647/64/1275
f 1648/88/1282 1644/58/1283 1649/145/1284
f 1649/145/1284 1650/119/1285 1648/88/1282
f 1649/145/1284 1651/146/1286 1650/119/1285
f 1651/146/1286 1649/145/1284 1652/59/1287
f 1653/146/1288 1652/59/1289 1654/112/1290
f 1653/146/1288 1654/112/1290 1655/122/1016
f 1656/122/1016 1654/112/1290 1657/10/1267
f 1656/122/1016 1657/10/1267 1658/9/1019
f 1659/87/1291 1660/88/1282 1650/119/1285
f 1650/119/1285 1661/118/1244 1659/87/1291
f 1650/119/1285 1662/139/1246 1661/118/1244
f 1662/139/1246 1650/119/1285 1663/146/1286
f 1664/85/1179 1665/88/1282 1659/87/1292
f 1665/88/1282 1664/85/1179 1666/86/1272
f 1667/146/1286 1668/123/1051 1662/139/1246
f 1668/123/1051 1667/146/1286 1669/122/1016
f 1670/74/1293 1671/129/1181 1672/120/919
f 1673/130/1186 1674/76/1294 1675/121/1295
f 1676/136/1055 1677/91/1296 1678/131/1297
f 1679/129/1181 1680/74/1298 1681/25/1182
f 1682/76/1299 1683/130/1300 1684/27/1184
f 1685/133/1301 1686/38/1302 1687/38/1303
f 1688/90/1304 1689/131/1305 1690/91/1306
f 1691/120/1307 1692/75/1308 1693/74/1309
f 1694/77/1310 1695/121/1311 1696/76/1312
f 1697/75/1313 1698/120/1314 1699/81/507
f 1700/121/1295 1701/77/1315 1702/78/481
f 1703/114/1316 1704/39/1317 1705/34/1318
f 1704/39/1317 1703/114/1316 1706/111/1319
f 1706/111/1320 1707/107/1183 1708/39/1317
f 1709/25/1182 1708/39/1317 1707/107/1183
f 1710/38/1321 1711/108/1185 1712/113/878
f 1711/108/1185 1710/38/1321 1713/27/1184
f 1714/115/652 1715/38/1322 1712/113/878
f 1716/8/1323 1715/38/1322 1714/115/652
f 1717/103/1324 1718/91/1325 1719/131/1326
f 1720/23/1327 1721/25/1328 1220/25/944
f 1721/25/1328 1720/23/1327 1722/23/1329
f 1723/23/1330 1724/27/1331 1722/23/1332
f 1724/27/1331 1723/23/1330 1725/27/942
f 1725/27/1333 1726/38/1302 1727/27/1331
f 1728/38/1334 1726/38/1302 1725/27/1333
f 1728/38/1334 1729/8/966 1726/38/1302
f 1730/8/1335 1729/8/966 1728/38/1334
f 1728/38/1334 1731/8/1336 1730/8/1335
f 1731/8/1336 1728/38/1334 1732/38/652
f 1725/27/1333 1732/38/652 1728/38/1334
f 1732/38/652 1725/27/1333 1218/27/651
f 1733/87/1337 1734/82/1338 1735/85/921
f 1734/82/1338 1733/87/1337 1736/141/1339
f 1737/81/1340 1738/149/1341 1739/75/1342
f 1738/149/1341 1737/81/1340 1740/80/1343
f 1741/79/1344 1742/78/482 1743/76/1345
f 1743/76/1345 1742/78/482 1744/77/1346
f 1745/150/1347 1746/27/1348 1747/27/1349
f 1747/27/1349 1748/151/1350 1745/150/1347
f 1749/101/1351 1745/150/1347 1748/151/1350
f 1748/151/1350 1747/27/1349 1750/27/431
f 1748/151/1350 1751/132/1352 1749/101/1351
f 1750/27/431 1752/143/1353 1748/151/1350
f 1751/132/1352 1748/151/1350 1752/143/1353
f 1752/143/1353 1750/27/431 1753/27/1354
f 1754/23/1355 1755/101/1356 1751/132/1357
f 1755/101/1356 1754/23/1355 1756/23/1358
f 1757/23/1359 1758/103/1360 1756/23/1361
f 1758/103/1360 1757/23/1359 1759/131/1362
f 1760/105/1363 1761/92/1237 1762/128/1364
f 1761/92/1237 1763/147/1239 1762/128/1364
f 1764/99/1365 1765/127/1366 1766/148/1241
f 1765/127/1366 1764/99/1365 1767/106/981
f 1768/88/1367 1769/85/921 1770/86/1368
f 1769/85/921 1768/88/1367 1771/87/1369
f 1772/123/1236 1773/146/1370 1774/122/1371
f 1773/146/1370 1772/123/1236 1775/139/1372
f 1776/8/1070 1777/8/1373 1778/116/1374
f 1779/34/1375 1780/117/1133 1781/114/1376
f 1780/117/1133 1779/34/1375 1782/34/1131
f 1783/116/1071 1784/8/1323 1785/115/1377
f 1786/86/1378 1787/58/1379 1788/88/1380
f 1787/58/1379 1786/86/1378 1789/110/1381
f 1790/122/1382 1791/59/1383 1792/112/1384
f 1791/59/1383 1790/122/1382 1793/146/1385
f 1794/8/1386 1795/9/1387 1796/8/1388
f 1795/9/1387 1794/8/1386 1797/9/1389
f 1798/5/1390 1794/8/1386 1796/8/1388
f 1794/8/1386 1798/5/1390 1799/5/1391
f 1799/5/1391 1798/5/1390 1800/6/1392
f 1797/9/1389 1063/10/833 1795/9/1387
f 1063/10/833 1797/9/1389 1801/10/1393
f 1064/11/834 1063/10/833 1801/10/1393
f 1800/6/1392 1802/7/1394 1803/7/838
f 1804/6/1395 1800/6/1392 1798/5/1390
f 1802/7/1394 1800/6/1392 1804/6/1395
f 1798/5/1390 1805/5/1396 1804/6/1395
f 1796/8/1388 1805/5/1396 1798/5/1390
f 1804/6/1395 1806/6/1397 1802/7/1394
f 1806/6/1397 1804/6/1395 1805/5/1396
f 1802/7/1394 1806/6/1397 1807/7/831
f 1806/6/1397 1808/6/1398 1807/7/831
f 1805/5/1396 1808/6/1398 1806/6/1397
f 1809/7/824 1807/7/831 1808/6/1398
f 1805/5/1396 1796/8/1388 1810/8/1399
f 1795/9/1387 1810/8/1399 1796/8/1388
f 1808/6/1398 1811/6/1400 1809/7/824
f 1812/7/1401 1809/7/824 1811/6/1400
f 1808/6/1398 1805/5/1396 1813/5/1402
f 1813/5/1402 1811/6/1400 1808/6/1398
f 1810/8/1399 1814/8/1403 1805/5/1396
f 1813/5/1402 1805/5/1396 1814/8/1403
f 1810/8/1399 1795/9/1387 1815/9/1404
f 1815/9/1404 1814/8/1403 1810/8/1399
f 1063/10/833 1815/9/1404 1795/9/1387
f 1811/6/1400 1816/6/1405 1812/7/1401
f 1817/7/1406 1812/7/1401 1816/6/1405
f 1811/6/1400 1813/5/1402 1818/5/1407
f 1818/5/1407 1816/6/1405 1811/6/1400
f 1814/8/1403 1819/8/1408 1813/5/1402
f 1818/5/1407 1813/5/1402 1819/8/1408
f 1814/8/1403 1815/9/1404 1056/9/826
f 1056/9/826 1819/8/1408 1814/8/1403
f 1057/10/827 1056/9/826 1815/9/1404
f 1815/9/1404 1063/10/833 1057/10/827
f 1819/8/1408 1056/9/826 1051/9/821
f 1819/8/1408 1820/8/1409 1818/5/1407
f 1051/9/821 1820/8/1409 1819/8/1408
f 1821/5/1410 1818/5/1407 1820/8/1409
f 1816/6/1405 1818/5/1407 1821/5/1410
f 1820/8/1409 1051/9/821 1046/9/816
f 1816/6/1405 1822/6/1411 1817/7/1406
f 1821/5/1410 1822/6/1411 1816/6/1405
f 1823/7/807 1817/7/1406 1822/6/1411
f 1820/8/1409 1824/8/1412 1821/5/1410
f 1046/9/816 1824/8/1412 1820/8/1409
f 1822/6/1411 1825/6/1413 1823/7/807
f 1822/6/1411 1821/5/1410 1826/5/1414
f 1826/5/1414 1821/5/1410 1824/8/1412
f 1826/5/1414 1825/6/1413 1822/6/1411
f 1827/7/1415 1823/7/807 1825/6/1413
f 1825/6/1413 1826/5/1414 1828/5/1416
f 1824/8/1412 1829/8/1417 1826/5/1414
f 1828/5/1416 1826/5/1414 1829/8/1417
f 1828/5/1416 1830/5/1418 1825/6/1413
f 1829/8/1417 1830/5/1418 1828/5/1416
f 1831/6/1419 1827/7/1415 1825/6/1413
f 1831/6/1419 1825/6/1413 1830/5/1418
f 1831/6/1419 1832/7/798 1827/7/1415
f 1832/7/798 1831/6/1419 1833/6/1420
f 1833/6/1420 1834/7/1421 1832/7/798
f 1831/6/1419 1830/5/1418 1835/5/1422
f 1831/6/1419 1835/5/1422 1833/6/1420
f 1830/5/1418 1829/8/1417 1836/8/1423
f 1836/8/1423 1835/5/1422 1830/5/1418
f 1041/9/811 1829/8/1417 1824/8/1412
f 1824/8/1412 1046/9/816 1041/9/811
f 1039/9/809 1836/8/1423 1829/8/1417
f 1829/8/1417 1041/9/811 1039/9/809
f 1836/8/1423 1039/9/809 1035/9/805
f 1835/5/1422 1836/8/1423 1837/8/1424
f 1035/9/805 1837/8/1424 1836/8/1423
f 1837/8/1424 1838/5/1425 1835/5/1422
f 1835/5/1422 1838/5/1425 1833/6/1420
f 1839/6/1426 1834/7/1421 1833/6/1420
f 1839/6/1426 1833/6/1420 1838/5/1425
f 1839/6/1426 1840/7/1427 1834/7/1421
f 1841/6/1428 1840/7/1427 1839/6/1426
f 1840/7/1427 1841/6/1428 1842/7/742
f 1841/6/1428 1843/7/1429 1842/7/742
f 1839/6/1426 1844/5/1430 1841/6/1428
f 1839/6/1426 1838/5/1425 1844/5/1430
f 1843/7/1429 1841/6/1428 1845/6/1431
f 1844/5/1430 1845/6/1431 1841/6/1428
f 1845/6/1431 1846/7/1432 1843/7/1429
f 1838/5/1425 1837/8/1424 1847/8/1433
f 1847/8/1433 1844/5/1430 1838/5/1425
f 1845/6/1431 1844/5/1430 1848/5/1434
f 1849/9/715 1847/8/1433 1837/8/1424
f 1837/8/1424 1035/9/805 1849/9/715
f 1847/8/1433 1849/9/715 956/9/733
f 959/10/736 1849/9/715 1035/9/805
f 959/10/736 956/9/733 1849/9/715
f 1844/5/1430 1847/8/1433 952/8/729
f 956/9/733 952/8/729 1847/8/1433
f 949/8/726 1848/5/1434 1844/5/1430
f 952/8/729 949/8/726 1844/5/1430
f 1850/23/1435 1851/138/1436 1852/152/1437
f 1851/138/1436 1850/23/1435 1853/23/1438
f 1854/24/1439 1855/138/1440 1856/23/1441
f 1857/23/1442 1854/24/1439 1856/23/1441
f 1853/23/1443 1858/23/1444 1859/137/1445
f 1860/153/1446 1859/137/1445 1858/23/1444
f 1861/26/212 1857/23/207 1862/23/1447
f 1862/23/1447 1863/137/1448 1861/26/212
f 1864/154/1449 1863/137/1450 1860/153/1446
f 1864/154/1449 1865/26/212 1863/137/1450
f 1865/26/212 1864/154/1449 1866/27/286
f 1866/27/286 1864/154/1449 1867/27/1451
f 1860/153/1446 1868/150/1452 1864/154/1449
f 1868/150/1452 1867/27/1451 1864/154/1449
f 1868/150/1452 1860/153/1446 1869/77/1453
f 1867/27/1451 1868/150/1452 1870/27/1454
f 1871/77/1455 1868/150/1452 1869/77/1453
f 1872/150/1456 1870/27/1454 1868/150/1452
f 1868/150/1452 1871/77/1455 1872/150/1456
f 1870/27/1454 1872/150/1456 1873/27/1457
f 1874/77/1458 1872/150/1456 1871/77/1455
f 1875/150/1459 1873/27/1457 1872/150/1456
f 1872/150/1456 1874/77/1458 1875/150/1459
f 1873/27/1457 1875/150/1459 1876/27/1460
f 1877/77/1461 1875/150/1459 1874/77/1458
f 1878/150/1462 1876/27/1460 1875/150/1459
f 1875/150/1459 1877/77/1461 1878/150/1462
f 1876/27/1460 1878/150/1462 1879/27/1463
f 1878/150/1462 1880/27/1464 1879/27/1463
f 1877/77/1461 1881/150/1465 1878/150/1462
f 1880/27/1464 1878/150/1462 1881/150/1465
f 1881/150/1465 1877/77/1461 1882/77/1466
f 1881/150/1465 1883/27/1467 1880/27/1464
f 1882/77/1466 1884/151/1468 1881/150/1465
f 1883/27/1467 1881/150/1465 1884/151/1468
f 1885/23/1469 1886/77/1470 1871/77/1455
f 1886/77/1470 1885/23/1469 1887/23/1471
f 1871/77/1455 1888/77/1472 1885/23/1469
f 1889/23/1473 1885/23/1469 1888/77/1472
f 1890/75/1474 1891/23/1469 1889/23/1475
f 1887/23/1476 1891/23/1469 1892/75/1477
f 1891/23/1469 1890/75/1474 1893/75/1478
f 1893/75/1478 1892/75/1477 1891/23/1469
f 1894/133/1479 1895/38/311 1896/38/312
f 1897/39/340 1898/39/323 1899/109/1480
f 1900/91/681 1901/103/1481 1902/100/1482
f 1903/149/1483 1904/23/1484 1905/23/1485
f 1904/23/1484 1903/149/1483 1906/25/1486
f 1907/23/1487 1908/76/1488 1905/23/1489
f 1908/76/1488 1907/23/1487 1909/27/1490
f 1910/38/979 1911/27/1012 1912/133/1301
f 1911/27/1012 1913/124/976 1912/133/1301
f 1914/39/972 1915/109/974 1916/25/792
f 1917/124/1491 1916/25/792 1915/109/974
f 1918/34/1492 1919/34/1493 1920/83/1494
f 1921/18/1495 1920/83/1494 1919/34/1493
f 1848/5/1434 1922/5/1496 1845/6/1431
f 949/8/726 1922/5/1496 1848/5/1434
f 1922/5/1496 1923/6/1497 1845/6/1431
f 1846/7/1432 1845/6/1431 1923/6/1497
f 1922/5/1496 949/8/726 948/8/725
f 1923/6/1497 1924/6/1498 1846/7/1432
f 1924/6/1498 1925/7/1499 1846/7/1432
f 1923/6/1497 1922/5/1496 1926/5/1500
f 1923/6/1497 1926/5/1500 1924/6/1498
f 948/8/725 1926/5/1500 1922/5/1496
f 1924/6/1498 1927/6/1501 1925/7/1499
f 1926/5/1500 1927/6/1501 1924/6/1498
f 1927/6/1501 1928/7/1502 1925/7/1499
f 1927/6/1501 1929/7/1503 1928/7/1502
f 1927/6/1501 1926/5/1500 1930/5/1504
f 1929/7/1503 1927/6/1501 1931/6/1505
f 1926/5/1500 948/8/725 946/8/723
f 1931/6/1505 1932/6/1506 1929/7/1503
f 1932/6/1506 1933/7/697 1929/7/1503
f 1931/6/1505 1927/6/1501 942/5/719
f 1930/5/1504 942/5/719 1927/6/1501
f 942/5/719 1932/6/1506 1931/6/1505
f 1930/5/1504 1926/5/1500 943/8/720
f 946/8/723 943/8/720 1926/5/1500
f 943/8/720 942/5/719 1930/5/1504
f 1932/6/1506 1934/7/556 1933/7/697
f 1932/6/1506 942/5/719 1935/5/1418
f 1934/7/556 1932/6/1506 1936/6/1507
f 1937/6/1508 1934/7/556 1936/6/1507
f 1934/7/556 1937/6/1508 1938/7/1509
f 1939/5/1496 1936/6/1507 1932/6/1506
f 1939/5/1496 1932/6/1506 1935/5/1418
f 1937/6/1508 1940/7/1510 1938/7/1509
f 1941/5/1511 1936/6/1507 1939/5/1496
f 1936/6/1507 1941/5/1511 1937/6/1508
f 939/8/716 1939/5/1496 1935/5/1418
f 1935/5/1418 942/5/719 939/8/716
f 1940/7/1510 1937/6/1508 1942/6/1512
f 940/8/717 1941/5/1511 1939/5/1496
f 1939/5/1496 939/8/716 940/8/717
f 1943/6/1513 1940/7/1510 1942/6/1512
f 1937/6/1508 1944/5/1514 1942/6/1512
f 1944/5/1514 1937/6/1508 1941/5/1511
f 1944/5/1514 1943/6/1513 1942/6/1512
f 1940/7/1510 1943/6/1513 1945/7/1515
f 1945/7/1515 1943/6/1513 1946/6/1516
f 1946/6/1516 1947/7/1517 1945/7/1515
f 1943/6/1513 1948/5/1518 1946/6/1516
f 1948/5/1518 1943/6/1513 1949/5/1519
f 1943/6/1513 1944/5/1514 1949/5/1519
f 1950/8/1520 1948/5/1518 1949/5/1519
f 1944/5/1514 1950/8/1520 1949/5/1519
f 1948/5/1518 1950/8/1520 1951/8/1521
f 1950/8/1520 1944/5/1514 1952/8/1522
f 1953/8/1523 1944/5/1514 1941/5/1511
f 1944/5/1514 1953/8/1523 1952/8/1522
f 1941/5/1511 940/8/717 1953/8/1523
f 1954/9/1524 1950/8/1520 1952/8/1522
f 1954/9/1524 1952/8/1522 1953/8/1523
f 1955/9/1525 1951/8/1521 1950/8/1520
f 1950/8/1520 1954/9/1524 1955/9/1525
f 1951/8/1521 1955/9/1525 1956/9/1526
f 1954/9/1524 1953/8/1523 1957/9/489
f 916/9/693 1953/8/1523 940/8/717
f 1953/8/1523 916/9/693 1957/9/489
f 1958/10/1527 1956/9/1526 1955/9/1525
f 1956/9/1526 1958/10/1527 1959/10/1528
f 1960/10/1529 1955/9/1525 1954/9/1524
f 1955/9/1525 1960/10/1529 1958/10/1527
f 912/10/690 1954/9/1524 1957/9/489
f 1954/9/1524 912/10/690 1960/10/1529
f 912/10/690 1957/9/489 916/9/693
f 1961/11/1530 1959/10/1528 1958/10/1527
f 1958/10/1527 1960/10/1529 1961/11/1530
f 1959/10/1528 1961/11/1530 1962/11/1531
f 1961/11/1530 1963/12/1532 1962/11/1531
f 1961/11/1530 1964/12/1533 1963/12/1532
f 1964/12/1533 1965/13/1534 1963/12/1532
f 1965/13/1534 1964/12/1533 1966/13/1535
f 1967/12/1536 1966/13/1535 1964/12/1533
f 1961/11/1530 1967/12/1536 1964/12/1533
f 1966/13/1535 1967/12/1536 907/13/685
f 911/11/689 1961/11/1530 1960/10/1529
f 1967/12/1536 1961/11/1530 911/11/689
f 1960/10/1529 912/10/690 911/11/689
f 908/12/686 907/13/685 1967/12/1536
f 911/11/689 908/12/686 1967/12/1536
f 1968/76/1537 1969/78/1538 1970/77/1539
f 1969/78/1538 1968/76/1537 1971/79/1540
f 1972/77/1541 1973/23/1489 1968/76/1542
f 1973/23/1489 1972/77/1541 1974/23/1543
f 1975/27/1490 1976/79/1544 1968/76/1488
f 1976/79/1544 1975/27/1490 1977/27/1545
f 1978/75/1546 1979/23/1547 1974/23/1548
f 1979/23/1547 1978/75/1546 1980/149/1549
f 1981/81/1550 1980/149/1483 1982/75/1551
f 1980/149/1483 1981/81/1550 1983/80/1552
f 1984/80/1553 1985/25/1554 1980/149/1483
f 1985/25/1554 1984/80/1553 1986/25/1555
f 1987/144/1200 1988/143/1556 1989/132/1557
f 1989/132/1557 1990/135/1558 1987/144/1200
f 1988/143/1556 1991/144/1559 1992/27/351
f 1992/27/351 1993/27/359 1988/143/1556
f 1994/27/1560 1992/27/351 1995/144/1559
f 1995/144/1559 1752/143/1199 1994/27/1560
f 1993/27/359 1884/151/1468 1988/143/1556
f 1884/151/1468 1993/27/359 1883/27/1467
f 1996/101/1561 1988/143/1556 1884/151/1468
f 1988/143/1556 1996/101/1561 1997/132/1562
f 1884/151/1468 1882/77/1466 1996/101/1561
f 1997/132/1557 1998/101/1563 1999/135/1052
f 1998/101/1563 2000/102/763 1999/135/1052
f 2001/23/1564 2002/132/1557 1996/101/1565
f 2002/132/1557 2001/23/1564 2003/23/1566
f 2004/131/1567 2003/23/1566 2005/23/1564
f 2006/103/1568 2004/131/1567 2005/23/1564
f 2007/101/1569 2008/77/1570 2000/102/1571
f 2008/77/1570 2009/78/1572 2000/102/1571
f 2010/77/1573 2009/78/1572 2008/77/1570
f 2009/78/1572 2010/77/1573 2011/78/1574
f 2012/77/1575 2013/23/1576 2010/77/1577
f 2013/23/1576 2012/77/1575 2014/23/1578
f 2015/75/1579 2016/23/1580 2014/23/1581
f 2016/23/1580 2015/75/1579 2017/75/1582
f 2017/75/1583 2018/81/1552 2019/81/1584
f 2018/81/1552 2017/75/1583 2020/75/1585
f 2020/75/1585 2021/104/1586 2018/81/1552
f 2021/104/1586 2020/75/1585 2022/103/1587
f 2023/103/1588 2024/136/1067 2021/104/772
f 2024/136/1067 2023/103/1588 2025/131/1589
f 2026/23/1590 2027/103/1587 2020/75/1579
f 2027/103/1587 2026/23/1590 2028/23/1591
f 2028/23/1591 2029/23/1566 2027/103/1587
f 2030/131/1592 2027/103/1587 2029/23/1566
f 2031/101/1569 2032/23/1566 2028/23/1593
f 2032/23/1566 2031/101/1569 2033/132/1594
f 2028/23/1593 2034/23/1595 2031/101/1569
f 2008/77/1575 2031/101/1569 2034/23/1595
f 2035/23/1596 2036/133/1301 1258/124/1491
f 2036/133/1301 2035/23/1596 2037/27/1331
f 2038/38/1597 2039/133/1301 2037/27/1331
f 2040/25/792 1258/124/1491 2041/134/1598
f 2041/134/1598 1258/124/1491 2042/27/1012
f 2043/25/792 2041/134/1599 2044/30/1600
f 2041/134/1599 2045/28/1601 2044/30/1600
f 2046/32/1602 2045/28/1601 2041/134/1599
f 2041/134/1599 2047/27/1012 2046/32/1602
f 2048/81/1584 2049/75/1551 2050/75/1582
f 2049/75/1551 2048/81/1584 2051/81/1603
f 2052/23/1604 2053/75/1605 2049/75/1606
f 2053/75/1605 2052/23/1604 2054/23/1576
f 2055/23/1607 2056/77/1608 2054/23/1609
f 2056/77/1608 2055/23/1607 2057/77/1610
f 2058/78/1611 2057/77/1539 2059/78/1538
f 2057/77/1539 2058/78/1611 2060/77/1573
f 2061/133/1612 2062/27/1125 2063/124/1613
f 2064/38/1123 2062/27/1125 2061/133/1612
f 2065/124/1614 2066/25/1615 2067/109/1616
f 2067/109/1616 2066/25/1615 2068/39/854
f 2069/25/268 2070/100/1482 2071/25/1617
f 2072/155/1618 2071/25/1617 2070/100/1482
f 2071/25/1617 2072/155/1618 2073/25/269
f 2072/155/1618 2070/100/1482 2074/75/1619
f 2074/75/1619 2070/100/1482 2006/103/1568
f 2075/155/1620 2073/25/269 2072/155/1618
f 2076/25/1621 2073/25/269 2075/155/1620
f 2077/75/1622 2072/155/1618 2074/75/1619
f 2075/155/1620 2072/155/1618 2077/75/1622
f 2075/155/1620 2078/25/1623 2076/25/1621
f 2074/75/1619 2079/103/1624 2080/23/1625
f 2081/23/1626 2080/23/1625 2079/103/1624
f 2082/101/1627 2083/23/1625 2081/23/1564
f 2083/23/1625 2082/101/1627 1882/77/1628
f 2078/25/1623 2075/155/1620 2084/155/1629
f 2077/75/1622 2084/155/1629 2075/155/1620
f 2084/155/1629 2085/25/279 2078/25/1623
f 2084/155/1629 2077/75/1622 2086/75/1630
f 2077/75/1622 2087/75/1631 2088/23/1632
f 2089/23/1625 2088/23/1632 2087/75/1631
f 2090/77/1633 2091/23/1632 2089/23/1625
f 2091/23/1632 2090/77/1633 1877/77/1461
f 2085/25/279 2084/155/1629 2092/155/1634
f 2086/75/1630 2092/155/1634 2084/155/1629
f 2092/155/1634 2093/25/282 2085/25/279
f 2086/75/1630 2094/75/1635 2095/23/1636
f 2096/23/1637 2095/23/1636 2094/75/1635
f 2092/155/1634 2086/75/1630 1893/75/1478
f 2097/77/1461 2098/23/1638 2096/23/1632
f 2098/23/1638 2097/77/1461 1874/77/1458
f 2093/25/282 2092/155/1634 2099/155/1639
f 1893/75/1478 2099/155/1639 2092/155/1634
f 2099/155/1639 2100/25/1640 2093/25/282
f 2099/155/1639 1893/75/1478 2101/75/1474
f 1852/152/1641 2099/155/1639 2101/75/1474
f 2102/23/1642 2103/152/1641 2101/75/1643
f 2103/152/1641 2102/23/1642 2104/23/1444
f 2104/23/1444 2105/23/1475 2106/153/1644
f 1869/77/1645 2106/153/1644 2105/23/1475
f 2100/25/1640 2099/155/1639 2107/156/1646
f 2099/155/1639 1852/152/1641 2107/156/1646
f 2107/156/1646 2108/25/1647 2100/25/1640
f 2107/156/1646 2109/24/1648 2108/25/1647
f 2109/24/1648 2107/156/1646 1855/138/1649
f 1855/138/1649 2107/156/1646 1852/152/1641
f 801/23/589 2110/140/1650 2111/27/1651
f 2110/140/1650 801/23/589 1558/142/1211
f 801/23/589 2112/141/1652 1558/142/1211
f 2112/141/1652 801/23/589 2113/25/1653
f 2114/82/903 2113/25/600 2115/39/602
f 2116/141/1654 2113/25/600 2114/82/903
f 2117/89/599 2111/27/1655 2118/140/1656
f 2111/27/1655 2117/89/599 2119/38/591
f 2120/27/1655 2121/23/1657 801/23/1658
f 2121/23/1657 2120/27/1655 804/27/592
f 2122/23/1659 2123/124/1660 2124/75/1313
f 2123/124/1660 2125/74/1661 2124/75/1313
f 2126/77/1315 2127/124/1660 2122/23/1662
f 2127/124/1660 2126/77/1315 2128/76/1663
f 2129/38/1664 2130/27/1665 2131/27/1666
f 2132/27/1667 2133/23/1668 2131/27/1666
f 2133/23/1668 2132/27/1667 2134/23/1669
f 2135/25/1670 2136/23/1671 2134/23/1672
f 2136/23/1671 2135/25/1670 739/25/528
f 2137/8/541 2138/38/1673 2129/38/1664
f 2130/27/1665 2129/38/1664 2138/38/1673
f 2138/38/1673 2137/8/541 2139/8/339
f 2138/38/1673 2140/27/1674 2130/27/1665
f 2141/27/1675 2142/23/1676 2130/27/1677
f 2142/23/1676 2141/27/1675 2143/23/1678
f 2144/25/1679 2145/23/1680 2143/23/1681
f 2145/23/1680 2144/25/1679 741/25/1682
f 2139/8/339 2146/38/1683 2138/38/1673
f 2140/27/1674 2138/38/1673 2146/38/1683
f 2146/38/1683 2139/8/339 487/8/307
f 2146/38/1683 490/27/310 2140/27/1674
f 2147/27/1684 2148/23/1681 2140/27/1685
f 2148/23/1681 2147/27/1684 745/23/1686
f 487/8/307 486/38/306 2146/38/1683
f 490/27/310 2146/38/1683 486/38/306
f 2149/149/1687 2150/23/1688 2151/23/1689
f 2150/23/1688 2149/149/1687 2152/25/1690
f 2153/76/1691 2151/23/1692 2154/23/1693
f 2155/27/1694 2153/76/1691 2154/23/1693
f 2156/77/1310 2157/78/1695 2158/78/1696
f 2157/78/1695 2156/77/1310 2159/77/1697
f 2159/77/1697 2160/78/1698 2157/78/1695
f 2160/78/1698 2159/77/1697 2161/77/1346
f 2162/23/1659 2163/77/1699 2156/77/1315
f 2161/77/1346 2163/77/1699 2164/23/1700
f 2163/77/1699 2162/23/1659 2165/23/1701
f 2163/77/1699 2165/23/1701 2164/23/1700
f 2166/75/1702 2167/23/1703 2165/23/1704
f 2167/23/1703 2166/75/1702 2168/75/1342
f 2165/23/1704 2169/23/1705 2166/75/1702
f 2169/23/1705 2170/75/1308 2166/75/1702
f 2171/81/1706 2170/75/1308 2172/81/1707
f 2170/75/1308 2171/81/1706 2173/75/1702
f 2173/75/1702 2174/81/1340 2168/75/1708
f 2174/81/1340 2173/75/1702 2171/81/1706
f 2175/27/314 2176/124/1709 2177/133/1710
f 2178/38/312 2175/27/314 2177/133/1710
f 2179/124/1711 2180/25/1712 2181/109/1713
f 2181/109/1713 2180/25/1712 2182/39/340
f 2183/80/1343 2184/25/1714 2185/149/1687
f 2184/25/1714 2183/80/1343 2186/25/916
f 2187/23/1715 2188/75/1342 2185/149/1687
f 2188/75/1342 2187/23/1715 2189/23/1716
f 2190/77/1346 2189/23/1703 2191/23/1717
f 2192/76/1691 2190/77/1346 2191/23/1717
f 2193/27/1694 2194/79/1718 2192/76/1691
f 2195/27/918 2194/79/1718 2193/27/1694
f 774/88/559 2196/118/1719 773/87/558
f 2197/16/551 2198/14/1720 767/63/1721
f 2197/16/551 2199/17/1722 2198/14/1720
f 2198/14/1720 2200/64/555 767/63/1721
f 2200/64/555 2198/14/1720 2201/19/1723
f 2201/19/1723 2202/86/556 2200/64/555
f 2202/86/556 2201/19/1723 2203/110/1724
f 2203/110/1724 2204/88/559 2202/86/556
f 2204/88/559 2203/110/1724 2205/58/1725
f 2205/58/1726 2206/119/1727 2207/88/559
f 2206/119/1727 2205/58/1726 2208/145/1728
f 2206/119/1727 2208/145/1728 2209/59/1729
f 2209/59/1729 2210/146/1730 2206/119/1727
f 2196/118/1719 774/88/559 2206/119/1727
f 2196/118/1719 2206/119/1727 2211/146/1730
f 2211/146/1730 2212/139/1731 2196/118/1719
f 2212/139/1731 2211/146/1730 2213/122/693
f 2213/122/693 2214/123/1732 2212/139/1731
f 2214/123/1732 2213/122/693 2215/9/551
f 2215/9/551 2216/8/1733 2214/123/1732
f 2217/146/1730 2209/59/1734 2218/112/1735
f 2218/112/1735 2219/122/1732 2217/146/1730
f 2219/122/1732 2218/112/1735 2220/10/1736
f 2220/10/1736 2221/9/551 2219/122/1732
f 2222/142/1737 2223/87/558 2196/118/1738
f 2224/139/1731 2222/142/1737 2196/118/1738
f 2223/87/558 2222/142/1737 2225/141/1739
f 2223/87/558 2225/141/1739 2226/85/557
f 2226/85/557 2225/141/1739 2227/82/525
f 2222/142/1737 2224/139/1731 2228/140/1740
f 2229/123/1741 2228/140/1740 2224/139/1731
f 2228/140/1740 2229/123/1741 2230/89/1742
f 2231/8/1733 2232/89/1743 2229/123/1732
f 2232/89/1743 2231/8/1733 2233/8/1744
f 2234/8/446 2235/38/1745 2232/89/1742
f 2235/38/1745 2234/8/446 2236/8/445
f 2226/85/556 2237/82/1746 2238/71/554
f 2238/71/554 2237/82/1746 2239/73/1747
f 2238/71/554 2239/73/1747 768/70/1748
f 2240/72/1749 768/70/1748 2239/73/1747
f 2241/73/1750 2242/34/1751 2240/72/1752
f 730/35/523 2240/72/1752 2242/34/1751
f 2243/36/519 2240/72/1752 730/35/523
f 2244/36/1744 2245/70/1753 2240/72/1754
f 2245/70/1753 2244/36/1744 2246/36/1755
f 2242/34/1756 2247/73/1757 2248/39/1758
f 2249/82/525 2248/39/1758 2247/73/1757
f 2248/39/603 2250/82/1759 2251/25/1760
f 2252/141/1761 2251/25/1760 2250/82/1759
f 2252/141/1761 2253/23/1762 2251/25/1760
f 2253/23/1762 2252/141/1761 2222/142/1737
f 2254/140/1763 2253/23/1762 2222/142/1737
f 2253/23/1762 2254/140/1763 2255/27/1764
f 2256/89/1765 2255/27/1764 2254/140/1763
f 2255/27/1764 2256/89/1765 2257/38/594
f 2258/23/1766 2259/109/855 2260/25/1767
f 2259/109/855 2258/23/1766 2261/124/1613
f 2261/124/1768 2262/23/1766 2263/133/1769
f 2264/27/1121 2263/133/1769 2262/23/1766
f 2265/25/1770 2261/124/1613 2266/134/1771
f 2266/134/1771 2261/124/1613 2267/27/1125
f 2268/27/1772 2269/32/1773 2266/134/1774
f 2270/28/579 2266/134/1774 2269/32/1773
f 2266/134/1774 2270/28/579 2271/30/1775
f 2271/30/1775 2272/25/1615 2266/134/1774
f 2273/76/1776 2274/27/1777 2275/124/1778
f 2274/27/1777 2276/134/1779 2275/124/1778
f 2277/25/1780 2278/124/1778 2276/134/1779
f 2278/124/1778 2277/25/1780 2279/74/1781
f 2280/157/1782 2281/33/1373 2282/33/1070
f 2283/147/1783 2284/94/619 2285/158/1784
f 2284/94/619 2283/147/1783 2286/98/1785
f 2285/158/1786 2287/94/1787 2288/148/1788
f 2289/96/994 2288/148/1788 2287/94/1787
f 2290/89/1235 2291/38/964 2292/140/1233
f 2293/27/1789 2292/140/1233 2291/38/964
f 2294/23/1790 2295/140/1233 2293/27/1121
f 2295/140/1233 2294/23/1790 2296/142/1791
f 2297/141/1792 2298/118/1793 2296/142/1791
f 2298/118/1793 2297/141/1792 2299/87/1794
f 2296/142/1791 2300/23/1790 2301/141/1339
f 2302/25/1795 2301/141/1339 2300/23/1790
f 2296/142/1791 2303/118/1396 2304/140/1233
f 2305/139/1796 2304/140/1233 2303/118/1396
f 2306/39/513 2307/141/1339 2302/25/1795
f 2307/141/1339 2306/39/513 2308/82/1797
f 2309/159/1798 2310/30/1317 2311/160/1799
f 2310/30/1317 2309/159/1798 2312/31/1800
f 2313/32/1322 2309/159/1798 2311/160/1799
f 2313/32/1322 2314/33/1373 2309/159/1798
f 2315/134/1779 2316/32/1322 2311/160/1801
f 2316/32/1322 2315/134/1779 2317/27/1777
f 2318/134/1779 2311/160/1799 2319/30/1317
f 2319/30/1317 2320/25/1802 2318/134/1779
f 2321/33/1803 2322/157/1804 2309/159/1805
f 2323/157/1804 2324/31/1800 2309/159/1798
f 2324/31/1800 2323/157/1804 2325/31/1131
f 2326/29/1806 2327/31/1807 2322/157/1804
f 2327/31/1807 2326/29/1806 2328/31/1808
f 2329/33/1809 2330/29/1806 2322/157/1810
f 2330/29/1806 2329/33/1809 2331/33/1069
f 2332/25/1811 2333/23/1762 2334/23/1812
f 2333/23/1762 2332/25/1811 2335/25/1760
f 2336/23/1762 2337/27/1813 2334/23/1814
f 2337/27/1813 2336/23/1762 2338/27/1815
f 2335/25/1816 2339/25/1817 2340/39/603
f 737/39/525 2340/39/603 2339/25/1817
f 2340/39/603 737/39/525 2341/34/1756
f 736/34/527 2341/34/1756 737/39/525
f 2339/25/1817 739/25/528 737/39/525
f 2342/23/1818 2343/25/528 2339/25/1819
f 2343/25/528 2342/23/1818 2344/23/1820
f 2345/23/1818 2346/27/1666 2344/23/1821
f 2346/27/1666 2345/23/1818 2347/27/1822
f 2348/38/594 2347/27/1813 2338/27/1823
f 2347/27/1813 2348/38/594 2349/38/1742
f 2236/8/445 2349/38/1742 2348/38/594
f 2349/38/1742 2131/27/1666 2347/27/1813
f 2349/38/1742 2236/8/445 2350/8/545
f 2350/8/545 2129/38/1664 2349/38/1742
f 2131/27/1666 2349/38/1742 2129/38/1664
f 2129/38/1664 2350/8/545 2137/8/541
f 2351/153/1824 2352/23/1825 2353/23/1826
f 2352/23/1825 2351/153/1824 2354/77/1827
f 2355/23/1828 2356/152/1829 2353/23/1830
f 2356/152/1829 2355/23/1828 2357/75/1831
f 1745/150/1347 1749/101/1351 2354/77/1827
f 2358/23/1832 2359/77/1827 1749/101/1356
f 2359/77/1827 2358/23/1832 2360/23/1833
f 2361/23/1834 2362/75/1835 2360/23/1836
f 2362/75/1835 2361/23/1834 2363/103/1837
f 2363/103/1360 2364/131/1838 2365/100/1839
f 2364/131/1838 2366/91/1066 2365/100/1839
f 2357/75/1831 2363/103/1840 2367/155/1841
f 2368/100/1842 2367/155/1841 2363/103/1840
f 2367/155/1841 2368/100/1842 2369/25/1843
f 2370/25/429 2369/25/1843 2368/100/1842
f 2369/25/1843 2371/25/1844 2367/155/1841
f 2367/155/1841 2372/156/1845 2357/75/1831
f 2372/156/1845 2367/155/1841 2371/25/1844
f 2372/156/1845 2371/25/1844 2373/25/1846
f 2374/152/1829 2357/75/1831 2372/156/1845
f 2375/24/1108 2372/156/1845 2373/25/1846
f 2372/156/1845 2375/24/1108 2374/152/1829
f 2374/152/1829 2375/24/1108 2376/138/1847
f 2377/23/1848 2374/152/1829 2378/138/1112
f 2377/23/1848 2378/138/1112 2379/23/1849
f 2380/137/1850 2381/23/1851 2379/23/1852
f 2381/23/1851 2380/137/1850 2382/153/1824
f 2383/26/1853 2382/153/1824 2384/137/1854
f 2382/153/1824 2383/26/1853 2385/154/1855
f 2386/27/1856 2385/154/1855 2383/26/1853
f 2385/154/1855 2354/77/1827 2382/153/1824
f 2385/154/1855 2386/27/1856 1746/27/1348
f 2354/77/1827 2385/154/1855 1745/150/1347
f 1746/27/1348 1745/150/1347 2385/154/1855
f 2387/29/1857 2388/31/1858 2389/29/1806
f 2388/31/1858 2387/29/1857 2390/31/1128
f 2391/33/1859 2392/29/1860 2389/29/1806
f 2392/29/1860 2391/33/1859 2393/33/1072
f 2394/148/1241 2395/127/1861 2396/158/1786
f 2397/125/980 2396/158/1786 2395/127/1861
f 2398/128/1862 2399/158/1863 2397/125/1864
f 2399/158/1863 2398/128/1862 2400/147/1239
f 2401/87/1865 2402/88/1866 2403/119/1252
f 2401/87/1865 2403/119/1252 2404/118/1793
f 2405/119/1252 2406/139/1796 2404/118/1396
f 2406/139/1796 2405/119/1252 2407/146/1867
f 2408/33/1868 2409/29/1869 2410/29/1870
f 2409/29/1869 2408/33/1868 2411/33/1871
f 2412/29/1872 2413/31/1873 2410/29/1874
f 2413/31/1873 2412/29/1872 2414/31/1875
f 2415/88/1866 2416/58/1876 2417/145/1877
f 2415/88/1866 2417/145/1877 2418/119/1878
f 2419/145/1877 2420/146/1879 2418/119/1252
f 2420/146/1879 2419/145/1877 2421/59/1880
f 2422/29/1881 2423/31/1130 2424/29/1872
f 2423/31/1130 2422/29/1881 2425/31/1882
f 2426/33/1074 2427/29/1883 2424/29/1869
f 2427/29/1883 2426/33/1074 2428/33/1076
f 2429/23/318 2430/109/1713 2431/25/1884
f 2430/109/1713 2429/23/318 2432/124/1711
f 2433/39/1885 2431/25/319 2434/109/1886
f 2435/23/318 2436/133/1710 2432/124/1887
f 2436/133/1710 2435/23/318 2437/27/1888
f 2438/38/1889 2439/133/1890 2437/27/315
f 2440/25/1712 2432/124/1711 2441/134/1891
f 2441/134/1891 2432/124/1711 2442/27/1892
f 2441/134/1893 2443/27/1894 2444/32/1895
f 2444/32/1895 2445/28/1896 2441/134/1893
f 2441/134/1893 2445/28/1896 2446/30/1897
f 2447/25/1898 2441/134/1893 2446/30/1897
f 2448/33/1899 2449/29/1900 2450/29/1901
f 2449/29/1900 2448/33/1899 2451/33/1078
f 2452/29/1900 2453/31/1902 2450/29/1901
f 2453/31/1902 2452/29/1900 2454/31/1903
f 2455/29/1904 2456/31/1905 2457/29/1906
f 2456/31/1905 2455/29/1904 2458/31/1139
f 2459/33/1907 2460/29/1908 2457/29/1900
f 2460/29/1908 2459/33/1907 2461/33/1081
f 2462/29/1909 2463/33/1081 2464/33/1084
f 2463/33/1081 2462/29/1909 2465/29/1908
f 2466/29/1910 2467/31/1139 2465/29/1911
f 2467/31/1139 2466/29/1910 2468/31/1912
f 2469/15/1913 2470/35/1914 2471/16/1100
f 2472/36/1915 2471/16/1100 2470/35/1914
f 2469/15/1916 2473/18/1917 2474/35/1918
f 2475/34/1919 2474/35/1918 2473/18/1917
f 2476/29/1920 2477/31/1921 2478/29/1922
f 2477/31/1921 2476/29/1920 2479/31/1923
f 2476/29/1920 2480/31/1146 2479/31/1923
f 2480/31/1146 2476/29/1920 2481/29/1924
f 2482/29/1925 2483/33/1088 2481/29/1926
f 2484/33/1927 2482/29/1925 2478/29/1928
f 2483/33/1088 2482/29/1925 2485/33/1086
f 2482/29/1925 2484/33/1927 2485/33/1086
f 2486/29/1929 2487/31/1149 2488/31/1146
f 2487/31/1149 2486/29/1929 2489/29/1930
f 2490/29/1931 2491/33/1932 2489/29/1933
f 2491/33/1932 2490/29/1931 2492/33/1088
f 2493/33/1093 2494/29/1934 2495/33/1090
f 2494/29/1934 2493/33/1093 2496/29/1935
f 2497/31/1936 2498/29/1930 2496/29/1937
f 2498/29/1930 2497/31/1936 2499/31/1938
f 2500/33/1939 2501/29/1940 2502/33/1941
f 2503/29/1942 2501/29/1940 2500/33/1939
f 2504/29/1943 2503/29/1944 2505/31/1945
f 2504/29/1943 2505/31/1945 2506/31/1155
f 2507/29/1937 2508/31/1946 2509/31/1936
f 2508/31/1946 2507/29/1937 2510/29/1943
f 2511/29/1935 2512/33/1947 2510/29/1948
f 2512/33/1947 2511/29/1935 2513/33/1949
f 2514/9/1950 2515/10/1951 2516/10/1952
f 2515/10/1951 2514/9/1950 2517/9/1953
f 2514/9/1950 2518/8/1954 2517/9/1953
f 2515/10/1951 2519/11/710 2516/10/1952
f 2519/11/710 2515/10/1951 2520/11/1955
f 2521/12/1956 2519/11/710 2520/11/1955
f 2522/11/1957 2516/10/1952 2519/11/710
f 2516/10/1952 2522/11/1957 2523/10/1958
f 2516/10/1952 2523/10/1958 2514/9/1950
f 2523/10/1958 2524/9/1959 2514/9/1950
f 2525/8/1960 2514/9/1950 2524/9/1959
f 2518/8/1954 2514/9/1950 2526/8/1961
f 2514/9/1950 2525/8/1960 2526/8/1961
f 2526/8/1961 2527/5/1962 2518/8/1954
f 2528/12/1963 2522/11/1957 2519/11/710
f 2519/11/710 2521/12/1956 2528/12/1963
f 2522/11/1957 2528/12/1963 2529/12/1964
f 2530/13/1965 2528/12/1963 2521/12/1956
f 2530/13/1965 2529/12/1964 2528/12/1963
f 2530/13/1965 2521/12/1956 2531/13/1966
f 2529/12/1964 2530/13/1965 2532/13/1967
f 2526/8/1961 2525/8/1960 2533/5/1968
f 2526/8/1961 2533/5/1968 2527/5/1962
f 2525/8/1960 2534/5/1969 2533/5/1968
f 2535/6/1970 2533/5/1968 2534/5/1969
f 2536/6/1971 2527/5/1962 2533/5/1968
f 2533/5/1968 2535/6/1970 2536/6/1971
f 2527/5/1962 2536/6/1971 2537/6/1972
f 2538/7/1973 2536/6/1971 2535/6/1970
f 2538/7/1973 2537/6/1972 2536/6/1971
f 2538/7/1973 2535/6/1970 2539/7/1974
f 2537/6/1972 2538/7/1973 2540/7/1975
